worker_id,name,phone
W00001,Aarav Sharma,+91 90000 00001
W00002,Vihaan Verma,+91 90000 00002
W00003,Aditya Chopra,+91 90000 00003
W00004,Arjun Kumar,+91 90000 00004
W00005,Rohan Gupta,+91 90000 00005
W00006,Rahul Malhotra,+91 90000 00006
W00007,Karan Patel,+91 90000 00007
W00008,Vikram Singh,+91 90000 00008
W00009,Siddharth Shah,+91 90000 00009
W00010,Ravi Reddy,+91 90000 00010
W00011,Aman Joshi,+91 90000 00011
W00012,Akash Bhat,+91 90000 00012
W00013,Varun Iyer,+91 90000 00013
W00014,Nikhil Rao,+91 90000 00014
W00015,Sanjay Kapoor,+91 90000 00015
W00016,Priya Nair,+91 90000 00016
W00017,Ananya Das,+91 90000 00017
W00018,Isha Mishra,+91 90000 00018
W00019,Kavya Mehta,+91 90000 00019
W00020,Neha Menon,+91 90000 00020
W00021,Pooja Sharma,+91 90000 00021
W00022,Sneha Verma,+91 90000 00022
W00023,Meera Chopra,+91 90000 00023
W00024,Riya Kumar,+91 90000 00024
W00025,Aditi Gupta,+91 90000 00025
W00026,Aarav Malhotra,+91 90000 00026
W00027,Vihaan Patel,+91 90000 00027
W00028,Aditya Singh,+91 90000 00028
W00029,Arjun Shah,+91 90000 00029
W00030,Rohan Reddy,+91 90000 00030
W00031,Rahul Joshi,+91 90000 00031
W00032,Karan Bhat,+91 90000 00032
W00033,Vikram Iyer,+91 90000 00033
W00034,Siddharth Rao,+91 90000 00034
W00035,Ravi Kapoor,+91 90000 00035
W00036,Aman Nair,+91 90000 00036
W00037,Akash Das,+91 90000 00037
W00038,Varun Mishra,+91 90000 00038
W00039,Nikhil Mehta,+91 90000 00039
W00040,Sanjay Menon,+91 90000 00040
W00041,Priya Sharma,+91 90000 00041
W00042,Ananya Verma,+91 90000 00042
W00043,Isha Chopra,+91 90000 00043
W00044,Kavya Kumar,+91 90000 00044
W00045,Neha Gupta,+91 90000 00045
W00046,Pooja Malhotra,+91 90000 00046
W00047,Sneha Patel,+91 90000 00047
W00048,Meera Singh,+91 90000 00048
W00049,Riya Shah,+91 90000 00049
W00050,Aditi Reddy,+91 90000 00050
W00051,Aarav Joshi,+91 90000 00051
W00052,Vihaan Bhat,+91 90000 00052
W00053,Aditya Iyer,+91 90000 00053
W00054,Arjun Rao,+91 90000 00054
W00055,Rohan Kapoor,+91 90000 00055
W00056,Rahul Nair,+91 90000 00056
W00057,Karan Das,+91 90000 00057
W00058,Vikram Mishra,+91 90000 00058
W00059,Siddharth Mehta,+91 90000 00059
W00060,Ravi Menon,+91 90000 00060
W00061,Aman Sharma,+91 90000 00061
W00062,Akash Verma,+91 90000 00062
W00063,Varun Chopra,+91 90000 00063
W00064,Nikhil Kumar,+91 90000 00064
W00065,Sanjay Gupta,+91 90000 00065
W00066,Priya Malhotra,+91 90000 00066
W00067,Ananya Patel,+91 90000 00067
W00068,Isha Singh,+91 90000 00068
W00069,Kavya Shah,+91 90000 00069
W00070,Neha Reddy,+91 90000 00070
W00071,Pooja Joshi,+91 90000 00071
W00072,Sneha Bhat,+91 90000 00072
W00073,Meera Iyer,+91 90000 00073
W00074,Riya Rao,+91 90000 00074
W00075,Aditi Kapoor,+91 90000 00075
W00076,Aarav Nair,+91 90000 00076
W00077,Vihaan Das,+91 90000 00077
W00078,Aditya Mishra,+91 90000 00078
W00079,Arjun Mehta,+91 90000 00079
W00080,Rohan Menon,+91 90000 00080
W00081,Rahul Sharma,+91 90000 00081
W00082,Karan Verma,+91 90000 00082
W00083,Vikram Chopra,+91 90000 00083
W00084,Siddharth Kumar,+91 90000 00084
W00085,Ravi Gupta,+91 90000 00085
W00086,Aman Malhotra,+91 90000 00086
W00087,Akash Patel,+91 90000 00087
W00088,Varun Singh,+91 90000 00088
W00089,Nikhil Shah,+91 90000 00089
W00090,Sanjay Reddy,+91 90000 00090
W00091,Priya Joshi,+91 90000 00091
W00092,Ananya Bhat,+91 90000 00092
W00093,Isha Iyer,+91 90000 00093
W00094,Kavya Rao,+91 90000 00094
W00095,Neha Kapoor,+91 90000 00095
W00096,Pooja Nair,+91 90000 00096
W00097,Sneha Das,+91 90000 00097
W00098,Meera Mishra,+91 90000 00098
W00099,Riya Mehta,+91 90000 00099
W00100,Aditi Menon,+91 90000 00100
W00101,Aarav Sharma,+91 90000 00101
W00102,Vihaan Verma,+91 90000 00102
W00103,Aditya Chopra,+91 90000 00103
W00104,Arjun Kumar,+91 90000 00104
W00105,Rohan Gupta,+91 90000 00105
W00106,Rahul Malhotra,+91 90000 00106
W00107,Karan Patel,+91 90000 00107
W00108,Vikram Singh,+91 90000 00108
W00109,Siddharth Shah,+91 90000 00109
W00110,Ravi Reddy,+91 90000 00110
W00111,Aman Joshi,+91 90000 00111
W00112,Akash Bhat,+91 90000 00112
W00113,Varun Iyer,+91 90000 00113
W00114,Nikhil Rao,+91 90000 00114
W00115,Sanjay Kapoor,+91 90000 00115
W00116,Priya Nair,+91 90000 00116
W00117,Ananya Das,+91 90000 00117
W00118,Isha Mishra,+91 90000 00118
W00119,Kavya Mehta,+91 90000 00119
W00120,Neha Menon,+91 90000 00120
W00121,Pooja Sharma,+91 90000 00121
W00122,Sneha Verma,+91 90000 00122
W00123,Meera Chopra,+91 90000 00123
W00124,Riya Kumar,+91 90000 00124
W00125,Aditi Gupta,+91 90000 00125
W00126,Aarav Malhotra,+91 90000 00126
W00127,Vihaan Patel,+91 90000 00127
W00128,Aditya Singh,+91 90000 00128
W00129,Arjun Shah,+91 90000 00129
W00130,Rohan Reddy,+91 90000 00130
W00131,Rahul Joshi,+91 90000 00131
W00132,Karan Bhat,+91 90000 00132
W00133,Vikram Iyer,+91 90000 00133
W00134,Siddharth Rao,+91 90000 00134
W00135,Ravi Kapoor,+91 90000 00135
W00136,Aman Nair,+91 90000 00136
W00137,Akash Das,+91 90000 00137
W00138,Varun Mishra,+91 90000 00138
W00139,Nikhil Mehta,+91 90000 00139
W00140,Sanjay Menon,+91 90000 00140
W00141,Priya Sharma,+91 90000 00141
W00142,Ananya Verma,+91 90000 00142
W00143,Isha Chopra,+91 90000 00143
W00144,Kavya Kumar,+91 90000 00144
W00145,Neha Gupta,+91 90000 00145
W00146,Pooja Malhotra,+91 90000 00146
W00147,Sneha Patel,+91 90000 00147
W00148,Meera Singh,+91 90000 00148
W00149,Riya Shah,+91 90000 00149
W00150,Aditi Reddy,+91 90000 00150
W00151,Aarav Joshi,+91 90000 00151
W00152,Vihaan Bhat,+91 90000 00152
W00153,Aditya Iyer,+91 90000 00153
W00154,Arjun Rao,+91 90000 00154
W00155,Rohan Kapoor,+91 90000 00155
W00156,Rahul Nair,+91 90000 00156
W00157,Karan Das,+91 90000 00157
W00158,Vikram Mishra,+91 90000 00158
W00159,Siddharth Mehta,+91 90000 00159
W00160,Ravi Menon,+91 90000 00160
W00161,Aman Sharma,+91 90000 00161
W00162,Akash Verma,+91 90000 00162
W00163,Varun Chopra,+91 90000 00163
W00164,Nikhil Kumar,+91 90000 00164
W00165,Sanjay Gupta,+91 90000 00165
W00166,Priya Malhotra,+91 90000 00166
W00167,Ananya Patel,+91 90000 00167
W00168,Isha Singh,+91 90000 00168
W00169,Kavya Shah,+91 90000 00169
W00170,Neha Reddy,+91 90000 00170
W00171,Pooja Joshi,+91 90000 00171
W00172,Sneha Bhat,+91 90000 00172
W00173,Meera Iyer,+91 90000 00173
W00174,Riya Rao,+91 90000 00174
W00175,Aditi Kapoor,+91 90000 00175
W00176,Aarav Nair,+91 90000 00176
W00177,Vihaan Das,+91 90000 00177
W00178,Aditya Mishra,+91 90000 00178
W00179,Arjun Mehta,+91 90000 00179
W00180,Rohan Menon,+91 90000 00180
W00181,Rahul Sharma,+91 90000 00181
W00182,Karan Verma,+91 90000 00182
W00183,Vikram Chopra,+91 90000 00183
W00184,Siddharth Kumar,+91 90000 00184
W00185,Ravi Gupta,+91 90000 00185
W00186,Aman Malhotra,+91 90000 00186
W00187,Akash Patel,+91 90000 00187
W00188,Varun Singh,+91 90000 00188
W00189,Nikhil Shah,+91 90000 00189
W00190,Sanjay Reddy,+91 90000 00190
W00191,Priya Joshi,+91 90000 00191
W00192,Ananya Bhat,+91 90000 00192
W00193,Isha Iyer,+91 90000 00193
W00194,Kavya Rao,+91 90000 00194
W00195,Neha Kapoor,+91 90000 00195
W00196,Pooja Nair,+91 90000 00196
W00197,Sneha Das,+91 90000 00197
W00198,Meera Mishra,+91 90000 00198
W00199,Riya Mehta,+91 90000 00199
W00200,Aditi Menon,+91 90000 00200
W00201,Aarav Sharma,+91 90000 00201
W00202,Vihaan Verma,+91 90000 00202
W00203,Aditya Chopra,+91 90000 00203
W00204,Arjun Kumar,+91 90000 00204
W00205,Rohan Gupta,+91 90000 00205
W00206,Rahul Malhotra,+91 90000 00206
W00207,Karan Patel,+91 90000 00207
W00208,Vikram Singh,+91 90000 00208
W00209,Siddharth Shah,+91 90000 00209
W00210,Ravi Reddy,+91 90000 00210
W00211,Aman Joshi,+91 90000 00211
W00212,Akash Bhat,+91 90000 00212
W00213,Varun Iyer,+91 90000 00213
W00214,Nikhil Rao,+91 90000 00214
W00215,Sanjay Kapoor,+91 90000 00215
W00216,Priya Nair,+91 90000 00216
W00217,Ananya Das,+91 90000 00217
W00218,Isha Mishra,+91 90000 00218
W00219,Kavya Mehta,+91 90000 00219
W00220,Neha Menon,+91 90000 00220
W00221,Pooja Sharma,+91 90000 00221
W00222,Sneha Verma,+91 90000 00222
W00223,Meera Chopra,+91 90000 00223
W00224,Riya Kumar,+91 90000 00224
W00225,Aditi Gupta,+91 90000 00225
W00226,Aarav Malhotra,+91 90000 00226
W00227,Vihaan Patel,+91 90000 00227
W00228,Aditya Singh,+91 90000 00228
W00229,Arjun Shah,+91 90000 00229
W00230,Rohan Reddy,+91 90000 00230
W00231,Rahul Joshi,+91 90000 00231
W00232,Karan Bhat,+91 90000 00232
W00233,Vikram Iyer,+91 90000 00233
W00234,Siddharth Rao,+91 90000 00234
W00235,Ravi Kapoor,+91 90000 00235
W00236,Aman Nair,+91 90000 00236
W00237,Akash Das,+91 90000 00237
W00238,Varun Mishra,+91 90000 00238
W00239,Nikhil Mehta,+91 90000 00239
W00240,Sanjay Menon,+91 90000 00240
W00241,Priya Sharma,+91 90000 00241
W00242,Ananya Verma,+91 90000 00242
W00243,Isha Chopra,+91 90000 00243
W00244,Kavya Kumar,+91 90000 00244
W00245,Neha Gupta,+91 90000 00245
W00246,Pooja Malhotra,+91 90000 00246
W00247,Sneha Patel,+91 90000 00247
W00248,Meera Singh,+91 90000 00248
W00249,Riya Shah,+91 90000 00249
W00250,Aditi Reddy,+91 90000 00250
W00251,Aarav Joshi,+91 90000 00251
W00252,Vihaan Bhat,+91 90000 00252
W00253,Aditya Iyer,+91 90000 00253
W00254,Arjun Rao,+91 90000 00254
W00255,Rohan Kapoor,+91 90000 00255
W00256,Rahul Nair,+91 90000 00256
W00257,Karan Das,+91 90000 00257
W00258,Vikram Mishra,+91 90000 00258
W00259,Siddharth Mehta,+91 90000 00259
W00260,Ravi Menon,+91 90000 00260
W00261,Aman Sharma,+91 90000 00261
W00262,Akash Verma,+91 90000 00262
W00263,Varun Chopra,+91 90000 00263
W00264,Nikhil Kumar,+91 90000 00264
W00265,Sanjay Gupta,+91 90000 00265
W00266,Priya Malhotra,+91 90000 00266
W00267,Ananya Patel,+91 90000 00267
W00268,Isha Singh,+91 90000 00268
W00269,Kavya Shah,+91 90000 00269
W00270,Neha Reddy,+91 90000 00270
W00271,Pooja Joshi,+91 90000 00271
W00272,Sneha Bhat,+91 90000 00272
W00273,Meera Iyer,+91 90000 00273
W00274,Riya Rao,+91 90000 00274
W00275,Aditi Kapoor,+91 90000 00275
W00276,Aarav Nair,+91 90000 00276
W00277,Vihaan Das,+91 90000 00277
W00278,Aditya Mishra,+91 90000 00278
W00279,Arjun Mehta,+91 90000 00279
W00280,Rohan Menon,+91 90000 00280
W00281,Rahul Sharma,+91 90000 00281
W00282,Karan Verma,+91 90000 00282
W00283,Vikram Chopra,+91 90000 00283
W00284,Siddharth Kumar,+91 90000 00284
W00285,Ravi Gupta,+91 90000 00285
W00286,Aman Malhotra,+91 90000 00286
W00287,Akash Patel,+91 90000 00287
W00288,Varun Singh,+91 90000 00288
W00289,Nikhil Shah,+91 90000 00289
W00290,Sanjay Reddy,+91 90000 00290
W00291,Priya Joshi,+91 90000 00291
W00292,Ananya Bhat,+91 90000 00292
W00293,Isha Iyer,+91 90000 00293
W00294,Kavya Rao,+91 90000 00294
W00295,Neha Kapoor,+91 90000 00295
W00296,Pooja Nair,+91 90000 00296
W00297,Sneha Das,+91 90000 00297
W00298,Meera Mishra,+91 90000 00298
W00299,Riya Mehta,+91 90000 00299
W00300,Aditi Menon,+91 90000 00300
W00301,Aarav Sharma,+91 90000 00301
W00302,Vihaan Verma,+91 90000 00302
W00303,Aditya Chopra,+91 90000 00303
W00304,Arjun Kumar,+91 90000 00304
W00305,Rohan Gupta,+91 90000 00305
W00306,Rahul Malhotra,+91 90000 00306
W00307,Karan Patel,+91 90000 00307
W00308,Vikram Singh,+91 90000 00308
W00309,Siddharth Shah,+91 90000 00309
W00310,Ravi Reddy,+91 90000 00310
W00311,Aman Joshi,+91 90000 00311
W00312,Akash Bhat,+91 90000 00312
W00313,Varun Iyer,+91 90000 00313
W00314,Nikhil Rao,+91 90000 00314
W00315,Sanjay Kapoor,+91 90000 00315
W00316,Priya Nair,+91 90000 00316
W00317,Ananya Das,+91 90000 00317
W00318,Isha Mishra,+91 90000 00318
W00319,Kavya Mehta,+91 90000 00319
W00320,Neha Menon,+91 90000 00320
W00321,Pooja Sharma,+91 90000 00321
W00322,Sneha Verma,+91 90000 00322
W00323,Meera Chopra,+91 90000 00323
W00324,Riya Kumar,+91 90000 00324
W00325,Aditi Gupta,+91 90000 00325
W00326,Aarav Malhotra,+91 90000 00326
W00327,Vihaan Patel,+91 90000 00327
W00328,Aditya Singh,+91 90000 00328
W00329,Arjun Shah,+91 90000 00329
W00330,Rohan Reddy,+91 90000 00330
W00331,Rahul Joshi,+91 90000 00331
W00332,Karan Bhat,+91 90000 00332
W00333,Vikram Iyer,+91 90000 00333
W00334,Siddharth Rao,+91 90000 00334
W00335,Ravi Kapoor,+91 90000 00335
W00336,Aman Nair,+91 90000 00336
W00337,Akash Das,+91 90000 00337
W00338,Varun Mishra,+91 90000 00338
W00339,Nikhil Mehta,+91 90000 00339
W00340,Sanjay Menon,+91 90000 00340
W00341,Priya Sharma,+91 90000 00341
W00342,Ananya Verma,+91 90000 00342
W00343,Isha Chopra,+91 90000 00343
W00344,Kavya Kumar,+91 90000 00344
W00345,Neha Gupta,+91 90000 00345
W00346,Pooja Malhotra,+91 90000 00346
W00347,Sneha Patel,+91 90000 00347
W00348,Meera Singh,+91 90000 00348
W00349,Riya Shah,+91 90000 00349
W00350,Aditi Reddy,+91 90000 00350
W00351,Aarav Joshi,+91 90000 00351
W00352,Vihaan Bhat,+91 90000 00352
W00353,Aditya Iyer,+91 90000 00353
W00354,Arjun Rao,+91 90000 00354
W00355,Rohan Kapoor,+91 90000 00355
W00356,Rahul Nair,+91 90000 00356
W00357,Karan Das,+91 90000 00357
W00358,Vikram Mishra,+91 90000 00358
W00359,Siddharth Mehta,+91 90000 00359
W00360,Ravi Menon,+91 90000 00360
W00361,Aman Sharma,+91 90000 00361
W00362,Akash Verma,+91 90000 00362
W00363,Varun Chopra,+91 90000 00363
W00364,Nikhil Kumar,+91 90000 00364
W00365,Sanjay Gupta,+91 90000 00365
W00366,Priya Malhotra,+91 90000 00366
W00367,Ananya Patel,+91 90000 00367
W00368,Isha Singh,+91 90000 00368
W00369,Kavya Shah,+91 90000 00369
W00370,Neha Reddy,+91 90000 00370
W00371,Pooja Joshi,+91 90000 00371
W00372,Sneha Bhat,+91 90000 00372
W00373,Meera Iyer,+91 90000 00373
W00374,Riya Rao,+91 90000 00374
W00375,Aditi Kapoor,+91 90000 00375
W00376,Aarav Nair,+91 90000 00376
W00377,Vihaan Das,+91 90000 00377
W00378,Aditya Mishra,+91 90000 00378
W00379,Arjun Mehta,+91 90000 00379
W00380,Rohan Menon,+91 90000 00380
W00381,Rahul Sharma,+91 90000 00381
W00382,Karan Verma,+91 90000 00382
W00383,Vikram Chopra,+91 90000 00383
W00384,Siddharth Kumar,+91 90000 00384
W00385,Ravi Gupta,+91 90000 00385
W00386,Aman Malhotra,+91 90000 00386
W00387,Akash Patel,+91 90000 00387
W00388,Varun Singh,+91 90000 00388
W00389,Nikhil Shah,+91 90000 00389
W00390,Sanjay Reddy,+91 90000 00390
W00391,Priya Joshi,+91 90000 00391
W00392,Ananya Bhat,+91 90000 00392
W00393,Isha Iyer,+91 90000 00393
W00394,Kavya Rao,+91 90000 00394
W00395,Neha Kapoor,+91 90000 00395
W00396,Pooja Nair,+91 90000 00396
W00397,Sneha Das,+91 90000 00397
W00398,Meera Mishra,+91 90000 00398
W00399,Riya Mehta,+91 90000 00399
W00400,Aditi Menon,+91 90000 00400
W00401,Aarav Sharma,+91 90000 00401
W00402,Vihaan Verma,+91 90000 00402
W00403,Aditya Chopra,+91 90000 00403
W00404,Arjun Kumar,+91 90000 00404
W00405,Rohan Gupta,+91 90000 00405
W00406,Rahul Malhotra,+91 90000 00406
W00407,Karan Patel,+91 90000 00407
W00408,Vikram Singh,+91 90000 00408
W00409,Siddharth Shah,+91 90000 00409
W00410,Ravi Reddy,+91 90000 00410
W00411,Aman Joshi,+91 90000 00411
W00412,Akash Bhat,+91 90000 00412
W00413,Varun Iyer,+91 90000 00413
W00414,Nikhil Rao,+91 90000 00414
W00415,Sanjay Kapoor,+91 90000 00415
W00416,Priya Nair,+91 90000 00416
W00417,Ananya Das,+91 90000 00417
W00418,Isha Mishra,+91 90000 00418
W00419,Kavya Mehta,+91 90000 00419
W00420,Neha Menon,+91 90000 00420
W00421,Pooja Sharma,+91 90000 00421
W00422,Sneha Verma,+91 90000 00422
W00423,Meera Chopra,+91 90000 00423
W00424,Riya Kumar,+91 90000 00424
W00425,Aditi Gupta,+91 90000 00425
W00426,Aarav Malhotra,+91 90000 00426
W00427,Vihaan Patel,+91 90000 00427
W00428,Aditya Singh,+91 90000 00428
W00429,Arjun Shah,+91 90000 00429
W00430,Rohan Reddy,+91 90000 00430
W00431,Rahul Joshi,+91 90000 00431
W00432,Karan Bhat,+91 90000 00432
W00433,Vikram Iyer,+91 90000 00433
W00434,Siddharth Rao,+91 90000 00434
W00435,Ravi Kapoor,+91 90000 00435
W00436,Aman Nair,+91 90000 00436
W00437,Akash Das,+91 90000 00437
W00438,Varun Mishra,+91 90000 00438
W00439,Nikhil Mehta,+91 90000 00439
W00440,Sanjay Menon,+91 90000 00440
W00441,Priya Sharma,+91 90000 00441
W00442,Ananya Verma,+91 90000 00442
W00443,Isha Chopra,+91 90000 00443
W00444,Kavya Kumar,+91 90000 00444
W00445,Neha Gupta,+91 90000 00445
W00446,Pooja Malhotra,+91 90000 00446
W00447,Sneha Patel,+91 90000 00447
W00448,Meera Singh,+91 90000 00448
W00449,Riya Shah,+91 90000 00449
W00450,Aditi Reddy,+91 90000 00450
W00451,Aarav Joshi,+91 90000 00451
W00452,Vihaan Bhat,+91 90000 00452
W00453,Aditya Iyer,+91 90000 00453
W00454,Arjun Rao,+91 90000 00454
W00455,Rohan Kapoor,+91 90000 00455
W00456,Rahul Nair,+91 90000 00456
W00457,Karan Das,+91 90000 00457
W00458,Vikram Mishra,+91 90000 00458
W00459,Siddharth Mehta,+91 90000 00459
W00460,Ravi Menon,+91 90000 00460
W00461,Aman Sharma,+91 90000 00461
W00462,Akash Verma,+91 90000 00462
W00463,Varun Chopra,+91 90000 00463
W00464,Nikhil Kumar,+91 90000 00464
W00465,Sanjay Gupta,+91 90000 00465
W00466,Priya Malhotra,+91 90000 00466
W00467,Ananya Patel,+91 90000 00467
W00468,Isha Singh,+91 90000 00468
W00469,Kavya Shah,+91 90000 00469
W00470,Neha Reddy,+91 90000 00470
W00471,Pooja Joshi,+91 90000 00471
W00472,Sneha Bhat,+91 90000 00472
W00473,Meera Iyer,+91 90000 00473
W00474,Riya Rao,+91 90000 00474
W00475,Aditi Kapoor,+91 90000 00475
W00476,Aarav Nair,+91 90000 00476
W00477,Vihaan Das,+91 90000 00477
W00478,Aditya Mishra,+91 90000 00478
W00479,Arjun Mehta,+91 90000 00479
W00480,Rohan Menon,+91 90000 00480
W00481,Rahul Sharma,+91 90000 00481
W00482,Karan Verma,+91 90000 00482
W00483,Vikram Chopra,+91 90000 00483
W00484,Siddharth Kumar,+91 90000 00484
W00485,Ravi Gupta,+91 90000 00485
W00486,Aman Malhotra,+91 90000 00486
W00487,Akash Patel,+91 90000 00487
W00488,Varun Singh,+91 90000 00488
W00489,Nikhil Shah,+91 90000 00489
W00490,Sanjay Reddy,+91 90000 00490
W00491,Priya Joshi,+91 90000 00491
W00492,Ananya Bhat,+91 90000 00492
W00493,Isha Iyer,+91 90000 00493
W00494,Kavya Rao,+91 90000 00494
W00495,Neha Kapoor,+91 90000 00495
W00496,Pooja Nair,+91 90000 00496
W00497,Sneha Das,+91 90000 00497
W00498,Meera Mishra,+91 90000 00498
W00499,Riya Mehta,+91 90000 00499
W00500,Aditi Menon,+91 90000 00500
W00501,Aarav Sharma,+91 90000 00501
W00502,Vihaan Verma,+91 90000 00502
W00503,Aditya Chopra,+91 90000 00503
W00504,Arjun Kumar,+91 90000 00504
W00505,Rohan Gupta,+91 90000 00505
W00506,Rahul Malhotra,+91 90000 00506
W00507,Karan Patel,+91 90000 00507
W00508,Vikram Singh,+91 90000 00508
W00509,Siddharth Shah,+91 90000 00509
W00510,Ravi Reddy,+91 90000 00510
W00511,Aman Joshi,+91 90000 00511
W00512,Akash Bhat,+91 90000 00512
W00513,Varun Iyer,+91 90000 00513
W00514,Nikhil Rao,+91 90000 00514
W00515,Sanjay Kapoor,+91 90000 00515
W00516,Priya Nair,+91 90000 00516
W00517,Ananya Das,+91 90000 00517
W00518,Isha Mishra,+91 90000 00518
W00519,Kavya Mehta,+91 90000 00519
W00520,Neha Menon,+91 90000 00520
W00521,Pooja Sharma,+91 90000 00521
W00522,Sneha Verma,+91 90000 00522
W00523,Meera Chopra,+91 90000 00523
W00524,Riya Kumar,+91 90000 00524
W00525,Aditi Gupta,+91 90000 00525
W00526,Aarav Malhotra,+91 90000 00526
W00527,Vihaan Patel,+91 90000 00527
W00528,Aditya Singh,+91 90000 00528
W00529,Arjun Shah,+91 90000 00529
W00530,Rohan Reddy,+91 90000 00530
W00531,Rahul Joshi,+91 90000 00531
W00532,Karan Bhat,+91 90000 00532
W00533,Vikram Iyer,+91 90000 00533
W00534,Siddharth Rao,+91 90000 00534
W00535,Ravi Kapoor,+91 90000 00535
W00536,Aman Nair,+91 90000 00536
W00537,Akash Das,+91 90000 00537
W00538,Varun Mishra,+91 90000 00538
W00539,Nikhil Mehta,+91 90000 00539
W00540,Sanjay Menon,+91 90000 00540
W00541,Priya Sharma,+91 90000 00541
W00542,Ananya Verma,+91 90000 00542
W00543,Isha Chopra,+91 90000 00543
W00544,Kavya Kumar,+91 90000 00544
W00545,Neha Gupta,+91 90000 00545
W00546,Pooja Malhotra,+91 90000 00546
W00547,Sneha Patel,+91 90000 00547
W00548,Meera Singh,+91 90000 00548
W00549,Riya Shah,+91 90000 00549
W00550,Aditi Reddy,+91 90000 00550
W00551,Aarav Joshi,+91 90000 00551
W00552,Vihaan Bhat,+91 90000 00552
W00553,Aditya Iyer,+91 90000 00553
W00554,Arjun Rao,+91 90000 00554
W00555,Rohan Kapoor,+91 90000 00555
W00556,Rahul Nair,+91 90000 00556
W00557,Karan Das,+91 90000 00557
W00558,Vikram Mishra,+91 90000 00558
W00559,Siddharth Mehta,+91 90000 00559
W00560,Ravi Menon,+91 90000 00560
W00561,Aman Sharma,+91 90000 00561
W00562,Akash Verma,+91 90000 00562
W00563,Varun Chopra,+91 90000 00563
W00564,Nikhil Kumar,+91 90000 00564
W00565,Sanjay Gupta,+91 90000 00565
W00566,Priya Malhotra,+91 90000 00566
W00567,Ananya Patel,+91 90000 00567
W00568,Isha Singh,+91 90000 00568
W00569,Kavya Shah,+91 90000 00569
W00570,Neha Reddy,+91 90000 00570
W00571,Pooja Joshi,+91 90000 00571
W00572,Sneha Bhat,+91 90000 00572
W00573,Meera Iyer,+91 90000 00573
W00574,Riya Rao,+91 90000 00574
W00575,Aditi Kapoor,+91 90000 00575
W00576,Aarav Nair,+91 90000 00576
W00577,Vihaan Das,+91 90000 00577
W00578,Aditya Mishra,+91 90000 00578
W00579,Arjun Mehta,+91 90000 00579
W00580,Rohan Menon,+91 90000 00580
W00581,Rahul Sharma,+91 90000 00581
W00582,Karan Verma,+91 90000 00582
W00583,Vikram Chopra,+91 90000 00583
W00584,Siddharth Kumar,+91 90000 00584
W00585,Ravi Gupta,+91 90000 00585
W00586,Aman Malhotra,+91 90000 00586
W00587,Akash Patel,+91 90000 00587
W00588,Varun Singh,+91 90000 00588
W00589,Nikhil Shah,+91 90000 00589
W00590,Sanjay Reddy,+91 90000 00590
W00591,Priya Joshi,+91 90000 00591
W00592,Ananya Bhat,+91 90000 00592
W00593,Isha Iyer,+91 90000 00593
W00594,Kavya Rao,+91 90000 00594
W00595,Neha Kapoor,+91 90000 00595
W00596,Pooja Nair,+91 90000 00596
W00597,Sneha Das,+91 90000 00597
W00598,Meera Mishra,+91 90000 00598
W00599,Riya Mehta,+91 90000 00599
W00600,Aditi Menon,+91 90000 00600
W00601,Aarav Sharma,+91 90000 00601
W00602,Vihaan Verma,+91 90000 00602
W00603,Aditya Chopra,+91 90000 00603
W00604,Arjun Kumar,+91 90000 00604
W00605,Rohan Gupta,+91 90000 00605
W00606,Rahul Malhotra,+91 90000 00606
W00607,Karan Patel,+91 90000 00607
W00608,Vikram Singh,+91 90000 00608
W00609,Siddharth Shah,+91 90000 00609
W00610,Ravi Reddy,+91 90000 00610
W00611,Aman Joshi,+91 90000 00611
W00612,Akash Bhat,+91 90000 00612
W00613,Varun Iyer,+91 90000 00613
W00614,Nikhil Rao,+91 90000 00614
W00615,Sanjay Kapoor,+91 90000 00615
W00616,Priya Nair,+91 90000 00616
W00617,Ananya Das,+91 90000 00617
W00618,Isha Mishra,+91 90000 00618
W00619,Kavya Mehta,+91 90000 00619
W00620,Neha Menon,+91 90000 00620
W00621,Pooja Sharma,+91 90000 00621
W00622,Sneha Verma,+91 90000 00622
W00623,Meera Chopra,+91 90000 00623
W00624,Riya Kumar,+91 90000 00624
W00625,Aditi Gupta,+91 90000 00625
W00626,Aarav Malhotra,+91 90000 00626
W00627,Vihaan Patel,+91 90000 00627
W00628,Aditya Singh,+91 90000 00628
W00629,Arjun Shah,+91 90000 00629
W00630,Rohan Reddy,+91 90000 00630
W00631,Rahul Joshi,+91 90000 00631
W00632,Karan Bhat,+91 90000 00632
W00633,Vikram Iyer,+91 90000 00633
W00634,Siddharth Rao,+91 90000 00634
W00635,Ravi Kapoor,+91 90000 00635
W00636,Aman Nair,+91 90000 00636
W00637,Akash Das,+91 90000 00637
W00638,Varun Mishra,+91 90000 00638
W00639,Nikhil Mehta,+91 90000 00639
W00640,Sanjay Menon,+91 90000 00640
W00641,Priya Sharma,+91 90000 00641
W00642,Ananya Verma,+91 90000 00642
W00643,Isha Chopra,+91 90000 00643
W00644,Kavya Kumar,+91 90000 00644
W00645,Neha Gupta,+91 90000 00645
W00646,Pooja Malhotra,+91 90000 00646
W00647,Sneha Patel,+91 90000 00647
W00648,Meera Singh,+91 90000 00648
W00649,Riya Shah,+91 90000 00649
W00650,Aditi Reddy,+91 90000 00650
W00651,Aarav Joshi,+91 90000 00651
W00652,Vihaan Bhat,+91 90000 00652
W00653,Aditya Iyer,+91 90000 00653
W00654,Arjun Rao,+91 90000 00654
W00655,Rohan Kapoor,+91 90000 00655
W00656,Rahul Nair,+91 90000 00656
W00657,Karan Das,+91 90000 00657
W00658,Vikram Mishra,+91 90000 00658
W00659,Siddharth Mehta,+91 90000 00659
W00660,Ravi Menon,+91 90000 00660
W00661,Aman Sharma,+91 90000 00661
W00662,Akash Verma,+91 90000 00662
W00663,Varun Chopra,+91 90000 00663
W00664,Nikhil Kumar,+91 90000 00664
W00665,Sanjay Gupta,+91 90000 00665
W00666,Priya Malhotra,+91 90000 00666
W00667,Ananya Patel,+91 90000 00667
W00668,Isha Singh,+91 90000 00668
W00669,Kavya Shah,+91 90000 00669
W00670,Neha Reddy,+91 90000 00670
W00671,Pooja Joshi,+91 90000 00671
W00672,Sneha Bhat,+91 90000 00672
W00673,Meera Iyer,+91 90000 00673
W00674,Riya Rao,+91 90000 00674
W00675,Aditi Kapoor,+91 90000 00675
W00676,Aarav Nair,+91 90000 00676
W00677,Vihaan Das,+91 90000 00677
W00678,Aditya Mishra,+91 90000 00678
W00679,Arjun Mehta,+91 90000 00679
W00680,Rohan Menon,+91 90000 00680
W00681,Rahul Sharma,+91 90000 00681
W00682,Karan Verma,+91 90000 00682
W00683,Vikram Chopra,+91 90000 00683
W00684,Siddharth Kumar,+91 90000 00684
W00685,Ravi Gupta,+91 90000 00685
W00686,Aman Malhotra,+91 90000 00686
W00687,Akash Patel,+91 90000 00687
W00688,Varun Singh,+91 90000 00688
W00689,Nikhil Shah,+91 90000 00689
W00690,Sanjay Reddy,+91 90000 00690
W00691,Priya Joshi,+91 90000 00691
W00692,Ananya Bhat,+91 90000 00692
W00693,Isha Iyer,+91 90000 00693
W00694,Kavya Rao,+91 90000 00694
W00695,Neha Kapoor,+91 90000 00695
W00696,Pooja Nair,+91 90000 00696
W00697,Sneha Das,+91 90000 00697
W00698,Meera Mishra,+91 90000 00698
W00699,Riya Mehta,+91 90000 00699
W00700,Aditi Menon,+91 90000 00700
W00701,Aarav Sharma,+91 90000 00701
W00702,Vihaan Verma,+91 90000 00702
W00703,Aditya Chopra,+91 90000 00703
W00704,Arjun Kumar,+91 90000 00704
W00705,Rohan Gupta,+91 90000 00705
W00706,Rahul Malhotra,+91 90000 00706
W00707,Karan Patel,+91 90000 00707
W00708,Vikram Singh,+91 90000 00708
W00709,Siddharth Shah,+91 90000 00709
W00710,Ravi Reddy,+91 90000 00710
W00711,Aman Joshi,+91 90000 00711
W00712,Akash Bhat,+91 90000 00712
W00713,Varun Iyer,+91 90000 00713
W00714,Nikhil Rao,+91 90000 00714
W00715,Sanjay Kapoor,+91 90000 00715
W00716,Priya Nair,+91 90000 00716
W00717,Ananya Das,+91 90000 00717
W00718,Isha Mishra,+91 90000 00718
W00719,Kavya Mehta,+91 90000 00719
W00720,Neha Menon,+91 90000 00720
W00721,Pooja Sharma,+91 90000 00721
W00722,Sneha Verma,+91 90000 00722
W00723,Meera Chopra,+91 90000 00723
W00724,Riya Kumar,+91 90000 00724
W00725,Aditi Gupta,+91 90000 00725
W00726,Aarav Malhotra,+91 90000 00726
W00727,Vihaan Patel,+91 90000 00727
W00728,Aditya Singh,+91 90000 00728
W00729,Arjun Shah,+91 90000 00729
W00730,Rohan Reddy,+91 90000 00730
W00731,Rahul Joshi,+91 90000 00731
W00732,Karan Bhat,+91 90000 00732
W00733,Vikram Iyer,+91 90000 00733
W00734,Siddharth Rao,+91 90000 00734
W00735,Ravi Kapoor,+91 90000 00735
W00736,Aman Nair,+91 90000 00736
W00737,Akash Das,+91 90000 00737
W00738,Varun Mishra,+91 90000 00738
W00739,Nikhil Mehta,+91 90000 00739
W00740,Sanjay Menon,+91 90000 00740
W00741,Priya Sharma,+91 90000 00741
W00742,Ananya Verma,+91 90000 00742
W00743,Isha Chopra,+91 90000 00743
W00744,Kavya Kumar,+91 90000 00744
W00745,Neha Gupta,+91 90000 00745
W00746,Pooja Malhotra,+91 90000 00746
W00747,Sneha Patel,+91 90000 00747
W00748,Meera Singh,+91 90000 00748
W00749,Riya Shah,+91 90000 00749
W00750,Aditi Reddy,+91 90000 00750
W00751,Aarav Joshi,+91 90000 00751
W00752,Vihaan Bhat,+91 90000 00752
W00753,Aditya Iyer,+91 90000 00753
W00754,Arjun Rao,+91 90000 00754
W00755,Rohan Kapoor,+91 90000 00755
W00756,Rahul Nair,+91 90000 00756
W00757,Karan Das,+91 90000 00757
W00758,Vikram Mishra,+91 90000 00758
W00759,Siddharth Mehta,+91 90000 00759
W00760,Ravi Menon,+91 90000 00760
W00761,Aman Sharma,+91 90000 00761
W00762,Akash Verma,+91 90000 00762
W00763,Varun Chopra,+91 90000 00763
W00764,Nikhil Kumar,+91 90000 00764
W00765,Sanjay Gupta,+91 90000 00765
W00766,Priya Malhotra,+91 90000 00766
W00767,Ananya Patel,+91 90000 00767
W00768,Isha Singh,+91 90000 00768
W00769,Kavya Shah,+91 90000 00769
W00770,Neha Reddy,+91 90000 00770
W00771,Pooja Joshi,+91 90000 00771
W00772,Sneha Bhat,+91 90000 00772
W00773,Meera Iyer,+91 90000 00773
W00774,Riya Rao,+91 90000 00774
W00775,Aditi Kapoor,+91 90000 00775
W00776,Aarav Nair,+91 90000 00776
W00777,Vihaan Das,+91 90000 00777
W00778,Aditya Mishra,+91 90000 00778
W00779,Arjun Mehta,+91 90000 00779
W00780,Rohan Menon,+91 90000 00780
W00781,Rahul Sharma,+91 90000 00781
W00782,Karan Verma,+91 90000 00782
W00783,Vikram Chopra,+91 90000 00783
W00784,Siddharth Kumar,+91 90000 00784
W00785,Ravi Gupta,+91 90000 00785
W00786,Aman Malhotra,+91 90000 00786
W00787,Akash Patel,+91 90000 00787
W00788,Varun Singh,+91 90000 00788
W00789,Nikhil Shah,+91 90000 00789
W00790,Sanjay Reddy,+91 90000 00790
W00791,Priya Joshi,+91 90000 00791
W00792,Ananya Bhat,+91 90000 00792
W00793,Isha Iyer,+91 90000 00793
W00794,Kavya Rao,+91 90000 00794
W00795,Neha Kapoor,+91 90000 00795
W00796,Pooja Nair,+91 90000 00796
W00797,Sneha Das,+91 90000 00797
W00798,Meera Mishra,+91 90000 00798
W00799,Riya Mehta,+91 90000 00799
W00800,Aditi Menon,+91 90000 00800
W00801,Aarav Sharma,+91 90000 00801
W00802,Vihaan Verma,+91 90000 00802
W00803,Aditya Chopra,+91 90000 00803
W00804,Arjun Kumar,+91 90000 00804
W00805,Rohan Gupta,+91 90000 00805
W00806,Rahul Malhotra,+91 90000 00806
W00807,Karan Patel,+91 90000 00807
W00808,Vikram Singh,+91 90000 00808
W00809,Siddharth Shah,+91 90000 00809
W00810,Ravi Reddy,+91 90000 00810
W00811,Aman Joshi,+91 90000 00811
W00812,Akash Bhat,+91 90000 00812
W00813,Varun Iyer,+91 90000 00813
W00814,Nikhil Rao,+91 90000 00814
W00815,Sanjay Kapoor,+91 90000 00815
W00816,Priya Nair,+91 90000 00816
W00817,Ananya Das,+91 90000 00817
W00818,Isha Mishra,+91 90000 00818
W00819,Kavya Mehta,+91 90000 00819
W00820,Neha Menon,+91 90000 00820
W00821,Pooja Sharma,+91 90000 00821
W00822,Sneha Verma,+91 90000 00822
W00823,Meera Chopra,+91 90000 00823
W00824,Riya Kumar,+91 90000 00824
W00825,Aditi Gupta,+91 90000 00825
W00826,Aarav Malhotra,+91 90000 00826
W00827,Vihaan Patel,+91 90000 00827
W00828,Aditya Singh,+91 90000 00828
W00829,Arjun Shah,+91 90000 00829
W00830,Rohan Reddy,+91 90000 00830
W00831,Rahul Joshi,+91 90000 00831
W00832,Karan Bhat,+91 90000 00832
W00833,Vikram Iyer,+91 90000 00833
W00834,Siddharth Rao,+91 90000 00834
W00835,Ravi Kapoor,+91 90000 00835
W00836,Aman Nair,+91 90000 00836
W00837,Akash Das,+91 90000 00837
W00838,Varun Mishra,+91 90000 00838
W00839,Nikhil Mehta,+91 90000 00839
W00840,Sanjay Menon,+91 90000 00840
W00841,Priya Sharma,+91 90000 00841
W00842,Ananya Verma,+91 90000 00842
W00843,Isha Chopra,+91 90000 00843
W00844,Kavya Kumar,+91 90000 00844
W00845,Neha Gupta,+91 90000 00845
W00846,Pooja Malhotra,+91 90000 00846
W00847,Sneha Patel,+91 90000 00847
W00848,Meera Singh,+91 90000 00848
W00849,Riya Shah,+91 90000 00849
W00850,Aditi Reddy,+91 90000 00850
W00851,Aarav Joshi,+91 90000 00851
W00852,Vihaan Bhat,+91 90000 00852
W00853,Aditya Iyer,+91 90000 00853
W00854,Arjun Rao,+91 90000 00854
W00855,Rohan Kapoor,+91 90000 00855
W00856,Rahul Nair,+91 90000 00856
W00857,Karan Das,+91 90000 00857
W00858,Vikram Mishra,+91 90000 00858
W00859,Siddharth Mehta,+91 90000 00859
W00860,Ravi Menon,+91 90000 00860
W00861,Aman Sharma,+91 90000 00861
W00862,Akash Verma,+91 90000 00862
W00863,Varun Chopra,+91 90000 00863
W00864,Nikhil Kumar,+91 90000 00864
W00865,Sanjay Gupta,+91 90000 00865
W00866,Priya Malhotra,+91 90000 00866
W00867,Ananya Patel,+91 90000 00867
W00868,Isha Singh,+91 90000 00868
W00869,Kavya Shah,+91 90000 00869
W00870,Neha Reddy,+91 90000 00870
W00871,Pooja Joshi,+91 90000 00871
W00872,Sneha Bhat,+91 90000 00872
W00873,Meera Iyer,+91 90000 00873
W00874,Riya Rao,+91 90000 00874
W00875,Aditi Kapoor,+91 90000 00875
W00876,Aarav Nair,+91 90000 00876
W00877,Vihaan Das,+91 90000 00877
W00878,Aditya Mishra,+91 90000 00878
W00879,Arjun Mehta,+91 90000 00879
W00880,Rohan Menon,+91 90000 00880
W00881,Rahul Sharma,+91 90000 00881
W00882,Karan Verma,+91 90000 00882
W00883,Vikram Chopra,+91 90000 00883
W00884,Siddharth Kumar,+91 90000 00884
W00885,Ravi Gupta,+91 90000 00885
W00886,Aman Malhotra,+91 90000 00886
W00887,Akash Patel,+91 90000 00887
W00888,Varun Singh,+91 90000 00888
W00889,Nikhil Shah,+91 90000 00889
W00890,Sanjay Reddy,+91 90000 00890
W00891,Priya Joshi,+91 90000 00891
W00892,Ananya Bhat,+91 90000 00892
W00893,Isha Iyer,+91 90000 00893
W00894,Kavya Rao,+91 90000 00894
W00895,Neha Kapoor,+91 90000 00895
W00896,Pooja Nair,+91 90000 00896
W00897,Sneha Das,+91 90000 00897
W00898,Meera Mishra,+91 90000 00898
W00899,Riya Mehta,+91 90000 00899
W00900,Aditi Menon,+91 90000 00900
W00901,Aarav Sharma,+91 90000 00901
W00902,Vihaan Verma,+91 90000 00902
W00903,Aditya Chopra,+91 90000 00903
W00904,Arjun Kumar,+91 90000 00904
W00905,Rohan Gupta,+91 90000 00905
W00906,Rahul Malhotra,+91 90000 00906
W00907,Karan Patel,+91 90000 00907
W00908,Vikram Singh,+91 90000 00908
W00909,Siddharth Shah,+91 90000 00909
W00910,Ravi Reddy,+91 90000 00910
W00911,Aman Joshi,+91 90000 00911
W00912,Akash Bhat,+91 90000 00912
W00913,Varun Iyer,+91 90000 00913
W00914,Nikhil Rao,+91 90000 00914
W00915,Sanjay Kapoor,+91 90000 00915
W00916,Priya Nair,+91 90000 00916
W00917,Ananya Das,+91 90000 00917
W00918,Isha Mishra,+91 90000 00918
W00919,Kavya Mehta,+91 90000 00919
W00920,Neha Menon,+91 90000 00920
W00921,Pooja Sharma,+91 90000 00921
W00922,Sneha Verma,+91 90000 00922
W00923,Meera Chopra,+91 90000 00923
W00924,Riya Kumar,+91 90000 00924
W00925,Aditi Gupta,+91 90000 00925
W00926,Aarav Malhotra,+91 90000 00926
W00927,Vihaan Patel,+91 90000 00927
W00928,Aditya Singh,+91 90000 00928
W00929,Arjun Shah,+91 90000 00929
W00930,Rohan Reddy,+91 90000 00930
W00931,Rahul Joshi,+91 90000 00931
W00932,Karan Bhat,+91 90000 00932
W00933,Vikram Iyer,+91 90000 00933
W00934,Siddharth Rao,+91 90000 00934
W00935,Ravi Kapoor,+91 90000 00935
W00936,Aman Nair,+91 90000 00936
W00937,Akash Das,+91 90000 00937
W00938,Varun Mishra,+91 90000 00938
W00939,Nikhil Mehta,+91 90000 00939
W00940,Sanjay Menon,+91 90000 00940
W00941,Priya Sharma,+91 90000 00941
W00942,Ananya Verma,+91 90000 00942
W00943,Isha Chopra,+91 90000 00943
W00944,Kavya Kumar,+91 90000 00944
W00945,Neha Gupta,+91 90000 00945
W00946,Pooja Malhotra,+91 90000 00946
W00947,Sneha Patel,+91 90000 00947
W00948,Meera Singh,+91 90000 00948
W00949,Riya Shah,+91 90000 00949
W00950,Aditi Reddy,+91 90000 00950
W00951,Aarav Joshi,+91 90000 00951
W00952,Vihaan Bhat,+91 90000 00952
W00953,Aditya Iyer,+91 90000 00953
W00954,Arjun Rao,+91 90000 00954
W00955,Rohan Kapoor,+91 90000 00955
W00956,Rahul Nair,+91 90000 00956
W00957,Karan Das,+91 90000 00957
W00958,Vikram Mishra,+91 90000 00958
W00959,Siddharth Mehta,+91 90000 00959
W00960,Ravi Menon,+91 90000 00960
W00961,Aman Sharma,+91 90000 00961
W00962,Akash Verma,+91 90000 00962
W00963,Varun Chopra,+91 90000 00963
W00964,Nikhil Kumar,+91 90000 00964
W00965,Sanjay Gupta,+91 90000 00965
W00966,Priya Malhotra,+91 90000 00966
W00967,Ananya Patel,+91 90000 00967
W00968,Isha Singh,+91 90000 00968
W00969,Kavya Shah,+91 90000 00969
W00970,Neha Reddy,+91 90000 00970
W00971,Pooja Joshi,+91 90000 00971
W00972,Sneha Bhat,+91 90000 00972
W00973,Meera Iyer,+91 90000 00973
W00974,Riya Rao,+91 90000 00974
W00975,Aditi Kapoor,+91 90000 00975
W00976,Aarav Nair,+91 90000 00976
W00977,Vihaan Das,+91 90000 00977
W00978,Aditya Mishra,+91 90000 00978
W00979,Arjun Mehta,+91 90000 00979
W00980,Rohan Menon,+91 90000 00980
W00981,Rahul Sharma,+91 90000 00981
W00982,Karan Verma,+91 90000 00982
W00983,Vikram Chopra,+91 90000 00983
W00984,Siddharth Kumar,+91 90000 00984
W00985,Ravi Gupta,+91 90000 00985
W00986,Aman Malhotra,+91 90000 00986
W00987,Akash Patel,+91 90000 00987
W00988,Varun Singh,+91 90000 00988
W00989,Nikhil Shah,+91 90000 00989
W00990,Sanjay Reddy,+91 90000 00990
W00991,Priya Joshi,+91 90000 00991
W00992,Ananya Bhat,+91 90000 00992
W00993,Isha Iyer,+91 90000 00993
W00994,Kavya Rao,+91 90000 00994
W00995,Neha Kapoor,+91 90000 00995
W00996,Pooja Nair,+91 90000 00996
W00997,Sneha Das,+91 90000 00997
W00998,Meera Mishra,+91 90000 00998
W00999,Riya Mehta,+91 90000 00999
W01000,Aditi Menon,+91 90000 01000
W01001,Aarav Sharma,+91 90000 01001
W01002,Vihaan Verma,+91 90000 01002
W01003,Aditya Chopra,+91 90000 01003
W01004,Arjun Kumar,+91 90000 01004
W01005,Rohan Gupta,+91 90000 01005
W01006,Rahul Malhotra,+91 90000 01006
W01007,Karan Patel,+91 90000 01007
W01008,Vikram Singh,+91 90000 01008
W01009,Siddharth Shah,+91 90000 01009
W01010,Ravi Reddy,+91 90000 01010
W01011,Aman Joshi,+91 90000 01011
W01012,Akash Bhat,+91 90000 01012
W01013,Varun Iyer,+91 90000 01013
W01014,Nikhil Rao,+91 90000 01014
W01015,Sanjay Kapoor,+91 90000 01015
W01016,Priya Nair,+91 90000 01016
W01017,Ananya Das,+91 90000 01017
W01018,Isha Mishra,+91 90000 01018
W01019,Kavya Mehta,+91 90000 01019
W01020,Neha Menon,+91 90000 01020
W01021,Pooja Sharma,+91 90000 01021
W01022,Sneha Verma,+91 90000 01022
W01023,Meera Chopra,+91 90000 01023
W01024,Riya Kumar,+91 90000 01024
W01025,Aditi Gupta,+91 90000 01025
W01026,Aarav Malhotra,+91 90000 01026
W01027,Vihaan Patel,+91 90000 01027
W01028,Aditya Singh,+91 90000 01028
W01029,Arjun Shah,+91 90000 01029
W01030,Rohan Reddy,+91 90000 01030
W01031,Rahul Joshi,+91 90000 01031
W01032,Karan Bhat,+91 90000 01032
W01033,Vikram Iyer,+91 90000 01033
W01034,Siddharth Rao,+91 90000 01034
W01035,Ravi Kapoor,+91 90000 01035
W01036,Aman Nair,+91 90000 01036
W01037,Akash Das,+91 90000 01037
W01038,Varun Mishra,+91 90000 01038
W01039,Nikhil Mehta,+91 90000 01039
W01040,Sanjay Menon,+91 90000 01040
W01041,Priya Sharma,+91 90000 01041
W01042,Ananya Verma,+91 90000 01042
W01043,Isha Chopra,+91 90000 01043
W01044,Kavya Kumar,+91 90000 01044
W01045,Neha Gupta,+91 90000 01045
W01046,Pooja Malhotra,+91 90000 01046
W01047,Sneha Patel,+91 90000 01047
W01048,Meera Singh,+91 90000 01048
W01049,Riya Shah,+91 90000 01049
W01050,Aditi Reddy,+91 90000 01050
W01051,Aarav Joshi,+91 90000 01051
W01052,Vihaan Bhat,+91 90000 01052
W01053,Aditya Iyer,+91 90000 01053
W01054,Arjun Rao,+91 90000 01054
W01055,Rohan Kapoor,+91 90000 01055
W01056,Rahul Nair,+91 90000 01056
W01057,Karan Das,+91 90000 01057
W01058,Vikram Mishra,+91 90000 01058
W01059,Siddharth Mehta,+91 90000 01059
W01060,Ravi Menon,+91 90000 01060
W01061,Aman Sharma,+91 90000 01061
W01062,Akash Verma,+91 90000 01062
W01063,Varun Chopra,+91 90000 01063
W01064,Nikhil Kumar,+91 90000 01064
W01065,Sanjay Gupta,+91 90000 01065
W01066,Priya Malhotra,+91 90000 01066
W01067,Ananya Patel,+91 90000 01067
W01068,Isha Singh,+91 90000 01068
W01069,Kavya Shah,+91 90000 01069
W01070,Neha Reddy,+91 90000 01070
W01071,Pooja Joshi,+91 90000 01071
W01072,Sneha Bhat,+91 90000 01072
W01073,Meera Iyer,+91 90000 01073
W01074,Riya Rao,+91 90000 01074
W01075,Aditi Kapoor,+91 90000 01075
W01076,Aarav Nair,+91 90000 01076
W01077,Vihaan Das,+91 90000 01077
W01078,Aditya Mishra,+91 90000 01078
W01079,Arjun Mehta,+91 90000 01079
W01080,Rohan Menon,+91 90000 01080
W01081,Rahul Sharma,+91 90000 01081
W01082,Karan Verma,+91 90000 01082
W01083,Vikram Chopra,+91 90000 01083
W01084,Siddharth Kumar,+91 90000 01084
W01085,Ravi Gupta,+91 90000 01085
W01086,Aman Malhotra,+91 90000 01086
W01087,Akash Patel,+91 90000 01087
W01088,Varun Singh,+91 90000 01088
W01089,Nikhil Shah,+91 90000 01089
W01090,Sanjay Reddy,+91 90000 01090
W01091,Priya Joshi,+91 90000 01091
W01092,Ananya Bhat,+91 90000 01092
W01093,Isha Iyer,+91 90000 01093
W01094,Kavya Rao,+91 90000 01094
W01095,Neha Kapoor,+91 90000 01095
W01096,Pooja Nair,+91 90000 01096
W01097,Sneha Das,+91 90000 01097
W01098,Meera Mishra,+91 90000 01098
W01099,Riya Mehta,+91 90000 01099
W01100,Aditi Menon,+91 90000 01100
W01101,Aarav Sharma,+91 90000 01101
W01102,Vihaan Verma,+91 90000 01102
W01103,Aditya Chopra,+91 90000 01103
W01104,Arjun Kumar,+91 90000 01104
W01105,Rohan Gupta,+91 90000 01105
W01106,Rahul Malhotra,+91 90000 01106
W01107,Karan Patel,+91 90000 01107
W01108,Vikram Singh,+91 90000 01108
W01109,Siddharth Shah,+91 90000 01109
W01110,Ravi Reddy,+91 90000 01110
W01111,Aman Joshi,+91 90000 01111
W01112,Akash Bhat,+91 90000 01112
W01113,Varun Iyer,+91 90000 01113
W01114,Nikhil Rao,+91 90000 01114
W01115,Sanjay Kapoor,+91 90000 01115
W01116,Priya Nair,+91 90000 01116
W01117,Ananya Das,+91 90000 01117
W01118,Isha Mishra,+91 90000 01118
W01119,Kavya Mehta,+91 90000 01119
W01120,Neha Menon,+91 90000 01120
W01121,Pooja Sharma,+91 90000 01121
W01122,Sneha Verma,+91 90000 01122
W01123,Meera Chopra,+91 90000 01123
W01124,Riya Kumar,+91 90000 01124
W01125,Aditi Gupta,+91 90000 01125
W01126,Aarav Malhotra,+91 90000 01126
W01127,Vihaan Patel,+91 90000 01127
W01128,Aditya Singh,+91 90000 01128
W01129,Arjun Shah,+91 90000 01129
W01130,Rohan Reddy,+91 90000 01130
W01131,Rahul Joshi,+91 90000 01131
W01132,Karan Bhat,+91 90000 01132
W01133,Vikram Iyer,+91 90000 01133
W01134,Siddharth Rao,+91 90000 01134
W01135,Ravi Kapoor,+91 90000 01135
W01136,Aman Nair,+91 90000 01136
W01137,Akash Das,+91 90000 01137
W01138,Varun Mishra,+91 90000 01138
W01139,Nikhil Mehta,+91 90000 01139
W01140,Sanjay Menon,+91 90000 01140
W01141,Priya Sharma,+91 90000 01141
W01142,Ananya Verma,+91 90000 01142
W01143,Isha Chopra,+91 90000 01143
W01144,Kavya Kumar,+91 90000 01144
W01145,Neha Gupta,+91 90000 01145
W01146,Pooja Malhotra,+91 90000 01146
W01147,Sneha Patel,+91 90000 01147
W01148,Meera Singh,+91 90000 01148
W01149,Riya Shah,+91 90000 01149
W01150,Aditi Reddy,+91 90000 01150
W01151,Aarav Joshi,+91 90000 01151
W01152,Vihaan Bhat,+91 90000 01152
W01153,Aditya Iyer,+91 90000 01153
W01154,Arjun Rao,+91 90000 01154
W01155,Rohan Kapoor,+91 90000 01155
W01156,Rahul Nair,+91 90000 01156
W01157,Karan Das,+91 90000 01157
W01158,Vikram Mishra,+91 90000 01158
W01159,Siddharth Mehta,+91 90000 01159
W01160,Ravi Menon,+91 90000 01160
W01161,Aman Sharma,+91 90000 01161
W01162,Akash Verma,+91 90000 01162
W01163,Varun Chopra,+91 90000 01163
W01164,Nikhil Kumar,+91 90000 01164
W01165,Sanjay Gupta,+91 90000 01165
W01166,Priya Malhotra,+91 90000 01166
W01167,Ananya Patel,+91 90000 01167
W01168,Isha Singh,+91 90000 01168
W01169,Kavya Shah,+91 90000 01169
W01170,Neha Reddy,+91 90000 01170
W01171,Pooja Joshi,+91 90000 01171
W01172,Sneha Bhat,+91 90000 01172
W01173,Meera Iyer,+91 90000 01173
W01174,Riya Rao,+91 90000 01174
W01175,Aditi Kapoor,+91 90000 01175
W01176,Aarav Nair,+91 90000 01176
W01177,Vihaan Das,+91 90000 01177
W01178,Aditya Mishra,+91 90000 01178
W01179,Arjun Mehta,+91 90000 01179
W01180,Rohan Menon,+91 90000 01180
W01181,Rahul Sharma,+91 90000 01181
W01182,Karan Verma,+91 90000 01182
W01183,Vikram Chopra,+91 90000 01183
W01184,Siddharth Kumar,+91 90000 01184
W01185,Ravi Gupta,+91 90000 01185
W01186,Aman Malhotra,+91 90000 01186
W01187,Akash Patel,+91 90000 01187
W01188,Varun Singh,+91 90000 01188
W01189,Nikhil Shah,+91 90000 01189
W01190,Sanjay Reddy,+91 90000 01190
W01191,Priya Joshi,+91 90000 01191
W01192,Ananya Bhat,+91 90000 01192
W01193,Isha Iyer,+91 90000 01193
W01194,Kavya Rao,+91 90000 01194
W01195,Neha Kapoor,+91 90000 01195
W01196,Pooja Nair,+91 90000 01196
W01197,Sneha Das,+91 90000 01197
W01198,Meera Mishra,+91 90000 01198
W01199,Riya Mehta,+91 90000 01199
W01200,Aditi Menon,+91 90000 01200
W01201,Aarav Sharma,+91 90000 01201
W01202,Vihaan Verma,+91 90000 01202
W01203,Aditya Chopra,+91 90000 01203
W01204,Arjun Kumar,+91 90000 01204
W01205,Rohan Gupta,+91 90000 01205
W01206,Rahul Malhotra,+91 90000 01206
W01207,Karan Patel,+91 90000 01207
W01208,Vikram Singh,+91 90000 01208
W01209,Siddharth Shah,+91 90000 01209
W01210,Ravi Reddy,+91 90000 01210
W01211,Aman Joshi,+91 90000 01211
W01212,Akash Bhat,+91 90000 01212
W01213,Varun Iyer,+91 90000 01213
W01214,Nikhil Rao,+91 90000 01214
W01215,Sanjay Kapoor,+91 90000 01215
W01216,Priya Nair,+91 90000 01216
W01217,Ananya Das,+91 90000 01217
W01218,Isha Mishra,+91 90000 01218
W01219,Kavya Mehta,+91 90000 01219
W01220,Neha Menon,+91 90000 01220
W01221,Pooja Sharma,+91 90000 01221
W01222,Sneha Verma,+91 90000 01222
W01223,Meera Chopra,+91 90000 01223
W01224,Riya Kumar,+91 90000 01224
W01225,Aditi Gupta,+91 90000 01225
W01226,Aarav Malhotra,+91 90000 01226
W01227,Vihaan Patel,+91 90000 01227
W01228,Aditya Singh,+91 90000 01228
W01229,Arjun Shah,+91 90000 01229
W01230,Rohan Reddy,+91 90000 01230
W01231,Rahul Joshi,+91 90000 01231
W01232,Karan Bhat,+91 90000 01232
W01233,Vikram Iyer,+91 90000 01233
W01234,Siddharth Rao,+91 90000 01234
W01235,Ravi Kapoor,+91 90000 01235
W01236,Aman Nair,+91 90000 01236
W01237,Akash Das,+91 90000 01237
W01238,Varun Mishra,+91 90000 01238
W01239,Nikhil Mehta,+91 90000 01239
W01240,Sanjay Menon,+91 90000 01240
W01241,Priya Sharma,+91 90000 01241
W01242,Ananya Verma,+91 90000 01242
W01243,Isha Chopra,+91 90000 01243
W01244,Kavya Kumar,+91 90000 01244
W01245,Neha Gupta,+91 90000 01245
W01246,Pooja Malhotra,+91 90000 01246
W01247,Sneha Patel,+91 90000 01247
W01248,Meera Singh,+91 90000 01248
W01249,Riya Shah,+91 90000 01249
W01250,Aditi Reddy,+91 90000 01250
W01251,Aarav Joshi,+91 90000 01251
W01252,Vihaan Bhat,+91 90000 01252
W01253,Aditya Iyer,+91 90000 01253
W01254,Arjun Rao,+91 90000 01254
W01255,Rohan Kapoor,+91 90000 01255
W01256,Rahul Nair,+91 90000 01256
W01257,Karan Das,+91 90000 01257
W01258,Vikram Mishra,+91 90000 01258
W01259,Siddharth Mehta,+91 90000 01259
W01260,Ravi Menon,+91 90000 01260
W01261,Aman Sharma,+91 90000 01261
W01262,Akash Verma,+91 90000 01262
W01263,Varun Chopra,+91 90000 01263
W01264,Nikhil Kumar,+91 90000 01264
W01265,Sanjay Gupta,+91 90000 01265
W01266,Priya Malhotra,+91 90000 01266
W01267,Ananya Patel,+91 90000 01267
W01268,Isha Singh,+91 90000 01268
W01269,Kavya Shah,+91 90000 01269
W01270,Neha Reddy,+91 90000 01270
W01271,Pooja Joshi,+91 90000 01271
W01272,Sneha Bhat,+91 90000 01272
W01273,Meera Iyer,+91 90000 01273
W01274,Riya Rao,+91 90000 01274
W01275,Aditi Kapoor,+91 90000 01275
W01276,Aarav Nair,+91 90000 01276
W01277,Vihaan Das,+91 90000 01277
W01278,Aditya Mishra,+91 90000 01278
W01279,Arjun Mehta,+91 90000 01279
W01280,Rohan Menon,+91 90000 01280
W01281,Rahul Sharma,+91 90000 01281
W01282,Karan Verma,+91 90000 01282
W01283,Vikram Chopra,+91 90000 01283
W01284,Siddharth Kumar,+91 90000 01284
W01285,Ravi Gupta,+91 90000 01285
W01286,Aman Malhotra,+91 90000 01286
W01287,Akash Patel,+91 90000 01287
W01288,Varun Singh,+91 90000 01288
W01289,Nikhil Shah,+91 90000 01289
W01290,Sanjay Reddy,+91 90000 01290
W01291,Priya Joshi,+91 90000 01291
W01292,Ananya Bhat,+91 90000 01292
W01293,Isha Iyer,+91 90000 01293
W01294,Kavya Rao,+91 90000 01294
W01295,Neha Kapoor,+91 90000 01295
W01296,Pooja Nair,+91 90000 01296
W01297,Sneha Das,+91 90000 01297
W01298,Meera Mishra,+91 90000 01298
W01299,Riya Mehta,+91 90000 01299
W01300,Aditi Menon,+91 90000 01300
W01301,Aarav Sharma,+91 90000 01301
W01302,Vihaan Verma,+91 90000 01302
W01303,Aditya Chopra,+91 90000 01303
W01304,Arjun Kumar,+91 90000 01304
W01305,Rohan Gupta,+91 90000 01305
W01306,Rahul Malhotra,+91 90000 01306
W01307,Karan Patel,+91 90000 01307
W01308,Vikram Singh,+91 90000 01308
W01309,Siddharth Shah,+91 90000 01309
W01310,Ravi Reddy,+91 90000 01310
W01311,Aman Joshi,+91 90000 01311
W01312,Akash Bhat,+91 90000 01312
W01313,Varun Iyer,+91 90000 01313
W01314,Nikhil Rao,+91 90000 01314
W01315,Sanjay Kapoor,+91 90000 01315
W01316,Priya Nair,+91 90000 01316
W01317,Ananya Das,+91 90000 01317
W01318,Isha Mishra,+91 90000 01318
W01319,Kavya Mehta,+91 90000 01319
W01320,Neha Menon,+91 90000 01320
W01321,Pooja Sharma,+91 90000 01321
W01322,Sneha Verma,+91 90000 01322
W01323,Meera Chopra,+91 90000 01323
W01324,Riya Kumar,+91 90000 01324
W01325,Aditi Gupta,+91 90000 01325
W01326,Aarav Malhotra,+91 90000 01326
W01327,Vihaan Patel,+91 90000 01327
W01328,Aditya Singh,+91 90000 01328
W01329,Arjun Shah,+91 90000 01329
W01330,Rohan Reddy,+91 90000 01330
W01331,Rahul Joshi,+91 90000 01331
W01332,Karan Bhat,+91 90000 01332
W01333,Vikram Iyer,+91 90000 01333
W01334,Siddharth Rao,+91 90000 01334
W01335,Ravi Kapoor,+91 90000 01335
W01336,Aman Nair,+91 90000 01336
W01337,Akash Das,+91 90000 01337
W01338,Varun Mishra,+91 90000 01338
W01339,Nikhil Mehta,+91 90000 01339
W01340,Sanjay Menon,+91 90000 01340
W01341,Priya Sharma,+91 90000 01341
W01342,Ananya Verma,+91 90000 01342
W01343,Isha Chopra,+91 90000 01343
W01344,Kavya Kumar,+91 90000 01344
W01345,Neha Gupta,+91 90000 01345
W01346,Pooja Malhotra,+91 90000 01346
W01347,Sneha Patel,+91 90000 01347
W01348,Meera Singh,+91 90000 01348
W01349,Riya Shah,+91 90000 01349
W01350,Aditi Reddy,+91 90000 01350
W01351,Aarav Joshi,+91 90000 01351
W01352,Vihaan Bhat,+91 90000 01352
W01353,Aditya Iyer,+91 90000 01353
W01354,Arjun Rao,+91 90000 01354
W01355,Rohan Kapoor,+91 90000 01355
W01356,Rahul Nair,+91 90000 01356
W01357,Karan Das,+91 90000 01357
W01358,Vikram Mishra,+91 90000 01358
W01359,Siddharth Mehta,+91 90000 01359
W01360,Ravi Menon,+91 90000 01360
W01361,Aman Sharma,+91 90000 01361
W01362,Akash Verma,+91 90000 01362
W01363,Varun Chopra,+91 90000 01363
W01364,Nikhil Kumar,+91 90000 01364
W01365,Sanjay Gupta,+91 90000 01365
W01366,Priya Malhotra,+91 90000 01366
W01367,Ananya Patel,+91 90000 01367
W01368,Isha Singh,+91 90000 01368
W01369,Kavya Shah,+91 90000 01369
W01370,Neha Reddy,+91 90000 01370
W01371,Pooja Joshi,+91 90000 01371
W01372,Sneha Bhat,+91 90000 01372
W01373,Meera Iyer,+91 90000 01373
W01374,Riya Rao,+91 90000 01374
W01375,Aditi Kapoor,+91 90000 01375
W01376,Aarav Nair,+91 90000 01376
W01377,Vihaan Das,+91 90000 01377
W01378,Aditya Mishra,+91 90000 01378
W01379,Arjun Mehta,+91 90000 01379
W01380,Rohan Menon,+91 90000 01380
W01381,Rahul Sharma,+91 90000 01381
W01382,Karan Verma,+91 90000 01382
W01383,Vikram Chopra,+91 90000 01383
W01384,Siddharth Kumar,+91 90000 01384
W01385,Ravi Gupta,+91 90000 01385
W01386,Aman Malhotra,+91 90000 01386
W01387,Akash Patel,+91 90000 01387
W01388,Varun Singh,+91 90000 01388
W01389,Nikhil Shah,+91 90000 01389
W01390,Sanjay Reddy,+91 90000 01390
W01391,Priya Joshi,+91 90000 01391
W01392,Ananya Bhat,+91 90000 01392
W01393,Isha Iyer,+91 90000 01393
W01394,Kavya Rao,+91 90000 01394
W01395,Neha Kapoor,+91 90000 01395
W01396,Pooja Nair,+91 90000 01396
W01397,Sneha Das,+91 90000 01397
W01398,Meera Mishra,+91 90000 01398
W01399,Riya Mehta,+91 90000 01399
W01400,Aditi Menon,+91 90000 01400
W01401,Aarav Sharma,+91 90000 01401
W01402,Vihaan Verma,+91 90000 01402
W01403,Aditya Chopra,+91 90000 01403
W01404,Arjun Kumar,+91 90000 01404
W01405,Rohan Gupta,+91 90000 01405
W01406,Rahul Malhotra,+91 90000 01406
W01407,Karan Patel,+91 90000 01407
W01408,Vikram Singh,+91 90000 01408
W01409,Siddharth Shah,+91 90000 01409
W01410,Ravi Reddy,+91 90000 01410
W01411,Aman Joshi,+91 90000 01411
W01412,Akash Bhat,+91 90000 01412
W01413,Varun Iyer,+91 90000 01413
W01414,Nikhil Rao,+91 90000 01414
W01415,Sanjay Kapoor,+91 90000 01415
W01416,Priya Nair,+91 90000 01416
W01417,Ananya Das,+91 90000 01417
W01418,Isha Mishra,+91 90000 01418
W01419,Kavya Mehta,+91 90000 01419
W01420,Neha Menon,+91 90000 01420
W01421,Pooja Sharma,+91 90000 01421
W01422,Sneha Verma,+91 90000 01422
W01423,Meera Chopra,+91 90000 01423
W01424,Riya Kumar,+91 90000 01424
W01425,Aditi Gupta,+91 90000 01425
W01426,Aarav Malhotra,+91 90000 01426
W01427,Vihaan Patel,+91 90000 01427
W01428,Aditya Singh,+91 90000 01428
W01429,Arjun Shah,+91 90000 01429
W01430,Rohan Reddy,+91 90000 01430
W01431,Rahul Joshi,+91 90000 01431
W01432,Karan Bhat,+91 90000 01432
W01433,Vikram Iyer,+91 90000 01433
W01434,Siddharth Rao,+91 90000 01434
W01435,Ravi Kapoor,+91 90000 01435
W01436,Aman Nair,+91 90000 01436
W01437,Akash Das,+91 90000 01437
W01438,Varun Mishra,+91 90000 01438
W01439,Nikhil Mehta,+91 90000 01439
W01440,Sanjay Menon,+91 90000 01440
W01441,Priya Sharma,+91 90000 01441
W01442,Ananya Verma,+91 90000 01442
W01443,Isha Chopra,+91 90000 01443
W01444,Kavya Kumar,+91 90000 01444
W01445,Neha Gupta,+91 90000 01445
W01446,Pooja Malhotra,+91 90000 01446
W01447,Sneha Patel,+91 90000 01447
W01448,Meera Singh,+91 90000 01448
W01449,Riya Shah,+91 90000 01449
W01450,Aditi Reddy,+91 90000 01450
W01451,Aarav Joshi,+91 90000 01451
W01452,Vihaan Bhat,+91 90000 01452
W01453,Aditya Iyer,+91 90000 01453
W01454,Arjun Rao,+91 90000 01454
W01455,Rohan Kapoor,+91 90000 01455
W01456,Rahul Nair,+91 90000 01456
W01457,Karan Das,+91 90000 01457
W01458,Vikram Mishra,+91 90000 01458
W01459,Siddharth Mehta,+91 90000 01459
W01460,Ravi Menon,+91 90000 01460
W01461,Aman Sharma,+91 90000 01461
W01462,Akash Verma,+91 90000 01462
W01463,Varun Chopra,+91 90000 01463
W01464,Nikhil Kumar,+91 90000 01464
W01465,Sanjay Gupta,+91 90000 01465
W01466,Priya Malhotra,+91 90000 01466
W01467,Ananya Patel,+91 90000 01467
W01468,Isha Singh,+91 90000 01468
W01469,Kavya Shah,+91 90000 01469
W01470,Neha Reddy,+91 90000 01470
W01471,Pooja Joshi,+91 90000 01471
W01472,Sneha Bhat,+91 90000 01472
W01473,Meera Iyer,+91 90000 01473
W01474,Riya Rao,+91 90000 01474
W01475,Aditi Kapoor,+91 90000 01475
W01476,Aarav Nair,+91 90000 01476
W01477,Vihaan Das,+91 90000 01477
W01478,Aditya Mishra,+91 90000 01478
W01479,Arjun Mehta,+91 90000 01479
W01480,Rohan Menon,+91 90000 01480
W01481,Rahul Sharma,+91 90000 01481
W01482,Karan Verma,+91 90000 01482
W01483,Vikram Chopra,+91 90000 01483
W01484,Siddharth Kumar,+91 90000 01484
W01485,Ravi Gupta,+91 90000 01485
W01486,Aman Malhotra,+91 90000 01486
W01487,Akash Patel,+91 90000 01487
W01488,Varun Singh,+91 90000 01488
W01489,Nikhil Shah,+91 90000 01489
W01490,Sanjay Reddy,+91 90000 01490
W01491,Priya Joshi,+91 90000 01491
W01492,Ananya Bhat,+91 90000 01492
W01493,Isha Iyer,+91 90000 01493
W01494,Kavya Rao,+91 90000 01494
W01495,Neha Kapoor,+91 90000 01495
W01496,Pooja Nair,+91 90000 01496
W01497,Sneha Das,+91 90000 01497
W01498,Meera Mishra,+91 90000 01498
W01499,Riya Mehta,+91 90000 01499
W01500,Aditi Menon,+91 90000 01500
W01501,Aarav Sharma,+91 90000 01501
W01502,Vihaan Verma,+91 90000 01502
W01503,Aditya Chopra,+91 90000 01503
W01504,Arjun Kumar,+91 90000 01504
W01505,Rohan Gupta,+91 90000 01505
W01506,Rahul Malhotra,+91 90000 01506
W01507,Karan Patel,+91 90000 01507
W01508,Vikram Singh,+91 90000 01508
W01509,Siddharth Shah,+91 90000 01509
W01510,Ravi Reddy,+91 90000 01510
W01511,Aman Joshi,+91 90000 01511
W01512,Akash Bhat,+91 90000 01512
W01513,Varun Iyer,+91 90000 01513
W01514,Nikhil Rao,+91 90000 01514
W01515,Sanjay Kapoor,+91 90000 01515
W01516,Priya Nair,+91 90000 01516
W01517,Ananya Das,+91 90000 01517
W01518,Isha Mishra,+91 90000 01518
W01519,Kavya Mehta,+91 90000 01519
W01520,Neha Menon,+91 90000 01520
W01521,Pooja Sharma,+91 90000 01521
W01522,Sneha Verma,+91 90000 01522
W01523,Meera Chopra,+91 90000 01523
W01524,Riya Kumar,+91 90000 01524
W01525,Aditi Gupta,+91 90000 01525
W01526,Aarav Malhotra,+91 90000 01526
W01527,Vihaan Patel,+91 90000 01527
W01528,Aditya Singh,+91 90000 01528
W01529,Arjun Shah,+91 90000 01529
W01530,Rohan Reddy,+91 90000 01530
W01531,Rahul Joshi,+91 90000 01531
W01532,Karan Bhat,+91 90000 01532
W01533,Vikram Iyer,+91 90000 01533
W01534,Siddharth Rao,+91 90000 01534
W01535,Ravi Kapoor,+91 90000 01535
W01536,Aman Nair,+91 90000 01536
W01537,Akash Das,+91 90000 01537
W01538,Varun Mishra,+91 90000 01538
W01539,Nikhil Mehta,+91 90000 01539
W01540,Sanjay Menon,+91 90000 01540
W01541,Priya Sharma,+91 90000 01541
W01542,Ananya Verma,+91 90000 01542
W01543,Isha Chopra,+91 90000 01543
W01544,Kavya Kumar,+91 90000 01544
W01545,Neha Gupta,+91 90000 01545
W01546,Pooja Malhotra,+91 90000 01546
W01547,Sneha Patel,+91 90000 01547
W01548,Meera Singh,+91 90000 01548
W01549,Riya Shah,+91 90000 01549
W01550,Aditi Reddy,+91 90000 01550
W01551,Aarav Joshi,+91 90000 01551
W01552,Vihaan Bhat,+91 90000 01552
W01553,Aditya Iyer,+91 90000 01553
W01554,Arjun Rao,+91 90000 01554
W01555,Rohan Kapoor,+91 90000 01555
W01556,Rahul Nair,+91 90000 01556
W01557,Karan Das,+91 90000 01557
W01558,Vikram Mishra,+91 90000 01558
W01559,Siddharth Mehta,+91 90000 01559
W01560,Ravi Menon,+91 90000 01560
W01561,Aman Sharma,+91 90000 01561
W01562,Akash Verma,+91 90000 01562
W01563,Varun Chopra,+91 90000 01563
W01564,Nikhil Kumar,+91 90000 01564
W01565,Sanjay Gupta,+91 90000 01565
W01566,Priya Malhotra,+91 90000 01566
W01567,Ananya Patel,+91 90000 01567
W01568,Isha Singh,+91 90000 01568
W01569,Kavya Shah,+91 90000 01569
W01570,Neha Reddy,+91 90000 01570
W01571,Pooja Joshi,+91 90000 01571
W01572,Sneha Bhat,+91 90000 01572
W01573,Meera Iyer,+91 90000 01573
W01574,Riya Rao,+91 90000 01574
W01575,Aditi Kapoor,+91 90000 01575
W01576,Aarav Nair,+91 90000 01576
W01577,Vihaan Das,+91 90000 01577
W01578,Aditya Mishra,+91 90000 01578
W01579,Arjun Mehta,+91 90000 01579
W01580,Rohan Menon,+91 90000 01580
W01581,Rahul Sharma,+91 90000 01581
W01582,Karan Verma,+91 90000 01582
W01583,Vikram Chopra,+91 90000 01583
W01584,Siddharth Kumar,+91 90000 01584
W01585,Ravi Gupta,+91 90000 01585
W01586,Aman Malhotra,+91 90000 01586
W01587,Akash Patel,+91 90000 01587
W01588,Varun Singh,+91 90000 01588
W01589,Nikhil Shah,+91 90000 01589
W01590,Sanjay Reddy,+91 90000 01590
W01591,Priya Joshi,+91 90000 01591
W01592,Ananya Bhat,+91 90000 01592
W01593,Isha Iyer,+91 90000 01593
W01594,Kavya Rao,+91 90000 01594
W01595,Neha Kapoor,+91 90000 01595
W01596,Pooja Nair,+91 90000 01596
W01597,Sneha Das,+91 90000 01597
W01598,Meera Mishra,+91 90000 01598
W01599,Riya Mehta,+91 90000 01599
W01600,Aditi Menon,+91 90000 01600
W01601,Aarav Sharma,+91 90000 01601
W01602,Vihaan Verma,+91 90000 01602
W01603,Aditya Chopra,+91 90000 01603
W01604,Arjun Kumar,+91 90000 01604
W01605,Rohan Gupta,+91 90000 01605
W01606,Rahul Malhotra,+91 90000 01606
W01607,Karan Patel,+91 90000 01607
W01608,Vikram Singh,+91 90000 01608
W01609,Siddharth Shah,+91 90000 01609
W01610,Ravi Reddy,+91 90000 01610
W01611,Aman Joshi,+91 90000 01611
W01612,Akash Bhat,+91 90000 01612
W01613,Varun Iyer,+91 90000 01613
W01614,Nikhil Rao,+91 90000 01614
W01615,Sanjay Kapoor,+91 90000 01615
W01616,Priya Nair,+91 90000 01616
W01617,Ananya Das,+91 90000 01617
W01618,Isha Mishra,+91 90000 01618
W01619,Kavya Mehta,+91 90000 01619
W01620,Neha Menon,+91 90000 01620
W01621,Pooja Sharma,+91 90000 01621
W01622,Sneha Verma,+91 90000 01622
W01623,Meera Chopra,+91 90000 01623
W01624,Riya Kumar,+91 90000 01624
W01625,Aditi Gupta,+91 90000 01625
W01626,Aarav Malhotra,+91 90000 01626
W01627,Vihaan Patel,+91 90000 01627
W01628,Aditya Singh,+91 90000 01628
W01629,Arjun Shah,+91 90000 01629
W01630,Rohan Reddy,+91 90000 01630
W01631,Rahul Joshi,+91 90000 01631
W01632,Karan Bhat,+91 90000 01632
W01633,Vikram Iyer,+91 90000 01633
W01634,Siddharth Rao,+91 90000 01634
W01635,Ravi Kapoor,+91 90000 01635
W01636,Aman Nair,+91 90000 01636
W01637,Akash Das,+91 90000 01637
W01638,Varun Mishra,+91 90000 01638
W01639,Nikhil Mehta,+91 90000 01639
W01640,Sanjay Menon,+91 90000 01640
W01641,Priya Sharma,+91 90000 01641
W01642,Ananya Verma,+91 90000 01642
W01643,Isha Chopra,+91 90000 01643
W01644,Kavya Kumar,+91 90000 01644
W01645,Neha Gupta,+91 90000 01645
W01646,Pooja Malhotra,+91 90000 01646
W01647,Sneha Patel,+91 90000 01647
W01648,Meera Singh,+91 90000 01648
W01649,Riya Shah,+91 90000 01649
W01650,Aditi Reddy,+91 90000 01650
W01651,Aarav Joshi,+91 90000 01651
W01652,Vihaan Bhat,+91 90000 01652
W01653,Aditya Iyer,+91 90000 01653
W01654,Arjun Rao,+91 90000 01654
W01655,Rohan Kapoor,+91 90000 01655
W01656,Rahul Nair,+91 90000 01656
W01657,Karan Das,+91 90000 01657
W01658,Vikram Mishra,+91 90000 01658
W01659,Siddharth Mehta,+91 90000 01659
W01660,Ravi Menon,+91 90000 01660
W01661,Aman Sharma,+91 90000 01661
W01662,Akash Verma,+91 90000 01662
W01663,Varun Chopra,+91 90000 01663
W01664,Nikhil Kumar,+91 90000 01664
W01665,Sanjay Gupta,+91 90000 01665
W01666,Priya Malhotra,+91 90000 01666
W01667,Ananya Patel,+91 90000 01667
W01668,Isha Singh,+91 90000 01668
W01669,Kavya Shah,+91 90000 01669
W01670,Neha Reddy,+91 90000 01670
W01671,Pooja Joshi,+91 90000 01671
W01672,Sneha Bhat,+91 90000 01672
W01673,Meera Iyer,+91 90000 01673
W01674,Riya Rao,+91 90000 01674
W01675,Aditi Kapoor,+91 90000 01675
W01676,Aarav Nair,+91 90000 01676
W01677,Vihaan Das,+91 90000 01677
W01678,Aditya Mishra,+91 90000 01678
W01679,Arjun Mehta,+91 90000 01679
W01680,Rohan Menon,+91 90000 01680
W01681,Rahul Sharma,+91 90000 01681
W01682,Karan Verma,+91 90000 01682
W01683,Vikram Chopra,+91 90000 01683
W01684,Siddharth Kumar,+91 90000 01684
W01685,Ravi Gupta,+91 90000 01685
W01686,Aman Malhotra,+91 90000 01686
W01687,Akash Patel,+91 90000 01687
W01688,Varun Singh,+91 90000 01688
W01689,Nikhil Shah,+91 90000 01689
W01690,Sanjay Reddy,+91 90000 01690
W01691,Priya Joshi,+91 90000 01691
W01692,Ananya Bhat,+91 90000 01692
W01693,Isha Iyer,+91 90000 01693
W01694,Kavya Rao,+91 90000 01694
W01695,Neha Kapoor,+91 90000 01695
W01696,Pooja Nair,+91 90000 01696
W01697,Sneha Das,+91 90000 01697
W01698,Meera Mishra,+91 90000 01698
W01699,Riya Mehta,+91 90000 01699
W01700,Aditi Menon,+91 90000 01700
W01701,Aarav Sharma,+91 90000 01701
W01702,Vihaan Verma,+91 90000 01702
W01703,Aditya Chopra,+91 90000 01703
W01704,Arjun Kumar,+91 90000 01704
W01705,Rohan Gupta,+91 90000 01705
W01706,Rahul Malhotra,+91 90000 01706
W01707,Karan Patel,+91 90000 01707
W01708,Vikram Singh,+91 90000 01708
W01709,Siddharth Shah,+91 90000 01709
W01710,Ravi Reddy,+91 90000 01710
W01711,Aman Joshi,+91 90000 01711
W01712,Akash Bhat,+91 90000 01712
W01713,Varun Iyer,+91 90000 01713
W01714,Nikhil Rao,+91 90000 01714
W01715,Sanjay Kapoor,+91 90000 01715
W01716,Priya Nair,+91 90000 01716
W01717,Ananya Das,+91 90000 01717
W01718,Isha Mishra,+91 90000 01718
W01719,Kavya Mehta,+91 90000 01719
W01720,Neha Menon,+91 90000 01720
W01721,Pooja Sharma,+91 90000 01721
W01722,Sneha Verma,+91 90000 01722
W01723,Meera Chopra,+91 90000 01723
W01724,Riya Kumar,+91 90000 01724
W01725,Aditi Gupta,+91 90000 01725
W01726,Aarav Malhotra,+91 90000 01726
W01727,Vihaan Patel,+91 90000 01727
W01728,Aditya Singh,+91 90000 01728
W01729,Arjun Shah,+91 90000 01729
W01730,Rohan Reddy,+91 90000 01730
W01731,Rahul Joshi,+91 90000 01731
W01732,Karan Bhat,+91 90000 01732
W01733,Vikram Iyer,+91 90000 01733
W01734,Siddharth Rao,+91 90000 01734
W01735,Ravi Kapoor,+91 90000 01735
W01736,Aman Nair,+91 90000 01736
W01737,Akash Das,+91 90000 01737
W01738,Varun Mishra,+91 90000 01738
W01739,Nikhil Mehta,+91 90000 01739
W01740,Sanjay Menon,+91 90000 01740
W01741,Priya Sharma,+91 90000 01741
W01742,Ananya Verma,+91 90000 01742
W01743,Isha Chopra,+91 90000 01743
W01744,Kavya Kumar,+91 90000 01744
W01745,Neha Gupta,+91 90000 01745
W01746,Pooja Malhotra,+91 90000 01746
W01747,Sneha Patel,+91 90000 01747
W01748,Meera Singh,+91 90000 01748
W01749,Riya Shah,+91 90000 01749
W01750,Aditi Reddy,+91 90000 01750
W01751,Aarav Joshi,+91 90000 01751
W01752,Vihaan Bhat,+91 90000 01752
W01753,Aditya Iyer,+91 90000 01753
W01754,Arjun Rao,+91 90000 01754
W01755,Rohan Kapoor,+91 90000 01755
W01756,Rahul Nair,+91 90000 01756
W01757,Karan Das,+91 90000 01757
W01758,Vikram Mishra,+91 90000 01758
W01759,Siddharth Mehta,+91 90000 01759
W01760,Ravi Menon,+91 90000 01760
W01761,Aman Sharma,+91 90000 01761
W01762,Akash Verma,+91 90000 01762
W01763,Varun Chopra,+91 90000 01763
W01764,Nikhil Kumar,+91 90000 01764
W01765,Sanjay Gupta,+91 90000 01765
W01766,Priya Malhotra,+91 90000 01766
W01767,Ananya Patel,+91 90000 01767
W01768,Isha Singh,+91 90000 01768
W01769,Kavya Shah,+91 90000 01769
W01770,Neha Reddy,+91 90000 01770
W01771,Pooja Joshi,+91 90000 01771
W01772,Sneha Bhat,+91 90000 01772
W01773,Meera Iyer,+91 90000 01773
W01774,Riya Rao,+91 90000 01774
W01775,Aditi Kapoor,+91 90000 01775
W01776,Aarav Nair,+91 90000 01776
W01777,Vihaan Das,+91 90000 01777
W01778,Aditya Mishra,+91 90000 01778
W01779,Arjun Mehta,+91 90000 01779
W01780,Rohan Menon,+91 90000 01780
W01781,Rahul Sharma,+91 90000 01781
W01782,Karan Verma,+91 90000 01782
W01783,Vikram Chopra,+91 90000 01783
W01784,Siddharth Kumar,+91 90000 01784
W01785,Ravi Gupta,+91 90000 01785
W01786,Aman Malhotra,+91 90000 01786
W01787,Akash Patel,+91 90000 01787
W01788,Varun Singh,+91 90000 01788
W01789,Nikhil Shah,+91 90000 01789
W01790,Sanjay Reddy,+91 90000 01790
W01791,Priya Joshi,+91 90000 01791
W01792,Ananya Bhat,+91 90000 01792
W01793,Isha Iyer,+91 90000 01793
W01794,Kavya Rao,+91 90000 01794
W01795,Neha Kapoor,+91 90000 01795
W01796,Pooja Nair,+91 90000 01796
W01797,Sneha Das,+91 90000 01797
W01798,Meera Mishra,+91 90000 01798
W01799,Riya Mehta,+91 90000 01799
W01800,Aditi Menon,+91 90000 01800
W01801,Aarav Sharma,+91 90000 01801
W01802,Vihaan Verma,+91 90000 01802
W01803,Aditya Chopra,+91 90000 01803
W01804,Arjun Kumar,+91 90000 01804
W01805,Rohan Gupta,+91 90000 01805
W01806,Rahul Malhotra,+91 90000 01806
W01807,Karan Patel,+91 90000 01807
W01808,Vikram Singh,+91 90000 01808
W01809,Siddharth Shah,+91 90000 01809
W01810,Ravi Reddy,+91 90000 01810
W01811,Aman Joshi,+91 90000 01811
W01812,Akash Bhat,+91 90000 01812
W01813,Varun Iyer,+91 90000 01813
W01814,Nikhil Rao,+91 90000 01814
W01815,Sanjay Kapoor,+91 90000 01815
W01816,Priya Nair,+91 90000 01816
W01817,Ananya Das,+91 90000 01817
W01818,Isha Mishra,+91 90000 01818
W01819,Kavya Mehta,+91 90000 01819
W01820,Neha Menon,+91 90000 01820
W01821,Pooja Sharma,+91 90000 01821
W01822,Sneha Verma,+91 90000 01822
W01823,Meera Chopra,+91 90000 01823
W01824,Riya Kumar,+91 90000 01824
W01825,Aditi Gupta,+91 90000 01825
W01826,Aarav Malhotra,+91 90000 01826
W01827,Vihaan Patel,+91 90000 01827
W01828,Aditya Singh,+91 90000 01828
W01829,Arjun Shah,+91 90000 01829
W01830,Rohan Reddy,+91 90000 01830
W01831,Rahul Joshi,+91 90000 01831
W01832,Karan Bhat,+91 90000 01832
W01833,Vikram Iyer,+91 90000 01833
W01834,Siddharth Rao,+91 90000 01834
W01835,Ravi Kapoor,+91 90000 01835
W01836,Aman Nair,+91 90000 01836
W01837,Akash Das,+91 90000 01837
W01838,Varun Mishra,+91 90000 01838
W01839,Nikhil Mehta,+91 90000 01839
W01840,Sanjay Menon,+91 90000 01840
W01841,Priya Sharma,+91 90000 01841
W01842,Ananya Verma,+91 90000 01842
W01843,Isha Chopra,+91 90000 01843
W01844,Kavya Kumar,+91 90000 01844
W01845,Neha Gupta,+91 90000 01845
W01846,Pooja Malhotra,+91 90000 01846
W01847,Sneha Patel,+91 90000 01847
W01848,Meera Singh,+91 90000 01848
W01849,Riya Shah,+91 90000 01849
W01850,Aditi Reddy,+91 90000 01850
W01851,Aarav Joshi,+91 90000 01851
W01852,Vihaan Bhat,+91 90000 01852
W01853,Aditya Iyer,+91 90000 01853
W01854,Arjun Rao,+91 90000 01854
W01855,Rohan Kapoor,+91 90000 01855
W01856,Rahul Nair,+91 90000 01856
W01857,Karan Das,+91 90000 01857
W01858,Vikram Mishra,+91 90000 01858
W01859,Siddharth Mehta,+91 90000 01859
W01860,Ravi Menon,+91 90000 01860
W01861,Aman Sharma,+91 90000 01861
W01862,Akash Verma,+91 90000 01862
W01863,Varun Chopra,+91 90000 01863
W01864,Nikhil Kumar,+91 90000 01864
W01865,Sanjay Gupta,+91 90000 01865
W01866,Priya Malhotra,+91 90000 01866
W01867,Ananya Patel,+91 90000 01867
W01868,Isha Singh,+91 90000 01868
W01869,Kavya Shah,+91 90000 01869
W01870,Neha Reddy,+91 90000 01870
W01871,Pooja Joshi,+91 90000 01871
W01872,Sneha Bhat,+91 90000 01872
W01873,Meera Iyer,+91 90000 01873
W01874,Riya Rao,+91 90000 01874
W01875,Aditi Kapoor,+91 90000 01875
W01876,Aarav Nair,+91 90000 01876
W01877,Vihaan Das,+91 90000 01877
W01878,Aditya Mishra,+91 90000 01878
W01879,Arjun Mehta,+91 90000 01879
W01880,Rohan Menon,+91 90000 01880
W01881,Rahul Sharma,+91 90000 01881
W01882,Karan Verma,+91 90000 01882
W01883,Vikram Chopra,+91 90000 01883
W01884,Siddharth Kumar,+91 90000 01884
W01885,Ravi Gupta,+91 90000 01885
W01886,Aman Malhotra,+91 90000 01886
W01887,Akash Patel,+91 90000 01887
W01888,Varun Singh,+91 90000 01888
W01889,Nikhil Shah,+91 90000 01889
W01890,Sanjay Reddy,+91 90000 01890
W01891,Priya Joshi,+91 90000 01891
W01892,Ananya Bhat,+91 90000 01892
W01893,Isha Iyer,+91 90000 01893
W01894,Kavya Rao,+91 90000 01894
W01895,Neha Kapoor,+91 90000 01895
W01896,Pooja Nair,+91 90000 01896
W01897,Sneha Das,+91 90000 01897
W01898,Meera Mishra,+91 90000 01898
W01899,Riya Mehta,+91 90000 01899
W01900,Aditi Menon,+91 90000 01900
W01901,Aarav Sharma,+91 90000 01901
W01902,Vihaan Verma,+91 90000 01902
W01903,Aditya Chopra,+91 90000 01903
W01904,Arjun Kumar,+91 90000 01904
W01905,Rohan Gupta,+91 90000 01905
W01906,Rahul Malhotra,+91 90000 01906
W01907,Karan Patel,+91 90000 01907
W01908,Vikram Singh,+91 90000 01908
W01909,Siddharth Shah,+91 90000 01909
W01910,Ravi Reddy,+91 90000 01910
W01911,Aman Joshi,+91 90000 01911
W01912,Akash Bhat,+91 90000 01912
W01913,Varun Iyer,+91 90000 01913
W01914,Nikhil Rao,+91 90000 01914
W01915,Sanjay Kapoor,+91 90000 01915
W01916,Priya Nair,+91 90000 01916
W01917,Ananya Das,+91 90000 01917
W01918,Isha Mishra,+91 90000 01918
W01919,Kavya Mehta,+91 90000 01919
W01920,Neha Menon,+91 90000 01920
W01921,Pooja Sharma,+91 90000 01921
W01922,Sneha Verma,+91 90000 01922
W01923,Meera Chopra,+91 90000 01923
W01924,Riya Kumar,+91 90000 01924
W01925,Aditi Gupta,+91 90000 01925
W01926,Aarav Malhotra,+91 90000 01926
W01927,Vihaan Patel,+91 90000 01927
W01928,Aditya Singh,+91 90000 01928
W01929,Arjun Shah,+91 90000 01929
W01930,Rohan Reddy,+91 90000 01930
W01931,Rahul Joshi,+91 90000 01931
W01932,Karan Bhat,+91 90000 01932
W01933,Vikram Iyer,+91 90000 01933
W01934,Siddharth Rao,+91 90000 01934
W01935,Ravi Kapoor,+91 90000 01935
W01936,Aman Nair,+91 90000 01936
W01937,Akash Das,+91 90000 01937
W01938,Varun Mishra,+91 90000 01938
W01939,Nikhil Mehta,+91 90000 01939
W01940,Sanjay Menon,+91 90000 01940
W01941,Priya Sharma,+91 90000 01941
W01942,Ananya Verma,+91 90000 01942
W01943,Isha Chopra,+91 90000 01943
W01944,Kavya Kumar,+91 90000 01944
W01945,Neha Gupta,+91 90000 01945
W01946,Pooja Malhotra,+91 90000 01946
W01947,Sneha Patel,+91 90000 01947
W01948,Meera Singh,+91 90000 01948
W01949,Riya Shah,+91 90000 01949
W01950,Aditi Reddy,+91 90000 01950
W01951,Aarav Joshi,+91 90000 01951
W01952,Vihaan Bhat,+91 90000 01952
W01953,Aditya Iyer,+91 90000 01953
W01954,Arjun Rao,+91 90000 01954
W01955,Rohan Kapoor,+91 90000 01955
W01956,Rahul Nair,+91 90000 01956
W01957,Karan Das,+91 90000 01957
W01958,Vikram Mishra,+91 90000 01958
W01959,Siddharth Mehta,+91 90000 01959
W01960,Ravi Menon,+91 90000 01960
W01961,Aman Sharma,+91 90000 01961
W01962,Akash Verma,+91 90000 01962
W01963,Varun Chopra,+91 90000 01963
W01964,Nikhil Kumar,+91 90000 01964
W01965,Sanjay Gupta,+91 90000 01965
W01966,Priya Malhotra,+91 90000 01966
W01967,Ananya Patel,+91 90000 01967
W01968,Isha Singh,+91 90000 01968
W01969,Kavya Shah,+91 90000 01969
W01970,Neha Reddy,+91 90000 01970
W01971,Pooja Joshi,+91 90000 01971
W01972,Sneha Bhat,+91 90000 01972
W01973,Meera Iyer,+91 90000 01973
W01974,Riya Rao,+91 90000 01974
W01975,Aditi Kapoor,+91 90000 01975
W01976,Aarav Nair,+91 90000 01976
W01977,Vihaan Das,+91 90000 01977
W01978,Aditya Mishra,+91 90000 01978
W01979,Arjun Mehta,+91 90000 01979
W01980,Rohan Menon,+91 90000 01980
W01981,Rahul Sharma,+91 90000 01981
W01982,Karan Verma,+91 90000 01982
W01983,Vikram Chopra,+91 90000 01983
W01984,Siddharth Kumar,+91 90000 01984
W01985,Ravi Gupta,+91 90000 01985
W01986,Aman Malhotra,+91 90000 01986
W01987,Akash Patel,+91 90000 01987
W01988,Varun Singh,+91 90000 01988
W01989,Nikhil Shah,+91 90000 01989
W01990,Sanjay Reddy,+91 90000 01990
W01991,Priya Joshi,+91 90000 01991
W01992,Ananya Bhat,+91 90000 01992
W01993,Isha Iyer,+91 90000 01993
W01994,Kavya Rao,+91 90000 01994
W01995,Neha Kapoor,+91 90000 01995
W01996,Pooja Nair,+91 90000 01996
W01997,Sneha Das,+91 90000 01997
W01998,Meera Mishra,+91 90000 01998
W01999,Riya Mehta,+91 90000 01999
W02000,Aditi Menon,+91 90000 02000
W02001,Aarav Sharma,+91 90000 02001
W02002,Vihaan Verma,+91 90000 02002
W02003,Aditya Chopra,+91 90000 02003
W02004,Arjun Kumar,+91 90000 02004
W02005,Rohan Gupta,+91 90000 02005
W02006,Rahul Malhotra,+91 90000 02006
W02007,Karan Patel,+91 90000 02007
W02008,Vikram Singh,+91 90000 02008
W02009,Siddharth Shah,+91 90000 02009
W02010,Ravi Reddy,+91 90000 02010
W02011,Aman Joshi,+91 90000 02011
W02012,Akash Bhat,+91 90000 02012
W02013,Varun Iyer,+91 90000 02013
W02014,Nikhil Rao,+91 90000 02014
W02015,Sanjay Kapoor,+91 90000 02015
W02016,Priya Nair,+91 90000 02016
W02017,Ananya Das,+91 90000 02017
W02018,Isha Mishra,+91 90000 02018
W02019,Kavya Mehta,+91 90000 02019
W02020,Neha Menon,+91 90000 02020
W02021,Pooja Sharma,+91 90000 02021
W02022,Sneha Verma,+91 90000 02022
W02023,Meera Chopra,+91 90000 02023
W02024,Riya Kumar,+91 90000 02024
W02025,Aditi Gupta,+91 90000 02025
W02026,Aarav Malhotra,+91 90000 02026
W02027,Vihaan Patel,+91 90000 02027
W02028,Aditya Singh,+91 90000 02028
W02029,Arjun Shah,+91 90000 02029
W02030,Rohan Reddy,+91 90000 02030
W02031,Rahul Joshi,+91 90000 02031
W02032,Karan Bhat,+91 90000 02032
W02033,Vikram Iyer,+91 90000 02033
W02034,Siddharth Rao,+91 90000 02034
W02035,Ravi Kapoor,+91 90000 02035
W02036,Aman Nair,+91 90000 02036
W02037,Akash Das,+91 90000 02037
W02038,Varun Mishra,+91 90000 02038
W02039,Nikhil Mehta,+91 90000 02039
W02040,Sanjay Menon,+91 90000 02040
W02041,Priya Sharma,+91 90000 02041
W02042,Ananya Verma,+91 90000 02042
W02043,Isha Chopra,+91 90000 02043
W02044,Kavya Kumar,+91 90000 02044
W02045,Neha Gupta,+91 90000 02045
W02046,Pooja Malhotra,+91 90000 02046
W02047,Sneha Patel,+91 90000 02047
W02048,Meera Singh,+91 90000 02048
W02049,Riya Shah,+91 90000 02049
W02050,Aditi Reddy,+91 90000 02050
W02051,Aarav Joshi,+91 90000 02051
W02052,Vihaan Bhat,+91 90000 02052
W02053,Aditya Iyer,+91 90000 02053
W02054,Arjun Rao,+91 90000 02054
W02055,Rohan Kapoor,+91 90000 02055
W02056,Rahul Nair,+91 90000 02056
W02057,Karan Das,+91 90000 02057
W02058,Vikram Mishra,+91 90000 02058
W02059,Siddharth Mehta,+91 90000 02059
W02060,Ravi Menon,+91 90000 02060
W02061,Aman Sharma,+91 90000 02061
W02062,Akash Verma,+91 90000 02062
W02063,Varun Chopra,+91 90000 02063
W02064,Nikhil Kumar,+91 90000 02064
W02065,Sanjay Gupta,+91 90000 02065
W02066,Priya Malhotra,+91 90000 02066
W02067,Ananya Patel,+91 90000 02067
W02068,Isha Singh,+91 90000 02068
W02069,Kavya Shah,+91 90000 02069
W02070,Neha Reddy,+91 90000 02070
W02071,Pooja Joshi,+91 90000 02071
W02072,Sneha Bhat,+91 90000 02072
W02073,Meera Iyer,+91 90000 02073
W02074,Riya Rao,+91 90000 02074
W02075,Aditi Kapoor,+91 90000 02075
W02076,Aarav Nair,+91 90000 02076
W02077,Vihaan Das,+91 90000 02077
W02078,Aditya Mishra,+91 90000 02078
W02079,Arjun Mehta,+91 90000 02079
W02080,Rohan Menon,+91 90000 02080
W02081,Rahul Sharma,+91 90000 02081
W02082,Karan Verma,+91 90000 02082
W02083,Vikram Chopra,+91 90000 02083
W02084,Siddharth Kumar,+91 90000 02084
W02085,Ravi Gupta,+91 90000 02085
W02086,Aman Malhotra,+91 90000 02086
W02087,Akash Patel,+91 90000 02087
W02088,Varun Singh,+91 90000 02088
W02089,Nikhil Shah,+91 90000 02089
W02090,Sanjay Reddy,+91 90000 02090
W02091,Priya Joshi,+91 90000 02091
W02092,Ananya Bhat,+91 90000 02092
W02093,Isha Iyer,+91 90000 02093
W02094,Kavya Rao,+91 90000 02094
W02095,Neha Kapoor,+91 90000 02095
W02096,Pooja Nair,+91 90000 02096
W02097,Sneha Das,+91 90000 02097
W02098,Meera Mishra,+91 90000 02098
W02099,Riya Mehta,+91 90000 02099
W02100,Aditi Menon,+91 90000 02100
W02101,Aarav Sharma,+91 90000 02101
W02102,Vihaan Verma,+91 90000 02102
W02103,Aditya Chopra,+91 90000 02103
W02104,Arjun Kumar,+91 90000 02104
W02105,Rohan Gupta,+91 90000 02105
W02106,Rahul Malhotra,+91 90000 02106
W02107,Karan Patel,+91 90000 02107
W02108,Vikram Singh,+91 90000 02108
W02109,Siddharth Shah,+91 90000 02109
W02110,Ravi Reddy,+91 90000 02110
W02111,Aman Joshi,+91 90000 02111
W02112,Akash Bhat,+91 90000 02112
W02113,Varun Iyer,+91 90000 02113
W02114,Nikhil Rao,+91 90000 02114
W02115,Sanjay Kapoor,+91 90000 02115
W02116,Priya Nair,+91 90000 02116
W02117,Ananya Das,+91 90000 02117
W02118,Isha Mishra,+91 90000 02118
W02119,Kavya Mehta,+91 90000 02119
W02120,Neha Menon,+91 90000 02120
W02121,Pooja Sharma,+91 90000 02121
W02122,Sneha Verma,+91 90000 02122
W02123,Meera Chopra,+91 90000 02123
W02124,Riya Kumar,+91 90000 02124
W02125,Aditi Gupta,+91 90000 02125
W02126,Aarav Malhotra,+91 90000 02126
W02127,Vihaan Patel,+91 90000 02127
W02128,Aditya Singh,+91 90000 02128
W02129,Arjun Shah,+91 90000 02129
W02130,Rohan Reddy,+91 90000 02130
W02131,Rahul Joshi,+91 90000 02131
W02132,Karan Bhat,+91 90000 02132
W02133,Vikram Iyer,+91 90000 02133
W02134,Siddharth Rao,+91 90000 02134
W02135,Ravi Kapoor,+91 90000 02135
W02136,Aman Nair,+91 90000 02136
W02137,Akash Das,+91 90000 02137
W02138,Varun Mishra,+91 90000 02138
W02139,Nikhil Mehta,+91 90000 02139
W02140,Sanjay Menon,+91 90000 02140
W02141,Priya Sharma,+91 90000 02141
W02142,Ananya Verma,+91 90000 02142
W02143,Isha Chopra,+91 90000 02143
W02144,Kavya Kumar,+91 90000 02144
W02145,Neha Gupta,+91 90000 02145
W02146,Pooja Malhotra,+91 90000 02146
W02147,Sneha Patel,+91 90000 02147
W02148,Meera Singh,+91 90000 02148
W02149,Riya Shah,+91 90000 02149
W02150,Aditi Reddy,+91 90000 02150
W02151,Aarav Joshi,+91 90000 02151
W02152,Vihaan Bhat,+91 90000 02152
W02153,Aditya Iyer,+91 90000 02153
W02154,Arjun Rao,+91 90000 02154
W02155,Rohan Kapoor,+91 90000 02155
W02156,Rahul Nair,+91 90000 02156
W02157,Karan Das,+91 90000 02157
W02158,Vikram Mishra,+91 90000 02158
W02159,Siddharth Mehta,+91 90000 02159
W02160,Ravi Menon,+91 90000 02160
W02161,Aman Sharma,+91 90000 02161
W02162,Akash Verma,+91 90000 02162
W02163,Varun Chopra,+91 90000 02163
W02164,Nikhil Kumar,+91 90000 02164
W02165,Sanjay Gupta,+91 90000 02165
W02166,Priya Malhotra,+91 90000 02166
W02167,Ananya Patel,+91 90000 02167
W02168,Isha Singh,+91 90000 02168
W02169,Kavya Shah,+91 90000 02169
W02170,Neha Reddy,+91 90000 02170
W02171,Pooja Joshi,+91 90000 02171
W02172,Sneha Bhat,+91 90000 02172
W02173,Meera Iyer,+91 90000 02173
W02174,Riya Rao,+91 90000 02174
W02175,Aditi Kapoor,+91 90000 02175
W02176,Aarav Nair,+91 90000 02176
W02177,Vihaan Das,+91 90000 02177
W02178,Aditya Mishra,+91 90000 02178
W02179,Arjun Mehta,+91 90000 02179
W02180,Rohan Menon,+91 90000 02180
W02181,Rahul Sharma,+91 90000 02181
W02182,Karan Verma,+91 90000 02182
W02183,Vikram Chopra,+91 90000 02183
W02184,Siddharth Kumar,+91 90000 02184
W02185,Ravi Gupta,+91 90000 02185
W02186,Aman Malhotra,+91 90000 02186
W02187,Akash Patel,+91 90000 02187
W02188,Varun Singh,+91 90000 02188
W02189,Nikhil Shah,+91 90000 02189
W02190,Sanjay Reddy,+91 90000 02190
W02191,Priya Joshi,+91 90000 02191
W02192,Ananya Bhat,+91 90000 02192
W02193,Isha Iyer,+91 90000 02193
W02194,Kavya Rao,+91 90000 02194
W02195,Neha Kapoor,+91 90000 02195
W02196,Pooja Nair,+91 90000 02196
W02197,Sneha Das,+91 90000 02197
W02198,Meera Mishra,+91 90000 02198
W02199,Riya Mehta,+91 90000 02199
W02200,Aditi Menon,+91 90000 02200
W02201,Aarav Sharma,+91 90000 02201
W02202,Vihaan Verma,+91 90000 02202
W02203,Aditya Chopra,+91 90000 02203
W02204,Arjun Kumar,+91 90000 02204
W02205,Rohan Gupta,+91 90000 02205
W02206,Rahul Malhotra,+91 90000 02206
W02207,Karan Patel,+91 90000 02207
W02208,Vikram Singh,+91 90000 02208
W02209,Siddharth Shah,+91 90000 02209
W02210,Ravi Reddy,+91 90000 02210
W02211,Aman Joshi,+91 90000 02211
W02212,Akash Bhat,+91 90000 02212
W02213,Varun Iyer,+91 90000 02213
W02214,Nikhil Rao,+91 90000 02214
W02215,Sanjay Kapoor,+91 90000 02215
W02216,Priya Nair,+91 90000 02216
W02217,Ananya Das,+91 90000 02217
W02218,Isha Mishra,+91 90000 02218
W02219,Kavya Mehta,+91 90000 02219
W02220,Neha Menon,+91 90000 02220
W02221,Pooja Sharma,+91 90000 02221
W02222,Sneha Verma,+91 90000 02222
W02223,Meera Chopra,+91 90000 02223
W02224,Riya Kumar,+91 90000 02224
W02225,Aditi Gupta,+91 90000 02225
W02226,Aarav Malhotra,+91 90000 02226
W02227,Vihaan Patel,+91 90000 02227
W02228,Aditya Singh,+91 90000 02228
W02229,Arjun Shah,+91 90000 02229
W02230,Rohan Reddy,+91 90000 02230
W02231,Rahul Joshi,+91 90000 02231
W02232,Karan Bhat,+91 90000 02232
W02233,Vikram Iyer,+91 90000 02233
W02234,Siddharth Rao,+91 90000 02234
W02235,Ravi Kapoor,+91 90000 02235
W02236,Aman Nair,+91 90000 02236
W02237,Akash Das,+91 90000 02237
W02238,Varun Mishra,+91 90000 02238
W02239,Nikhil Mehta,+91 90000 02239
W02240,Sanjay Menon,+91 90000 02240
W02241,Priya Sharma,+91 90000 02241
W02242,Ananya Verma,+91 90000 02242
W02243,Isha Chopra,+91 90000 02243
W02244,Kavya Kumar,+91 90000 02244
W02245,Neha Gupta,+91 90000 02245
W02246,Pooja Malhotra,+91 90000 02246
W02247,Sneha Patel,+91 90000 02247
W02248,Meera Singh,+91 90000 02248
W02249,Riya Shah,+91 90000 02249
W02250,Aditi Reddy,+91 90000 02250
W02251,Aarav Joshi,+91 90000 02251
W02252,Vihaan Bhat,+91 90000 02252
W02253,Aditya Iyer,+91 90000 02253
W02254,Arjun Rao,+91 90000 02254
W02255,Rohan Kapoor,+91 90000 02255
W02256,Rahul Nair,+91 90000 02256
W02257,Karan Das,+91 90000 02257
W02258,Vikram Mishra,+91 90000 02258
W02259,Siddharth Mehta,+91 90000 02259
W02260,Ravi Menon,+91 90000 02260
W02261,Aman Sharma,+91 90000 02261
W02262,Akash Verma,+91 90000 02262
W02263,Varun Chopra,+91 90000 02263
W02264,Nikhil Kumar,+91 90000 02264
W02265,Sanjay Gupta,+91 90000 02265
W02266,Priya Malhotra,+91 90000 02266
W02267,Ananya Patel,+91 90000 02267
W02268,Isha Singh,+91 90000 02268
W02269,Kavya Shah,+91 90000 02269
W02270,Neha Reddy,+91 90000 02270
W02271,Pooja Joshi,+91 90000 02271
W02272,Sneha Bhat,+91 90000 02272
W02273,Meera Iyer,+91 90000 02273
W02274,Riya Rao,+91 90000 02274
W02275,Aditi Kapoor,+91 90000 02275
W02276,Aarav Nair,+91 90000 02276
W02277,Vihaan Das,+91 90000 02277
W02278,Aditya Mishra,+91 90000 02278
W02279,Arjun Mehta,+91 90000 02279
W02280,Rohan Menon,+91 90000 02280
W02281,Rahul Sharma,+91 90000 02281
W02282,Karan Verma,+91 90000 02282
W02283,Vikram Chopra,+91 90000 02283
W02284,Siddharth Kumar,+91 90000 02284
W02285,Ravi Gupta,+91 90000 02285
W02286,Aman Malhotra,+91 90000 02286
W02287,Akash Patel,+91 90000 02287
W02288,Varun Singh,+91 90000 02288
W02289,Nikhil Shah,+91 90000 02289
W02290,Sanjay Reddy,+91 90000 02290
W02291,Priya Joshi,+91 90000 02291
W02292,Ananya Bhat,+91 90000 02292
W02293,Isha Iyer,+91 90000 02293
W02294,Kavya Rao,+91 90000 02294
W02295,Neha Kapoor,+91 90000 02295
W02296,Pooja Nair,+91 90000 02296
W02297,Sneha Das,+91 90000 02297
W02298,Meera Mishra,+91 90000 02298
W02299,Riya Mehta,+91 90000 02299
W02300,Aditi Menon,+91 90000 02300
W02301,Aarav Sharma,+91 90000 02301
W02302,Vihaan Verma,+91 90000 02302
W02303,Aditya Chopra,+91 90000 02303
W02304,Arjun Kumar,+91 90000 02304
W02305,Rohan Gupta,+91 90000 02305
W02306,Rahul Malhotra,+91 90000 02306
W02307,Karan Patel,+91 90000 02307
W02308,Vikram Singh,+91 90000 02308
W02309,Siddharth Shah,+91 90000 02309
W02310,Ravi Reddy,+91 90000 02310
W02311,Aman Joshi,+91 90000 02311
W02312,Akash Bhat,+91 90000 02312
W02313,Varun Iyer,+91 90000 02313
W02314,Nikhil Rao,+91 90000 02314
W02315,Sanjay Kapoor,+91 90000 02315
W02316,Priya Nair,+91 90000 02316
W02317,Ananya Das,+91 90000 02317
W02318,Isha Mishra,+91 90000 02318
W02319,Kavya Mehta,+91 90000 02319
W02320,Neha Menon,+91 90000 02320
W02321,Pooja Sharma,+91 90000 02321
W02322,Sneha Verma,+91 90000 02322
W02323,Meera Chopra,+91 90000 02323
W02324,Riya Kumar,+91 90000 02324
W02325,Aditi Gupta,+91 90000 02325
W02326,Aarav Malhotra,+91 90000 02326
W02327,Vihaan Patel,+91 90000 02327
W02328,Aditya Singh,+91 90000 02328
W02329,Arjun Shah,+91 90000 02329
W02330,Rohan Reddy,+91 90000 02330
W02331,Rahul Joshi,+91 90000 02331
W02332,Karan Bhat,+91 90000 02332
W02333,Vikram Iyer,+91 90000 02333
W02334,Siddharth Rao,+91 90000 02334
W02335,Ravi Kapoor,+91 90000 02335
W02336,Aman Nair,+91 90000 02336
W02337,Akash Das,+91 90000 02337
W02338,Varun Mishra,+91 90000 02338
W02339,Nikhil Mehta,+91 90000 02339
W02340,Sanjay Menon,+91 90000 02340
W02341,Priya Sharma,+91 90000 02341
W02342,Ananya Verma,+91 90000 02342
W02343,Isha Chopra,+91 90000 02343
W02344,Kavya Kumar,+91 90000 02344
W02345,Neha Gupta,+91 90000 02345
W02346,Pooja Malhotra,+91 90000 02346
W02347,Sneha Patel,+91 90000 02347
W02348,Meera Singh,+91 90000 02348
W02349,Riya Shah,+91 90000 02349
W02350,Aditi Reddy,+91 90000 02350
W02351,Aarav Joshi,+91 90000 02351
W02352,Vihaan Bhat,+91 90000 02352
W02353,Aditya Iyer,+91 90000 02353
W02354,Arjun Rao,+91 90000 02354
W02355,Rohan Kapoor,+91 90000 02355
W02356,Rahul Nair,+91 90000 02356
W02357,Karan Das,+91 90000 02357
W02358,Vikram Mishra,+91 90000 02358
W02359,Siddharth Mehta,+91 90000 02359
W02360,Ravi Menon,+91 90000 02360
W02361,Aman Sharma,+91 90000 02361
W02362,Akash Verma,+91 90000 02362
W02363,Varun Chopra,+91 90000 02363
W02364,Nikhil Kumar,+91 90000 02364
W02365,Sanjay Gupta,+91 90000 02365
W02366,Priya Malhotra,+91 90000 02366
W02367,Ananya Patel,+91 90000 02367
W02368,Isha Singh,+91 90000 02368
W02369,Kavya Shah,+91 90000 02369
W02370,Neha Reddy,+91 90000 02370
W02371,Pooja Joshi,+91 90000 02371
W02372,Sneha Bhat,+91 90000 02372
W02373,Meera Iyer,+91 90000 02373
W02374,Riya Rao,+91 90000 02374
W02375,Aditi Kapoor,+91 90000 02375
W02376,Aarav Nair,+91 90000 02376
W02377,Vihaan Das,+91 90000 02377
W02378,Aditya Mishra,+91 90000 02378
W02379,Arjun Mehta,+91 90000 02379
W02380,Rohan Menon,+91 90000 02380
W02381,Rahul Sharma,+91 90000 02381
W02382,Karan Verma,+91 90000 02382
W02383,Vikram Chopra,+91 90000 02383
W02384,Siddharth Kumar,+91 90000 02384
W02385,Ravi Gupta,+91 90000 02385
W02386,Aman Malhotra,+91 90000 02386
W02387,Akash Patel,+91 90000 02387
W02388,Varun Singh,+91 90000 02388
W02389,Nikhil Shah,+91 90000 02389
W02390,Sanjay Reddy,+91 90000 02390
W02391,Priya Joshi,+91 90000 02391
W02392,Ananya Bhat,+91 90000 02392
W02393,Isha Iyer,+91 90000 02393
W02394,Kavya Rao,+91 90000 02394
W02395,Neha Kapoor,+91 90000 02395
W02396,Pooja Nair,+91 90000 02396
W02397,Sneha Das,+91 90000 02397
W02398,Meera Mishra,+91 90000 02398
W02399,Riya Mehta,+91 90000 02399
W02400,Aditi Menon,+91 90000 02400
W02401,Aarav Sharma,+91 90000 02401
W02402,Vihaan Verma,+91 90000 02402
W02403,Aditya Chopra,+91 90000 02403
W02404,Arjun Kumar,+91 90000 02404
W02405,Rohan Gupta,+91 90000 02405
W02406,Rahul Malhotra,+91 90000 02406
W02407,Karan Patel,+91 90000 02407
W02408,Vikram Singh,+91 90000 02408
W02409,Siddharth Shah,+91 90000 02409
W02410,Ravi Reddy,+91 90000 02410
W02411,Aman Joshi,+91 90000 02411
W02412,Akash Bhat,+91 90000 02412
W02413,Varun Iyer,+91 90000 02413
W02414,Nikhil Rao,+91 90000 02414
W02415,Sanjay Kapoor,+91 90000 02415
W02416,Priya Nair,+91 90000 02416
W02417,Ananya Das,+91 90000 02417
W02418,Isha Mishra,+91 90000 02418
W02419,Kavya Mehta,+91 90000 02419
W02420,Neha Menon,+91 90000 02420
W02421,Pooja Sharma,+91 90000 02421
W02422,Sneha Verma,+91 90000 02422
W02423,Meera Chopra,+91 90000 02423
W02424,Riya Kumar,+91 90000 02424
W02425,Aditi Gupta,+91 90000 02425
W02426,Aarav Malhotra,+91 90000 02426
W02427,Vihaan Patel,+91 90000 02427
W02428,Aditya Singh,+91 90000 02428
W02429,Arjun Shah,+91 90000 02429
W02430,Rohan Reddy,+91 90000 02430
W02431,Rahul Joshi,+91 90000 02431
W02432,Karan Bhat,+91 90000 02432
W02433,Vikram Iyer,+91 90000 02433
W02434,Siddharth Rao,+91 90000 02434
W02435,Ravi Kapoor,+91 90000 02435
W02436,Aman Nair,+91 90000 02436
W02437,Akash Das,+91 90000 02437
W02438,Varun Mishra,+91 90000 02438
W02439,Nikhil Mehta,+91 90000 02439
W02440,Sanjay Menon,+91 90000 02440
W02441,Priya Sharma,+91 90000 02441
W02442,Ananya Verma,+91 90000 02442
W02443,Isha Chopra,+91 90000 02443
W02444,Kavya Kumar,+91 90000 02444
W02445,Neha Gupta,+91 90000 02445
W02446,Pooja Malhotra,+91 90000 02446
W02447,Sneha Patel,+91 90000 02447
W02448,Meera Singh,+91 90000 02448
W02449,Riya Shah,+91 90000 02449
W02450,Aditi Reddy,+91 90000 02450
W02451,Aarav Joshi,+91 90000 02451
W02452,Vihaan Bhat,+91 90000 02452
W02453,Aditya Iyer,+91 90000 02453
W02454,Arjun Rao,+91 90000 02454
W02455,Rohan Kapoor,+91 90000 02455
W02456,Rahul Nair,+91 90000 02456
W02457,Karan Das,+91 90000 02457
W02458,Vikram Mishra,+91 90000 02458
W02459,Siddharth Mehta,+91 90000 02459
W02460,Ravi Menon,+91 90000 02460
W02461,Aman Sharma,+91 90000 02461
W02462,Akash Verma,+91 90000 02462
W02463,Varun Chopra,+91 90000 02463
W02464,Nikhil Kumar,+91 90000 02464
W02465,Sanjay Gupta,+91 90000 02465
W02466,Priya Malhotra,+91 90000 02466
W02467,Ananya Patel,+91 90000 02467
W02468,Isha Singh,+91 90000 02468
W02469,Kavya Shah,+91 90000 02469
W02470,Neha Reddy,+91 90000 02470
W02471,Pooja Joshi,+91 90000 02471
W02472,Sneha Bhat,+91 90000 02472
W02473,Meera Iyer,+91 90000 02473
W02474,Riya Rao,+91 90000 02474
W02475,Aditi Kapoor,+91 90000 02475
W02476,Aarav Nair,+91 90000 02476
W02477,Vihaan Das,+91 90000 02477
W02478,Aditya Mishra,+91 90000 02478
W02479,Arjun Mehta,+91 90000 02479
W02480,Rohan Menon,+91 90000 02480
W02481,Rahul Sharma,+91 90000 02481
W02482,Karan Verma,+91 90000 02482
W02483,Vikram Chopra,+91 90000 02483
W02484,Siddharth Kumar,+91 90000 02484
W02485,Ravi Gupta,+91 90000 02485
W02486,Aman Malhotra,+91 90000 02486
W02487,Akash Patel,+91 90000 02487
W02488,Varun Singh,+91 90000 02488
W02489,Nikhil Shah,+91 90000 02489
W02490,Sanjay Reddy,+91 90000 02490
W02491,Priya Joshi,+91 90000 02491
W02492,Ananya Bhat,+91 90000 02492
W02493,Isha Iyer,+91 90000 02493
W02494,Kavya Rao,+91 90000 02494
W02495,Neha Kapoor,+91 90000 02495
W02496,Pooja Nair,+91 90000 02496
W02497,Sneha Das,+91 90000 02497
W02498,Meera Mishra,+91 90000 02498
W02499,Riya Mehta,+91 90000 02499
W02500,Aditi Menon,+91 90000 02500
W02501,Aarav Sharma,+91 90000 02501
W02502,Vihaan Verma,+91 90000 02502
W02503,Aditya Chopra,+91 90000 02503
W02504,Arjun Kumar,+91 90000 02504
W02505,Rohan Gupta,+91 90000 02505
W02506,Rahul Malhotra,+91 90000 02506
W02507,Karan Patel,+91 90000 02507
W02508,Vikram Singh,+91 90000 02508
W02509,Siddharth Shah,+91 90000 02509
W02510,Ravi Reddy,+91 90000 02510
W02511,Aman Joshi,+91 90000 02511
W02512,Akash Bhat,+91 90000 02512
W02513,Varun Iyer,+91 90000 02513
W02514,Nikhil Rao,+91 90000 02514
W02515,Sanjay Kapoor,+91 90000 02515
W02516,Priya Nair,+91 90000 02516
W02517,Ananya Das,+91 90000 02517
W02518,Isha Mishra,+91 90000 02518
W02519,Kavya Mehta,+91 90000 02519
W02520,Neha Menon,+91 90000 02520
W02521,Pooja Sharma,+91 90000 02521
W02522,Sneha Verma,+91 90000 02522
W02523,Meera Chopra,+91 90000 02523
W02524,Riya Kumar,+91 90000 02524
W02525,Aditi Gupta,+91 90000 02525
W02526,Aarav Malhotra,+91 90000 02526
W02527,Vihaan Patel,+91 90000 02527
W02528,Aditya Singh,+91 90000 02528
W02529,Arjun Shah,+91 90000 02529
W02530,Rohan Reddy,+91 90000 02530
W02531,Rahul Joshi,+91 90000 02531
W02532,Karan Bhat,+91 90000 02532
W02533,Vikram Iyer,+91 90000 02533
W02534,Siddharth Rao,+91 90000 02534
W02535,Ravi Kapoor,+91 90000 02535
W02536,Aman Nair,+91 90000 02536
W02537,Akash Das,+91 90000 02537
W02538,Varun Mishra,+91 90000 02538
W02539,Nikhil Mehta,+91 90000 02539
W02540,Sanjay Menon,+91 90000 02540
W02541,Priya Sharma,+91 90000 02541
W02542,Ananya Verma,+91 90000 02542
W02543,Isha Chopra,+91 90000 02543
W02544,Kavya Kumar,+91 90000 02544
W02545,Neha Gupta,+91 90000 02545
W02546,Pooja Malhotra,+91 90000 02546
W02547,Sneha Patel,+91 90000 02547
W02548,Meera Singh,+91 90000 02548
W02549,Riya Shah,+91 90000 02549
W02550,Aditi Reddy,+91 90000 02550
W02551,Aarav Joshi,+91 90000 02551
W02552,Vihaan Bhat,+91 90000 02552
W02553,Aditya Iyer,+91 90000 02553
W02554,Arjun Rao,+91 90000 02554
W02555,Rohan Kapoor,+91 90000 02555
W02556,Rahul Nair,+91 90000 02556
W02557,Karan Das,+91 90000 02557
W02558,Vikram Mishra,+91 90000 02558
W02559,Siddharth Mehta,+91 90000 02559
W02560,Ravi Menon,+91 90000 02560
W02561,Aman Sharma,+91 90000 02561
W02562,Akash Verma,+91 90000 02562
W02563,Varun Chopra,+91 90000 02563
W02564,Nikhil Kumar,+91 90000 02564
W02565,Sanjay Gupta,+91 90000 02565
W02566,Priya Malhotra,+91 90000 02566
W02567,Ananya Patel,+91 90000 02567
W02568,Isha Singh,+91 90000 02568
W02569,Kavya Shah,+91 90000 02569
W02570,Neha Reddy,+91 90000 02570
W02571,Pooja Joshi,+91 90000 02571
W02572,Sneha Bhat,+91 90000 02572
W02573,Meera Iyer,+91 90000 02573
W02574,Riya Rao,+91 90000 02574
W02575,Aditi Kapoor,+91 90000 02575
W02576,Aarav Nair,+91 90000 02576
W02577,Vihaan Das,+91 90000 02577
W02578,Aditya Mishra,+91 90000 02578
W02579,Arjun Mehta,+91 90000 02579
W02580,Rohan Menon,+91 90000 02580
W02581,Rahul Sharma,+91 90000 02581
W02582,Karan Verma,+91 90000 02582
W02583,Vikram Chopra,+91 90000 02583
W02584,Siddharth Kumar,+91 90000 02584
W02585,Ravi Gupta,+91 90000 02585
W02586,Aman Malhotra,+91 90000 02586
W02587,Akash Patel,+91 90000 02587
W02588,Varun Singh,+91 90000 02588
W02589,Nikhil Shah,+91 90000 02589
W02590,Sanjay Reddy,+91 90000 02590
W02591,Priya Joshi,+91 90000 02591
W02592,Ananya Bhat,+91 90000 02592
W02593,Isha Iyer,+91 90000 02593
W02594,Kavya Rao,+91 90000 02594
W02595,Neha Kapoor,+91 90000 02595
W02596,Pooja Nair,+91 90000 02596
W02597,Sneha Das,+91 90000 02597
W02598,Meera Mishra,+91 90000 02598
W02599,Riya Mehta,+91 90000 02599
W02600,Aditi Menon,+91 90000 02600
W02601,Aarav Sharma,+91 90000 02601
W02602,Vihaan Verma,+91 90000 02602
W02603,Aditya Chopra,+91 90000 02603
W02604,Arjun Kumar,+91 90000 02604
W02605,Rohan Gupta,+91 90000 02605
W02606,Rahul Malhotra,+91 90000 02606
W02607,Karan Patel,+91 90000 02607
W02608,Vikram Singh,+91 90000 02608
W02609,Siddharth Shah,+91 90000 02609
W02610,Ravi Reddy,+91 90000 02610
W02611,Aman Joshi,+91 90000 02611
W02612,Akash Bhat,+91 90000 02612
W02613,Varun Iyer,+91 90000 02613
W02614,Nikhil Rao,+91 90000 02614
W02615,Sanjay Kapoor,+91 90000 02615
W02616,Priya Nair,+91 90000 02616
W02617,Ananya Das,+91 90000 02617
W02618,Isha Mishra,+91 90000 02618
W02619,Kavya Mehta,+91 90000 02619
W02620,Neha Menon,+91 90000 02620
W02621,Pooja Sharma,+91 90000 02621
W02622,Sneha Verma,+91 90000 02622
W02623,Meera Chopra,+91 90000 02623
W02624,Riya Kumar,+91 90000 02624
W02625,Aditi Gupta,+91 90000 02625
W02626,Aarav Malhotra,+91 90000 02626
W02627,Vihaan Patel,+91 90000 02627
W02628,Aditya Singh,+91 90000 02628
W02629,Arjun Shah,+91 90000 02629
W02630,Rohan Reddy,+91 90000 02630
W02631,Rahul Joshi,+91 90000 02631
W02632,Karan Bhat,+91 90000 02632
W02633,Vikram Iyer,+91 90000 02633
W02634,Siddharth Rao,+91 90000 02634
W02635,Ravi Kapoor,+91 90000 02635
W02636,Aman Nair,+91 90000 02636
W02637,Akash Das,+91 90000 02637
W02638,Varun Mishra,+91 90000 02638
W02639,Nikhil Mehta,+91 90000 02639
W02640,Sanjay Menon,+91 90000 02640
W02641,Priya Sharma,+91 90000 02641
W02642,Ananya Verma,+91 90000 02642
W02643,Isha Chopra,+91 90000 02643
W02644,Kavya Kumar,+91 90000 02644
W02645,Neha Gupta,+91 90000 02645
W02646,Pooja Malhotra,+91 90000 02646
W02647,Sneha Patel,+91 90000 02647
W02648,Meera Singh,+91 90000 02648
W02649,Riya Shah,+91 90000 02649
W02650,Aditi Reddy,+91 90000 02650
W02651,Aarav Joshi,+91 90000 02651
W02652,Vihaan Bhat,+91 90000 02652
W02653,Aditya Iyer,+91 90000 02653
W02654,Arjun Rao,+91 90000 02654
W02655,Rohan Kapoor,+91 90000 02655
W02656,Rahul Nair,+91 90000 02656
W02657,Karan Das,+91 90000 02657
W02658,Vikram Mishra,+91 90000 02658
W02659,Siddharth Mehta,+91 90000 02659
W02660,Ravi Menon,+91 90000 02660
W02661,Aman Sharma,+91 90000 02661
W02662,Akash Verma,+91 90000 02662
W02663,Varun Chopra,+91 90000 02663
W02664,Nikhil Kumar,+91 90000 02664
W02665,Sanjay Gupta,+91 90000 02665
W02666,Priya Malhotra,+91 90000 02666
W02667,Ananya Patel,+91 90000 02667
W02668,Isha Singh,+91 90000 02668
W02669,Kavya Shah,+91 90000 02669
W02670,Neha Reddy,+91 90000 02670
W02671,Pooja Joshi,+91 90000 02671
W02672,Sneha Bhat,+91 90000 02672
W02673,Meera Iyer,+91 90000 02673
W02674,Riya Rao,+91 90000 02674
W02675,Aditi Kapoor,+91 90000 02675
W02676,Aarav Nair,+91 90000 02676
W02677,Vihaan Das,+91 90000 02677
W02678,Aditya Mishra,+91 90000 02678
W02679,Arjun Mehta,+91 90000 02679
W02680,Rohan Menon,+91 90000 02680
W02681,Rahul Sharma,+91 90000 02681
W02682,Karan Verma,+91 90000 02682
W02683,Vikram Chopra,+91 90000 02683
W02684,Siddharth Kumar,+91 90000 02684
W02685,Ravi Gupta,+91 90000 02685
W02686,Aman Malhotra,+91 90000 02686
W02687,Akash Patel,+91 90000 02687
W02688,Varun Singh,+91 90000 02688
W02689,Nikhil Shah,+91 90000 02689
W02690,Sanjay Reddy,+91 90000 02690
W02691,Priya Joshi,+91 90000 02691
W02692,Ananya Bhat,+91 90000 02692
W02693,Isha Iyer,+91 90000 02693
W02694,Kavya Rao,+91 90000 02694
W02695,Neha Kapoor,+91 90000 02695
W02696,Pooja Nair,+91 90000 02696
W02697,Sneha Das,+91 90000 02697
W02698,Meera Mishra,+91 90000 02698
W02699,Riya Mehta,+91 90000 02699
W02700,Aditi Menon,+91 90000 02700
W02701,Aarav Sharma,+91 90000 02701
W02702,Vihaan Verma,+91 90000 02702
W02703,Aditya Chopra,+91 90000 02703
W02704,Arjun Kumar,+91 90000 02704
W02705,Rohan Gupta,+91 90000 02705
W02706,Rahul Malhotra,+91 90000 02706
W02707,Karan Patel,+91 90000 02707
W02708,Vikram Singh,+91 90000 02708
W02709,Siddharth Shah,+91 90000 02709
W02710,Ravi Reddy,+91 90000 02710
W02711,Aman Joshi,+91 90000 02711
W02712,Akash Bhat,+91 90000 02712
W02713,Varun Iyer,+91 90000 02713
W02714,Nikhil Rao,+91 90000 02714
W02715,Sanjay Kapoor,+91 90000 02715
W02716,Priya Nair,+91 90000 02716
W02717,Ananya Das,+91 90000 02717
W02718,Isha Mishra,+91 90000 02718
W02719,Kavya Mehta,+91 90000 02719
W02720,Neha Menon,+91 90000 02720
W02721,Pooja Sharma,+91 90000 02721
W02722,Sneha Verma,+91 90000 02722
W02723,Meera Chopra,+91 90000 02723
W02724,Riya Kumar,+91 90000 02724
W02725,Aditi Gupta,+91 90000 02725
W02726,Aarav Malhotra,+91 90000 02726
W02727,Vihaan Patel,+91 90000 02727
W02728,Aditya Singh,+91 90000 02728
W02729,Arjun Shah,+91 90000 02729
W02730,Rohan Reddy,+91 90000 02730
W02731,Rahul Joshi,+91 90000 02731
W02732,Karan Bhat,+91 90000 02732
W02733,Vikram Iyer,+91 90000 02733
W02734,Siddharth Rao,+91 90000 02734
W02735,Ravi Kapoor,+91 90000 02735
W02736,Aman Nair,+91 90000 02736
W02737,Akash Das,+91 90000 02737
W02738,Varun Mishra,+91 90000 02738
W02739,Nikhil Mehta,+91 90000 02739
W02740,Sanjay Menon,+91 90000 02740
W02741,Priya Sharma,+91 90000 02741
W02742,Ananya Verma,+91 90000 02742
W02743,Isha Chopra,+91 90000 02743
W02744,Kavya Kumar,+91 90000 02744
W02745,Neha Gupta,+91 90000 02745
W02746,Pooja Malhotra,+91 90000 02746
W02747,Sneha Patel,+91 90000 02747
W02748,Meera Singh,+91 90000 02748
W02749,Riya Shah,+91 90000 02749
W02750,Aditi Reddy,+91 90000 02750
W02751,Aarav Joshi,+91 90000 02751
W02752,Vihaan Bhat,+91 90000 02752
W02753,Aditya Iyer,+91 90000 02753
W02754,Arjun Rao,+91 90000 02754
W02755,Rohan Kapoor,+91 90000 02755
W02756,Rahul Nair,+91 90000 02756
W02757,Karan Das,+91 90000 02757
W02758,Vikram Mishra,+91 90000 02758
W02759,Siddharth Mehta,+91 90000 02759
W02760,Ravi Menon,+91 90000 02760
W02761,Aman Sharma,+91 90000 02761
W02762,Akash Verma,+91 90000 02762
W02763,Varun Chopra,+91 90000 02763
W02764,Nikhil Kumar,+91 90000 02764
W02765,Sanjay Gupta,+91 90000 02765
W02766,Priya Malhotra,+91 90000 02766
W02767,Ananya Patel,+91 90000 02767
W02768,Isha Singh,+91 90000 02768
W02769,Kavya Shah,+91 90000 02769
W02770,Neha Reddy,+91 90000 02770
W02771,Pooja Joshi,+91 90000 02771
W02772,Sneha Bhat,+91 90000 02772
W02773,Meera Iyer,+91 90000 02773
W02774,Riya Rao,+91 90000 02774
W02775,Aditi Kapoor,+91 90000 02775
W02776,Aarav Nair,+91 90000 02776
W02777,Vihaan Das,+91 90000 02777
W02778,Aditya Mishra,+91 90000 02778
W02779,Arjun Mehta,+91 90000 02779
W02780,Rohan Menon,+91 90000 02780
W02781,Rahul Sharma,+91 90000 02781
W02782,Karan Verma,+91 90000 02782
W02783,Vikram Chopra,+91 90000 02783
W02784,Siddharth Kumar,+91 90000 02784
W02785,Ravi Gupta,+91 90000 02785
W02786,Aman Malhotra,+91 90000 02786
W02787,Akash Patel,+91 90000 02787
W02788,Varun Singh,+91 90000 02788
W02789,Nikhil Shah,+91 90000 02789
W02790,Sanjay Reddy,+91 90000 02790
W02791,Priya Joshi,+91 90000 02791
W02792,Ananya Bhat,+91 90000 02792
W02793,Isha Iyer,+91 90000 02793
W02794,Kavya Rao,+91 90000 02794
W02795,Neha Kapoor,+91 90000 02795
W02796,Pooja Nair,+91 90000 02796
W02797,Sneha Das,+91 90000 02797
W02798,Meera Mishra,+91 90000 02798
W02799,Riya Mehta,+91 90000 02799
W02800,Aditi Menon,+91 90000 02800
W02801,Aarav Sharma,+91 90000 02801
W02802,Vihaan Verma,+91 90000 02802
W02803,Aditya Chopra,+91 90000 02803
W02804,Arjun Kumar,+91 90000 02804
W02805,Rohan Gupta,+91 90000 02805
W02806,Rahul Malhotra,+91 90000 02806
W02807,Karan Patel,+91 90000 02807
W02808,Vikram Singh,+91 90000 02808
W02809,Siddharth Shah,+91 90000 02809
W02810,Ravi Reddy,+91 90000 02810
W02811,Aman Joshi,+91 90000 02811
W02812,Akash Bhat,+91 90000 02812
W02813,Varun Iyer,+91 90000 02813
W02814,Nikhil Rao,+91 90000 02814
W02815,Sanjay Kapoor,+91 90000 02815
W02816,Priya Nair,+91 90000 02816
W02817,Ananya Das,+91 90000 02817
W02818,Isha Mishra,+91 90000 02818
W02819,Kavya Mehta,+91 90000 02819
W02820,Neha Menon,+91 90000 02820
W02821,Pooja Sharma,+91 90000 02821
W02822,Sneha Verma,+91 90000 02822
W02823,Meera Chopra,+91 90000 02823
W02824,Riya Kumar,+91 90000 02824
W02825,Aditi Gupta,+91 90000 02825
W02826,Aarav Malhotra,+91 90000 02826
W02827,Vihaan Patel,+91 90000 02827
W02828,Aditya Singh,+91 90000 02828
W02829,Arjun Shah,+91 90000 02829
W02830,Rohan Reddy,+91 90000 02830
W02831,Rahul Joshi,+91 90000 02831
W02832,Karan Bhat,+91 90000 02832
W02833,Vikram Iyer,+91 90000 02833
W02834,Siddharth Rao,+91 90000 02834
W02835,Ravi Kapoor,+91 90000 02835
W02836,Aman Nair,+91 90000 02836
W02837,Akash Das,+91 90000 02837
W02838,Varun Mishra,+91 90000 02838
W02839,Nikhil Mehta,+91 90000 02839
W02840,Sanjay Menon,+91 90000 02840
W02841,Priya Sharma,+91 90000 02841
W02842,Ananya Verma,+91 90000 02842
W02843,Isha Chopra,+91 90000 02843
W02844,Kavya Kumar,+91 90000 02844
W02845,Neha Gupta,+91 90000 02845
W02846,Pooja Malhotra,+91 90000 02846
W02847,Sneha Patel,+91 90000 02847
W02848,Meera Singh,+91 90000 02848
W02849,Riya Shah,+91 90000 02849
W02850,Aditi Reddy,+91 90000 02850
W02851,Aarav Joshi,+91 90000 02851
W02852,Vihaan Bhat,+91 90000 02852
W02853,Aditya Iyer,+91 90000 02853
W02854,Arjun Rao,+91 90000 02854
W02855,Rohan Kapoor,+91 90000 02855
W02856,Rahul Nair,+91 90000 02856
W02857,Karan Das,+91 90000 02857
W02858,Vikram Mishra,+91 90000 02858
W02859,Siddharth Mehta,+91 90000 02859
W02860,Ravi Menon,+91 90000 02860
W02861,Aman Sharma,+91 90000 02861
W02862,Akash Verma,+91 90000 02862
W02863,Varun Chopra,+91 90000 02863
W02864,Nikhil Kumar,+91 90000 02864
W02865,Sanjay Gupta,+91 90000 02865
W02866,Priya Malhotra,+91 90000 02866
W02867,Ananya Patel,+91 90000 02867
W02868,Isha Singh,+91 90000 02868
W02869,Kavya Shah,+91 90000 02869
W02870,Neha Reddy,+91 90000 02870
W02871,Pooja Joshi,+91 90000 02871
W02872,Sneha Bhat,+91 90000 02872
W02873,Meera Iyer,+91 90000 02873
W02874,Riya Rao,+91 90000 02874
W02875,Aditi Kapoor,+91 90000 02875
W02876,Aarav Nair,+91 90000 02876
W02877,Vihaan Das,+91 90000 02877
W02878,Aditya Mishra,+91 90000 02878
W02879,Arjun Mehta,+91 90000 02879
W02880,Rohan Menon,+91 90000 02880
W02881,Rahul Sharma,+91 90000 02881
W02882,Karan Verma,+91 90000 02882
W02883,Vikram Chopra,+91 90000 02883
W02884,Siddharth Kumar,+91 90000 02884
W02885,Ravi Gupta,+91 90000 02885
W02886,Aman Malhotra,+91 90000 02886
W02887,Akash Patel,+91 90000 02887
W02888,Varun Singh,+91 90000 02888
W02889,Nikhil Shah,+91 90000 02889
W02890,Sanjay Reddy,+91 90000 02890
W02891,Priya Joshi,+91 90000 02891
W02892,Ananya Bhat,+91 90000 02892
W02893,Isha Iyer,+91 90000 02893
W02894,Kavya Rao,+91 90000 02894
W02895,Neha Kapoor,+91 90000 02895
W02896,Pooja Nair,+91 90000 02896
W02897,Sneha Das,+91 90000 02897
W02898,Meera Mishra,+91 90000 02898
W02899,Riya Mehta,+91 90000 02899
W02900,Aditi Menon,+91 90000 02900
W02901,Aarav Sharma,+91 90000 02901
W02902,Vihaan Verma,+91 90000 02902
W02903,Aditya Chopra,+91 90000 02903
W02904,Arjun Kumar,+91 90000 02904
W02905,Rohan Gupta,+91 90000 02905
W02906,Rahul Malhotra,+91 90000 02906
W02907,Karan Patel,+91 90000 02907
W02908,Vikram Singh,+91 90000 02908
W02909,Siddharth Shah,+91 90000 02909
W02910,Ravi Reddy,+91 90000 02910
W02911,Aman Joshi,+91 90000 02911
W02912,Akash Bhat,+91 90000 02912
W02913,Varun Iyer,+91 90000 02913
W02914,Nikhil Rao,+91 90000 02914
W02915,Sanjay Kapoor,+91 90000 02915
W02916,Priya Nair,+91 90000 02916
W02917,Ananya Das,+91 90000 02917
W02918,Isha Mishra,+91 90000 02918
W02919,Kavya Mehta,+91 90000 02919
W02920,Neha Menon,+91 90000 02920
W02921,Pooja Sharma,+91 90000 02921
W02922,Sneha Verma,+91 90000 02922
W02923,Meera Chopra,+91 90000 02923
W02924,Riya Kumar,+91 90000 02924
W02925,Aditi Gupta,+91 90000 02925
W02926,Aarav Malhotra,+91 90000 02926
W02927,Vihaan Patel,+91 90000 02927
W02928,Aditya Singh,+91 90000 02928
W02929,Arjun Shah,+91 90000 02929
W02930,Rohan Reddy,+91 90000 02930
W02931,Rahul Joshi,+91 90000 02931
W02932,Karan Bhat,+91 90000 02932
W02933,Vikram Iyer,+91 90000 02933
W02934,Siddharth Rao,+91 90000 02934
W02935,Ravi Kapoor,+91 90000 02935
W02936,Aman Nair,+91 90000 02936
W02937,Akash Das,+91 90000 02937
W02938,Varun Mishra,+91 90000 02938
W02939,Nikhil Mehta,+91 90000 02939
W02940,Sanjay Menon,+91 90000 02940
W02941,Priya Sharma,+91 90000 02941
W02942,Ananya Verma,+91 90000 02942
W02943,Isha Chopra,+91 90000 02943
W02944,Kavya Kumar,+91 90000 02944
W02945,Neha Gupta,+91 90000 02945
W02946,Pooja Malhotra,+91 90000 02946
W02947,Sneha Patel,+91 90000 02947
W02948,Meera Singh,+91 90000 02948
W02949,Riya Shah,+91 90000 02949
W02950,Aditi Reddy,+91 90000 02950
W02951,Aarav Joshi,+91 90000 02951
W02952,Vihaan Bhat,+91 90000 02952
W02953,Aditya Iyer,+91 90000 02953
W02954,Arjun Rao,+91 90000 02954
W02955,Rohan Kapoor,+91 90000 02955
W02956,Rahul Nair,+91 90000 02956
W02957,Karan Das,+91 90000 02957
W02958,Vikram Mishra,+91 90000 02958
W02959,Siddharth Mehta,+91 90000 02959
W02960,Ravi Menon,+91 90000 02960
W02961,Aman Sharma,+91 90000 02961
W02962,Akash Verma,+91 90000 02962
W02963,Varun Chopra,+91 90000 02963
W02964,Nikhil Kumar,+91 90000 02964
W02965,Sanjay Gupta,+91 90000 02965
W02966,Priya Malhotra,+91 90000 02966
W02967,Ananya Patel,+91 90000 02967
W02968,Isha Singh,+91 90000 02968
W02969,Kavya Shah,+91 90000 02969
W02970,Neha Reddy,+91 90000 02970
W02971,Pooja Joshi,+91 90000 02971
W02972,Sneha Bhat,+91 90000 02972
W02973,Meera Iyer,+91 90000 02973
W02974,Riya Rao,+91 90000 02974
W02975,Aditi Kapoor,+91 90000 02975
W02976,Aarav Nair,+91 90000 02976
W02977,Vihaan Das,+91 90000 02977
W02978,Aditya Mishra,+91 90000 02978
W02979,Arjun Mehta,+91 90000 02979
W02980,Rohan Menon,+91 90000 02980
W02981,Rahul Sharma,+91 90000 02981
W02982,Karan Verma,+91 90000 02982
W02983,Vikram Chopra,+91 90000 02983
W02984,Siddharth Kumar,+91 90000 02984
W02985,Ravi Gupta,+91 90000 02985
W02986,Aman Malhotra,+91 90000 02986
W02987,Akash Patel,+91 90000 02987
W02988,Varun Singh,+91 90000 02988
W02989,Nikhil Shah,+91 90000 02989
W02990,Sanjay Reddy,+91 90000 02990
W02991,Priya Joshi,+91 90000 02991
W02992,Ananya Bhat,+91 90000 02992
W02993,Isha Iyer,+91 90000 02993
W02994,Kavya Rao,+91 90000 02994
W02995,Neha Kapoor,+91 90000 02995
W02996,Pooja Nair,+91 90000 02996
W02997,Sneha Das,+91 90000 02997
W02998,Meera Mishra,+91 90000 02998
W02999,Riya Mehta,+91 90000 02999
W03000,Aditi Menon,+91 90000 03000
W03001,Aarav Sharma,+91 90000 03001
W03002,Vihaan Verma,+91 90000 03002
W03003,Aditya Chopra,+91 90000 03003
W03004,Arjun Kumar,+91 90000 03004
W03005,Rohan Gupta,+91 90000 03005
W03006,Rahul Malhotra,+91 90000 03006
W03007,Karan Patel,+91 90000 03007
W03008,Vikram Singh,+91 90000 03008
W03009,Siddharth Shah,+91 90000 03009
W03010,Ravi Reddy,+91 90000 03010
W03011,Aman Joshi,+91 90000 03011
W03012,Akash Bhat,+91 90000 03012
W03013,Varun Iyer,+91 90000 03013
W03014,Nikhil Rao,+91 90000 03014
W03015,Sanjay Kapoor,+91 90000 03015
W03016,Priya Nair,+91 90000 03016
W03017,Ananya Das,+91 90000 03017
W03018,Isha Mishra,+91 90000 03018
W03019,Kavya Mehta,+91 90000 03019
W03020,Neha Menon,+91 90000 03020
W03021,Pooja Sharma,+91 90000 03021
W03022,Sneha Verma,+91 90000 03022
W03023,Meera Chopra,+91 90000 03023
W03024,Riya Kumar,+91 90000 03024
W03025,Aditi Gupta,+91 90000 03025
W03026,Aarav Malhotra,+91 90000 03026
W03027,Vihaan Patel,+91 90000 03027
W03028,Aditya Singh,+91 90000 03028
W03029,Arjun Shah,+91 90000 03029
W03030,Rohan Reddy,+91 90000 03030
W03031,Rahul Joshi,+91 90000 03031
W03032,Karan Bhat,+91 90000 03032
W03033,Vikram Iyer,+91 90000 03033
W03034,Siddharth Rao,+91 90000 03034
W03035,Ravi Kapoor,+91 90000 03035
W03036,Aman Nair,+91 90000 03036
W03037,Akash Das,+91 90000 03037
W03038,Varun Mishra,+91 90000 03038
W03039,Nikhil Mehta,+91 90000 03039
W03040,Sanjay Menon,+91 90000 03040
W03041,Priya Sharma,+91 90000 03041
W03042,Ananya Verma,+91 90000 03042
W03043,Isha Chopra,+91 90000 03043
W03044,Kavya Kumar,+91 90000 03044
W03045,Neha Gupta,+91 90000 03045
W03046,Pooja Malhotra,+91 90000 03046
W03047,Sneha Patel,+91 90000 03047
W03048,Meera Singh,+91 90000 03048
W03049,Riya Shah,+91 90000 03049
W03050,Aditi Reddy,+91 90000 03050
W03051,Aarav Joshi,+91 90000 03051
W03052,Vihaan Bhat,+91 90000 03052
W03053,Aditya Iyer,+91 90000 03053
W03054,Arjun Rao,+91 90000 03054
W03055,Rohan Kapoor,+91 90000 03055
W03056,Rahul Nair,+91 90000 03056
W03057,Karan Das,+91 90000 03057
W03058,Vikram Mishra,+91 90000 03058
W03059,Siddharth Mehta,+91 90000 03059
W03060,Ravi Menon,+91 90000 03060
W03061,Aman Sharma,+91 90000 03061
W03062,Akash Verma,+91 90000 03062
W03063,Varun Chopra,+91 90000 03063
W03064,Nikhil Kumar,+91 90000 03064
W03065,Sanjay Gupta,+91 90000 03065
W03066,Priya Malhotra,+91 90000 03066
W03067,Ananya Patel,+91 90000 03067
W03068,Isha Singh,+91 90000 03068
W03069,Kavya Shah,+91 90000 03069
W03070,Neha Reddy,+91 90000 03070
W03071,Pooja Joshi,+91 90000 03071
W03072,Sneha Bhat,+91 90000 03072
W03073,Meera Iyer,+91 90000 03073
W03074,Riya Rao,+91 90000 03074
W03075,Aditi Kapoor,+91 90000 03075
W03076,Aarav Nair,+91 90000 03076
W03077,Vihaan Das,+91 90000 03077
W03078,Aditya Mishra,+91 90000 03078
W03079,Arjun Mehta,+91 90000 03079
W03080,Rohan Menon,+91 90000 03080
W03081,Rahul Sharma,+91 90000 03081
W03082,Karan Verma,+91 90000 03082
W03083,Vikram Chopra,+91 90000 03083
W03084,Siddharth Kumar,+91 90000 03084
W03085,Ravi Gupta,+91 90000 03085
W03086,Aman Malhotra,+91 90000 03086
W03087,Akash Patel,+91 90000 03087
W03088,Varun Singh,+91 90000 03088
W03089,Nikhil Shah,+91 90000 03089
W03090,Sanjay Reddy,+91 90000 03090
W03091,Priya Joshi,+91 90000 03091
W03092,Ananya Bhat,+91 90000 03092
W03093,Isha Iyer,+91 90000 03093
W03094,Kavya Rao,+91 90000 03094
W03095,Neha Kapoor,+91 90000 03095
W03096,Pooja Nair,+91 90000 03096
W03097,Sneha Das,+91 90000 03097
W03098,Meera Mishra,+91 90000 03098
W03099,Riya Mehta,+91 90000 03099
W03100,Aditi Menon,+91 90000 03100
W03101,Aarav Sharma,+91 90000 03101
W03102,Vihaan Verma,+91 90000 03102
W03103,Aditya Chopra,+91 90000 03103
W03104,Arjun Kumar,+91 90000 03104
W03105,Rohan Gupta,+91 90000 03105
W03106,Rahul Malhotra,+91 90000 03106
W03107,Karan Patel,+91 90000 03107
W03108,Vikram Singh,+91 90000 03108
W03109,Siddharth Shah,+91 90000 03109
W03110,Ravi Reddy,+91 90000 03110
W03111,Aman Joshi,+91 90000 03111
W03112,Akash Bhat,+91 90000 03112
W03113,Varun Iyer,+91 90000 03113
W03114,Nikhil Rao,+91 90000 03114
W03115,Sanjay Kapoor,+91 90000 03115
W03116,Priya Nair,+91 90000 03116
W03117,Ananya Das,+91 90000 03117
W03118,Isha Mishra,+91 90000 03118
W03119,Kavya Mehta,+91 90000 03119
W03120,Neha Menon,+91 90000 03120
W03121,Pooja Sharma,+91 90000 03121
W03122,Sneha Verma,+91 90000 03122
W03123,Meera Chopra,+91 90000 03123
W03124,Riya Kumar,+91 90000 03124
W03125,Aditi Gupta,+91 90000 03125
W03126,Aarav Malhotra,+91 90000 03126
W03127,Vihaan Patel,+91 90000 03127
W03128,Aditya Singh,+91 90000 03128
W03129,Arjun Shah,+91 90000 03129
W03130,Rohan Reddy,+91 90000 03130
W03131,Rahul Joshi,+91 90000 03131
W03132,Karan Bhat,+91 90000 03132
W03133,Vikram Iyer,+91 90000 03133
W03134,Siddharth Rao,+91 90000 03134
W03135,Ravi Kapoor,+91 90000 03135
W03136,Aman Nair,+91 90000 03136
W03137,Akash Das,+91 90000 03137
W03138,Varun Mishra,+91 90000 03138
W03139,Nikhil Mehta,+91 90000 03139
W03140,Sanjay Menon,+91 90000 03140
W03141,Priya Sharma,+91 90000 03141
W03142,Ananya Verma,+91 90000 03142
W03143,Isha Chopra,+91 90000 03143
W03144,Kavya Kumar,+91 90000 03144
W03145,Neha Gupta,+91 90000 03145
W03146,Pooja Malhotra,+91 90000 03146
W03147,Sneha Patel,+91 90000 03147
W03148,Meera Singh,+91 90000 03148
W03149,Riya Shah,+91 90000 03149
W03150,Aditi Reddy,+91 90000 03150
W03151,Aarav Joshi,+91 90000 03151
W03152,Vihaan Bhat,+91 90000 03152
W03153,Aditya Iyer,+91 90000 03153
W03154,Arjun Rao,+91 90000 03154
W03155,Rohan Kapoor,+91 90000 03155
W03156,Rahul Nair,+91 90000 03156
W03157,Karan Das,+91 90000 03157
W03158,Vikram Mishra,+91 90000 03158
W03159,Siddharth Mehta,+91 90000 03159
W03160,Ravi Menon,+91 90000 03160
W03161,Aman Sharma,+91 90000 03161
W03162,Akash Verma,+91 90000 03162
W03163,Varun Chopra,+91 90000 03163
W03164,Nikhil Kumar,+91 90000 03164
W03165,Sanjay Gupta,+91 90000 03165
W03166,Priya Malhotra,+91 90000 03166
W03167,Ananya Patel,+91 90000 03167
W03168,Isha Singh,+91 90000 03168
W03169,Kavya Shah,+91 90000 03169
W03170,Neha Reddy,+91 90000 03170
W03171,Pooja Joshi,+91 90000 03171
W03172,Sneha Bhat,+91 90000 03172
W03173,Meera Iyer,+91 90000 03173
W03174,Riya Rao,+91 90000 03174
W03175,Aditi Kapoor,+91 90000 03175
W03176,Aarav Nair,+91 90000 03176
W03177,Vihaan Das,+91 90000 03177
W03178,Aditya Mishra,+91 90000 03178
W03179,Arjun Mehta,+91 90000 03179
W03180,Rohan Menon,+91 90000 03180
W03181,Rahul Sharma,+91 90000 03181
W03182,Karan Verma,+91 90000 03182
W03183,Vikram Chopra,+91 90000 03183
W03184,Siddharth Kumar,+91 90000 03184
W03185,Ravi Gupta,+91 90000 03185
W03186,Aman Malhotra,+91 90000 03186
W03187,Akash Patel,+91 90000 03187
W03188,Varun Singh,+91 90000 03188
W03189,Nikhil Shah,+91 90000 03189
W03190,Sanjay Reddy,+91 90000 03190
W03191,Priya Joshi,+91 90000 03191
W03192,Ananya Bhat,+91 90000 03192
W03193,Isha Iyer,+91 90000 03193
W03194,Kavya Rao,+91 90000 03194
W03195,Neha Kapoor,+91 90000 03195
W03196,Pooja Nair,+91 90000 03196
W03197,Sneha Das,+91 90000 03197
W03198,Meera Mishra,+91 90000 03198
W03199,Riya Mehta,+91 90000 03199
W03200,Aditi Menon,+91 90000 03200
W03201,Aarav Sharma,+91 90000 03201
W03202,Vihaan Verma,+91 90000 03202
W03203,Aditya Chopra,+91 90000 03203
W03204,Arjun Kumar,+91 90000 03204
W03205,Rohan Gupta,+91 90000 03205
W03206,Rahul Malhotra,+91 90000 03206
W03207,Karan Patel,+91 90000 03207
W03208,Vikram Singh,+91 90000 03208
W03209,Siddharth Shah,+91 90000 03209
W03210,Ravi Reddy,+91 90000 03210
W03211,Aman Joshi,+91 90000 03211
W03212,Akash Bhat,+91 90000 03212
W03213,Varun Iyer,+91 90000 03213
W03214,Nikhil Rao,+91 90000 03214
W03215,Sanjay Kapoor,+91 90000 03215
W03216,Priya Nair,+91 90000 03216
W03217,Ananya Das,+91 90000 03217
W03218,Isha Mishra,+91 90000 03218
W03219,Kavya Mehta,+91 90000 03219
W03220,Neha Menon,+91 90000 03220
W03221,Pooja Sharma,+91 90000 03221
W03222,Sneha Verma,+91 90000 03222
W03223,Meera Chopra,+91 90000 03223
W03224,Riya Kumar,+91 90000 03224
W03225,Aditi Gupta,+91 90000 03225
W03226,Aarav Malhotra,+91 90000 03226
W03227,Vihaan Patel,+91 90000 03227
W03228,Aditya Singh,+91 90000 03228
W03229,Arjun Shah,+91 90000 03229
W03230,Rohan Reddy,+91 90000 03230
W03231,Rahul Joshi,+91 90000 03231
W03232,Karan Bhat,+91 90000 03232
W03233,Vikram Iyer,+91 90000 03233
W03234,Siddharth Rao,+91 90000 03234
W03235,Ravi Kapoor,+91 90000 03235
W03236,Aman Nair,+91 90000 03236
W03237,Akash Das,+91 90000 03237
W03238,Varun Mishra,+91 90000 03238
W03239,Nikhil Mehta,+91 90000 03239
W03240,Sanjay Menon,+91 90000 03240
W03241,Priya Sharma,+91 90000 03241
W03242,Ananya Verma,+91 90000 03242
W03243,Isha Chopra,+91 90000 03243
W03244,Kavya Kumar,+91 90000 03244
W03245,Neha Gupta,+91 90000 03245
W03246,Pooja Malhotra,+91 90000 03246
W03247,Sneha Patel,+91 90000 03247
W03248,Meera Singh,+91 90000 03248
W03249,Riya Shah,+91 90000 03249
W03250,Aditi Reddy,+91 90000 03250
W03251,Aarav Joshi,+91 90000 03251
W03252,Vihaan Bhat,+91 90000 03252
W03253,Aditya Iyer,+91 90000 03253
W03254,Arjun Rao,+91 90000 03254
W03255,Rohan Kapoor,+91 90000 03255
W03256,Rahul Nair,+91 90000 03256
W03257,Karan Das,+91 90000 03257
W03258,Vikram Mishra,+91 90000 03258
W03259,Siddharth Mehta,+91 90000 03259
W03260,Ravi Menon,+91 90000 03260
W03261,Aman Sharma,+91 90000 03261
W03262,Akash Verma,+91 90000 03262
W03263,Varun Chopra,+91 90000 03263
W03264,Nikhil Kumar,+91 90000 03264
W03265,Sanjay Gupta,+91 90000 03265
W03266,Priya Malhotra,+91 90000 03266
W03267,Ananya Patel,+91 90000 03267
W03268,Isha Singh,+91 90000 03268
W03269,Kavya Shah,+91 90000 03269
W03270,Neha Reddy,+91 90000 03270
W03271,Pooja Joshi,+91 90000 03271
W03272,Sneha Bhat,+91 90000 03272
W03273,Meera Iyer,+91 90000 03273
W03274,Riya Rao,+91 90000 03274
W03275,Aditi Kapoor,+91 90000 03275
W03276,Aarav Nair,+91 90000 03276
W03277,Vihaan Das,+91 90000 03277
W03278,Aditya Mishra,+91 90000 03278
W03279,Arjun Mehta,+91 90000 03279
W03280,Rohan Menon,+91 90000 03280
W03281,Rahul Sharma,+91 90000 03281
W03282,Karan Verma,+91 90000 03282
W03283,Vikram Chopra,+91 90000 03283
W03284,Siddharth Kumar,+91 90000 03284
W03285,Ravi Gupta,+91 90000 03285
W03286,Aman Malhotra,+91 90000 03286
W03287,Akash Patel,+91 90000 03287
W03288,Varun Singh,+91 90000 03288
W03289,Nikhil Shah,+91 90000 03289
W03290,Sanjay Reddy,+91 90000 03290
W03291,Priya Joshi,+91 90000 03291
W03292,Ananya Bhat,+91 90000 03292
W03293,Isha Iyer,+91 90000 03293
W03294,Kavya Rao,+91 90000 03294
W03295,Neha Kapoor,+91 90000 03295
W03296,Pooja Nair,+91 90000 03296
W03297,Sneha Das,+91 90000 03297
W03298,Meera Mishra,+91 90000 03298
W03299,Riya Mehta,+91 90000 03299
W03300,Aditi Menon,+91 90000 03300
W03301,Aarav Sharma,+91 90000 03301
W03302,Vihaan Verma,+91 90000 03302
W03303,Aditya Chopra,+91 90000 03303
W03304,Arjun Kumar,+91 90000 03304
W03305,Rohan Gupta,+91 90000 03305
W03306,Rahul Malhotra,+91 90000 03306
W03307,Karan Patel,+91 90000 03307
W03308,Vikram Singh,+91 90000 03308
W03309,Siddharth Shah,+91 90000 03309
W03310,Ravi Reddy,+91 90000 03310
W03311,Aman Joshi,+91 90000 03311
W03312,Akash Bhat,+91 90000 03312
W03313,Varun Iyer,+91 90000 03313
W03314,Nikhil Rao,+91 90000 03314
W03315,Sanjay Kapoor,+91 90000 03315
W03316,Priya Nair,+91 90000 03316
W03317,Ananya Das,+91 90000 03317
W03318,Isha Mishra,+91 90000 03318
W03319,Kavya Mehta,+91 90000 03319
W03320,Neha Menon,+91 90000 03320
W03321,Pooja Sharma,+91 90000 03321
W03322,Sneha Verma,+91 90000 03322
W03323,Meera Chopra,+91 90000 03323
W03324,Riya Kumar,+91 90000 03324
W03325,Aditi Gupta,+91 90000 03325
W03326,Aarav Malhotra,+91 90000 03326
W03327,Vihaan Patel,+91 90000 03327
W03328,Aditya Singh,+91 90000 03328
W03329,Arjun Shah,+91 90000 03329
W03330,Rohan Reddy,+91 90000 03330
W03331,Rahul Joshi,+91 90000 03331
W03332,Karan Bhat,+91 90000 03332
W03333,Vikram Iyer,+91 90000 03333
W03334,Siddharth Rao,+91 90000 03334
W03335,Ravi Kapoor,+91 90000 03335
W03336,Aman Nair,+91 90000 03336
W03337,Akash Das,+91 90000 03337
W03338,Varun Mishra,+91 90000 03338
W03339,Nikhil Mehta,+91 90000 03339
W03340,Sanjay Menon,+91 90000 03340
W03341,Priya Sharma,+91 90000 03341
W03342,Ananya Verma,+91 90000 03342
W03343,Isha Chopra,+91 90000 03343
W03344,Kavya Kumar,+91 90000 03344
W03345,Neha Gupta,+91 90000 03345
W03346,Pooja Malhotra,+91 90000 03346
W03347,Sneha Patel,+91 90000 03347
W03348,Meera Singh,+91 90000 03348
W03349,Riya Shah,+91 90000 03349
W03350,Aditi Reddy,+91 90000 03350
W03351,Aarav Joshi,+91 90000 03351
W03352,Vihaan Bhat,+91 90000 03352
W03353,Aditya Iyer,+91 90000 03353
W03354,Arjun Rao,+91 90000 03354
W03355,Rohan Kapoor,+91 90000 03355
W03356,Rahul Nair,+91 90000 03356
W03357,Karan Das,+91 90000 03357
W03358,Vikram Mishra,+91 90000 03358
W03359,Siddharth Mehta,+91 90000 03359
W03360,Ravi Menon,+91 90000 03360
W03361,Aman Sharma,+91 90000 03361
W03362,Akash Verma,+91 90000 03362
W03363,Varun Chopra,+91 90000 03363
W03364,Nikhil Kumar,+91 90000 03364
W03365,Sanjay Gupta,+91 90000 03365
W03366,Priya Malhotra,+91 90000 03366
W03367,Ananya Patel,+91 90000 03367
W03368,Isha Singh,+91 90000 03368
W03369,Kavya Shah,+91 90000 03369
W03370,Neha Reddy,+91 90000 03370
W03371,Pooja Joshi,+91 90000 03371
W03372,Sneha Bhat,+91 90000 03372
W03373,Meera Iyer,+91 90000 03373
W03374,Riya Rao,+91 90000 03374
W03375,Aditi Kapoor,+91 90000 03375
W03376,Aarav Nair,+91 90000 03376
W03377,Vihaan Das,+91 90000 03377
W03378,Aditya Mishra,+91 90000 03378
W03379,Arjun Mehta,+91 90000 03379
W03380,Rohan Menon,+91 90000 03380
W03381,Rahul Sharma,+91 90000 03381
W03382,Karan Verma,+91 90000 03382
W03383,Vikram Chopra,+91 90000 03383
W03384,Siddharth Kumar,+91 90000 03384
W03385,Ravi Gupta,+91 90000 03385
W03386,Aman Malhotra,+91 90000 03386
W03387,Akash Patel,+91 90000 03387
W03388,Varun Singh,+91 90000 03388
W03389,Nikhil Shah,+91 90000 03389
W03390,Sanjay Reddy,+91 90000 03390
W03391,Priya Joshi,+91 90000 03391
W03392,Ananya Bhat,+91 90000 03392
W03393,Isha Iyer,+91 90000 03393
W03394,Kavya Rao,+91 90000 03394
W03395,Neha Kapoor,+91 90000 03395
W03396,Pooja Nair,+91 90000 03396
W03397,Sneha Das,+91 90000 03397
W03398,Meera Mishra,+91 90000 03398
W03399,Riya Mehta,+91 90000 03399
W03400,Aditi Menon,+91 90000 03400
W03401,Aarav Sharma,+91 90000 03401
W03402,Vihaan Verma,+91 90000 03402
W03403,Aditya Chopra,+91 90000 03403
W03404,Arjun Kumar,+91 90000 03404
W03405,Rohan Gupta,+91 90000 03405
W03406,Rahul Malhotra,+91 90000 03406
W03407,Karan Patel,+91 90000 03407
W03408,Vikram Singh,+91 90000 03408
W03409,Siddharth Shah,+91 90000 03409
W03410,Ravi Reddy,+91 90000 03410
W03411,Aman Joshi,+91 90000 03411
W03412,Akash Bhat,+91 90000 03412
W03413,Varun Iyer,+91 90000 03413
W03414,Nikhil Rao,+91 90000 03414
W03415,Sanjay Kapoor,+91 90000 03415
W03416,Priya Nair,+91 90000 03416
W03417,Ananya Das,+91 90000 03417
W03418,Isha Mishra,+91 90000 03418
W03419,Kavya Mehta,+91 90000 03419
W03420,Neha Menon,+91 90000 03420
W03421,Pooja Sharma,+91 90000 03421
W03422,Sneha Verma,+91 90000 03422
W03423,Meera Chopra,+91 90000 03423
W03424,Riya Kumar,+91 90000 03424
W03425,Aditi Gupta,+91 90000 03425
W03426,Aarav Malhotra,+91 90000 03426
W03427,Vihaan Patel,+91 90000 03427
W03428,Aditya Singh,+91 90000 03428
W03429,Arjun Shah,+91 90000 03429
W03430,Rohan Reddy,+91 90000 03430
W03431,Rahul Joshi,+91 90000 03431
W03432,Karan Bhat,+91 90000 03432
W03433,Vikram Iyer,+91 90000 03433
W03434,Siddharth Rao,+91 90000 03434
W03435,Ravi Kapoor,+91 90000 03435
W03436,Aman Nair,+91 90000 03436
W03437,Akash Das,+91 90000 03437
W03438,Varun Mishra,+91 90000 03438
W03439,Nikhil Mehta,+91 90000 03439
W03440,Sanjay Menon,+91 90000 03440
W03441,Priya Sharma,+91 90000 03441
W03442,Ananya Verma,+91 90000 03442
W03443,Isha Chopra,+91 90000 03443
W03444,Kavya Kumar,+91 90000 03444
W03445,Neha Gupta,+91 90000 03445
W03446,Pooja Malhotra,+91 90000 03446
W03447,Sneha Patel,+91 90000 03447
W03448,Meera Singh,+91 90000 03448
W03449,Riya Shah,+91 90000 03449
W03450,Aditi Reddy,+91 90000 03450
W03451,Aarav Joshi,+91 90000 03451
W03452,Vihaan Bhat,+91 90000 03452
W03453,Aditya Iyer,+91 90000 03453
W03454,Arjun Rao,+91 90000 03454
W03455,Rohan Kapoor,+91 90000 03455
W03456,Rahul Nair,+91 90000 03456
W03457,Karan Das,+91 90000 03457
W03458,Vikram Mishra,+91 90000 03458
W03459,Siddharth Mehta,+91 90000 03459
W03460,Ravi Menon,+91 90000 03460
W03461,Aman Sharma,+91 90000 03461
W03462,Akash Verma,+91 90000 03462
W03463,Varun Chopra,+91 90000 03463
W03464,Nikhil Kumar,+91 90000 03464
W03465,Sanjay Gupta,+91 90000 03465
W03466,Priya Malhotra,+91 90000 03466
W03467,Ananya Patel,+91 90000 03467
W03468,Isha Singh,+91 90000 03468
W03469,Kavya Shah,+91 90000 03469
W03470,Neha Reddy,+91 90000 03470
W03471,Pooja Joshi,+91 90000 03471
W03472,Sneha Bhat,+91 90000 03472
W03473,Meera Iyer,+91 90000 03473
W03474,Riya Rao,+91 90000 03474
W03475,Aditi Kapoor,+91 90000 03475
W03476,Aarav Nair,+91 90000 03476
W03477,Vihaan Das,+91 90000 03477
W03478,Aditya Mishra,+91 90000 03478
W03479,Arjun Mehta,+91 90000 03479
W03480,Rohan Menon,+91 90000 03480
W03481,Rahul Sharma,+91 90000 03481
W03482,Karan Verma,+91 90000 03482
W03483,Vikram Chopra,+91 90000 03483
W03484,Siddharth Kumar,+91 90000 03484
W03485,Ravi Gupta,+91 90000 03485
W03486,Aman Malhotra,+91 90000 03486
W03487,Akash Patel,+91 90000 03487
W03488,Varun Singh,+91 90000 03488
W03489,Nikhil Shah,+91 90000 03489
W03490,Sanjay Reddy,+91 90000 03490
W03491,Priya Joshi,+91 90000 03491
W03492,Ananya Bhat,+91 90000 03492
W03493,Isha Iyer,+91 90000 03493
W03494,Kavya Rao,+91 90000 03494
W03495,Neha Kapoor,+91 90000 03495
W03496,Pooja Nair,+91 90000 03496
W03497,Sneha Das,+91 90000 03497
W03498,Meera Mishra,+91 90000 03498
W03499,Riya Mehta,+91 90000 03499
W03500,Aditi Menon,+91 90000 03500
W03501,Aarav Sharma,+91 90000 03501
W03502,Vihaan Verma,+91 90000 03502
W03503,Aditya Chopra,+91 90000 03503
W03504,Arjun Kumar,+91 90000 03504
W03505,Rohan Gupta,+91 90000 03505
W03506,Rahul Malhotra,+91 90000 03506
W03507,Karan Patel,+91 90000 03507
W03508,Vikram Singh,+91 90000 03508
W03509,Siddharth Shah,+91 90000 03509
W03510,Ravi Reddy,+91 90000 03510
W03511,Aman Joshi,+91 90000 03511
W03512,Akash Bhat,+91 90000 03512
W03513,Varun Iyer,+91 90000 03513
W03514,Nikhil Rao,+91 90000 03514
W03515,Sanjay Kapoor,+91 90000 03515
W03516,Priya Nair,+91 90000 03516
W03517,Ananya Das,+91 90000 03517
W03518,Isha Mishra,+91 90000 03518
W03519,Kavya Mehta,+91 90000 03519
W03520,Neha Menon,+91 90000 03520
W03521,Pooja Sharma,+91 90000 03521
W03522,Sneha Verma,+91 90000 03522
W03523,Meera Chopra,+91 90000 03523
W03524,Riya Kumar,+91 90000 03524
W03525,Aditi Gupta,+91 90000 03525
W03526,Aarav Malhotra,+91 90000 03526
W03527,Vihaan Patel,+91 90000 03527
W03528,Aditya Singh,+91 90000 03528
W03529,Arjun Shah,+91 90000 03529
W03530,Rohan Reddy,+91 90000 03530
W03531,Rahul Joshi,+91 90000 03531
W03532,Karan Bhat,+91 90000 03532
W03533,Vikram Iyer,+91 90000 03533
W03534,Siddharth Rao,+91 90000 03534
W03535,Ravi Kapoor,+91 90000 03535
W03536,Aman Nair,+91 90000 03536
W03537,Akash Das,+91 90000 03537
W03538,Varun Mishra,+91 90000 03538
W03539,Nikhil Mehta,+91 90000 03539
W03540,Sanjay Menon,+91 90000 03540
W03541,Priya Sharma,+91 90000 03541
W03542,Ananya Verma,+91 90000 03542
W03543,Isha Chopra,+91 90000 03543
W03544,Kavya Kumar,+91 90000 03544
W03545,Neha Gupta,+91 90000 03545
W03546,Pooja Malhotra,+91 90000 03546
W03547,Sneha Patel,+91 90000 03547
W03548,Meera Singh,+91 90000 03548
W03549,Riya Shah,+91 90000 03549
W03550,Aditi Reddy,+91 90000 03550
W03551,Aarav Joshi,+91 90000 03551
W03552,Vihaan Bhat,+91 90000 03552
W03553,Aditya Iyer,+91 90000 03553
W03554,Arjun Rao,+91 90000 03554
W03555,Rohan Kapoor,+91 90000 03555
W03556,Rahul Nair,+91 90000 03556
W03557,Karan Das,+91 90000 03557
W03558,Vikram Mishra,+91 90000 03558
W03559,Siddharth Mehta,+91 90000 03559
W03560,Ravi Menon,+91 90000 03560
W03561,Aman Sharma,+91 90000 03561
W03562,Akash Verma,+91 90000 03562
W03563,Varun Chopra,+91 90000 03563
W03564,Nikhil Kumar,+91 90000 03564
W03565,Sanjay Gupta,+91 90000 03565
W03566,Priya Malhotra,+91 90000 03566
W03567,Ananya Patel,+91 90000 03567
W03568,Isha Singh,+91 90000 03568
W03569,Kavya Shah,+91 90000 03569
W03570,Neha Reddy,+91 90000 03570
W03571,Pooja Joshi,+91 90000 03571
W03572,Sneha Bhat,+91 90000 03572
W03573,Meera Iyer,+91 90000 03573
W03574,Riya Rao,+91 90000 03574
W03575,Aditi Kapoor,+91 90000 03575
W03576,Aarav Nair,+91 90000 03576
W03577,Vihaan Das,+91 90000 03577
W03578,Aditya Mishra,+91 90000 03578
W03579,Arjun Mehta,+91 90000 03579
W03580,Rohan Menon,+91 90000 03580
W03581,Rahul Sharma,+91 90000 03581
W03582,Karan Verma,+91 90000 03582
W03583,Vikram Chopra,+91 90000 03583
W03584,Siddharth Kumar,+91 90000 03584
W03585,Ravi Gupta,+91 90000 03585
W03586,Aman Malhotra,+91 90000 03586
W03587,Akash Patel,+91 90000 03587
W03588,Varun Singh,+91 90000 03588
W03589,Nikhil Shah,+91 90000 03589
W03590,Sanjay Reddy,+91 90000 03590
W03591,Priya Joshi,+91 90000 03591
W03592,Ananya Bhat,+91 90000 03592
W03593,Isha Iyer,+91 90000 03593
W03594,Kavya Rao,+91 90000 03594
W03595,Neha Kapoor,+91 90000 03595
W03596,Pooja Nair,+91 90000 03596
W03597,Sneha Das,+91 90000 03597
W03598,Meera Mishra,+91 90000 03598
W03599,Riya Mehta,+91 90000 03599
W03600,Aditi Menon,+91 90000 03600
W03601,Aarav Sharma,+91 90000 03601
W03602,Vihaan Verma,+91 90000 03602
W03603,Aditya Chopra,+91 90000 03603
W03604,Arjun Kumar,+91 90000 03604
W03605,Rohan Gupta,+91 90000 03605
W03606,Rahul Malhotra,+91 90000 03606
W03607,Karan Patel,+91 90000 03607
W03608,Vikram Singh,+91 90000 03608
W03609,Siddharth Shah,+91 90000 03609
W03610,Ravi Reddy,+91 90000 03610
W03611,Aman Joshi,+91 90000 03611
W03612,Akash Bhat,+91 90000 03612
W03613,Varun Iyer,+91 90000 03613
W03614,Nikhil Rao,+91 90000 03614
W03615,Sanjay Kapoor,+91 90000 03615
W03616,Priya Nair,+91 90000 03616
W03617,Ananya Das,+91 90000 03617
W03618,Isha Mishra,+91 90000 03618
W03619,Kavya Mehta,+91 90000 03619
W03620,Neha Menon,+91 90000 03620
W03621,Pooja Sharma,+91 90000 03621
W03622,Sneha Verma,+91 90000 03622
W03623,Meera Chopra,+91 90000 03623
W03624,Riya Kumar,+91 90000 03624
W03625,Aditi Gupta,+91 90000 03625
W03626,Aarav Malhotra,+91 90000 03626
W03627,Vihaan Patel,+91 90000 03627
W03628,Aditya Singh,+91 90000 03628
W03629,Arjun Shah,+91 90000 03629
W03630,Rohan Reddy,+91 90000 03630
W03631,Rahul Joshi,+91 90000 03631
W03632,Karan Bhat,+91 90000 03632
W03633,Vikram Iyer,+91 90000 03633
W03634,Siddharth Rao,+91 90000 03634
W03635,Ravi Kapoor,+91 90000 03635
W03636,Aman Nair,+91 90000 03636
W03637,Akash Das,+91 90000 03637
W03638,Varun Mishra,+91 90000 03638
W03639,Nikhil Mehta,+91 90000 03639
W03640,Sanjay Menon,+91 90000 03640
W03641,Priya Sharma,+91 90000 03641
W03642,Ananya Verma,+91 90000 03642
W03643,Isha Chopra,+91 90000 03643
W03644,Kavya Kumar,+91 90000 03644
W03645,Neha Gupta,+91 90000 03645
W03646,Pooja Malhotra,+91 90000 03646
W03647,Sneha Patel,+91 90000 03647
W03648,Meera Singh,+91 90000 03648
W03649,Riya Shah,+91 90000 03649
W03650,Aditi Reddy,+91 90000 03650
W03651,Aarav Joshi,+91 90000 03651
W03652,Vihaan Bhat,+91 90000 03652
W03653,Aditya Iyer,+91 90000 03653
W03654,Arjun Rao,+91 90000 03654
W03655,Rohan Kapoor,+91 90000 03655
W03656,Rahul Nair,+91 90000 03656
W03657,Karan Das,+91 90000 03657
W03658,Vikram Mishra,+91 90000 03658
W03659,Siddharth Mehta,+91 90000 03659
W03660,Ravi Menon,+91 90000 03660
W03661,Aman Sharma,+91 90000 03661
W03662,Akash Verma,+91 90000 03662
W03663,Varun Chopra,+91 90000 03663
W03664,Nikhil Kumar,+91 90000 03664
W03665,Sanjay Gupta,+91 90000 03665
W03666,Priya Malhotra,+91 90000 03666
W03667,Ananya Patel,+91 90000 03667
W03668,Isha Singh,+91 90000 03668
W03669,Kavya Shah,+91 90000 03669
W03670,Neha Reddy,+91 90000 03670
W03671,Pooja Joshi,+91 90000 03671
W03672,Sneha Bhat,+91 90000 03672
W03673,Meera Iyer,+91 90000 03673
W03674,Riya Rao,+91 90000 03674
W03675,Aditi Kapoor,+91 90000 03675
W03676,Aarav Nair,+91 90000 03676
W03677,Vihaan Das,+91 90000 03677
W03678,Aditya Mishra,+91 90000 03678
W03679,Arjun Mehta,+91 90000 03679
W03680,Rohan Menon,+91 90000 03680
W03681,Rahul Sharma,+91 90000 03681
W03682,Karan Verma,+91 90000 03682
W03683,Vikram Chopra,+91 90000 03683
W03684,Siddharth Kumar,+91 90000 03684
W03685,Ravi Gupta,+91 90000 03685
W03686,Aman Malhotra,+91 90000 03686
W03687,Akash Patel,+91 90000 03687
W03688,Varun Singh,+91 90000 03688
W03689,Nikhil Shah,+91 90000 03689
W03690,Sanjay Reddy,+91 90000 03690
W03691,Priya Joshi,+91 90000 03691
W03692,Ananya Bhat,+91 90000 03692
W03693,Isha Iyer,+91 90000 03693
W03694,Kavya Rao,+91 90000 03694
W03695,Neha Kapoor,+91 90000 03695
W03696,Pooja Nair,+91 90000 03696
W03697,Sneha Das,+91 90000 03697
W03698,Meera Mishra,+91 90000 03698
W03699,Riya Mehta,+91 90000 03699
W03700,Aditi Menon,+91 90000 03700
W03701,Aarav Sharma,+91 90000 03701
W03702,Vihaan Verma,+91 90000 03702
W03703,Aditya Chopra,+91 90000 03703
W03704,Arjun Kumar,+91 90000 03704
W03705,Rohan Gupta,+91 90000 03705
W03706,Rahul Malhotra,+91 90000 03706
W03707,Karan Patel,+91 90000 03707
W03708,Vikram Singh,+91 90000 03708
W03709,Siddharth Shah,+91 90000 03709
W03710,Ravi Reddy,+91 90000 03710
W03711,Aman Joshi,+91 90000 03711
W03712,Akash Bhat,+91 90000 03712
W03713,Varun Iyer,+91 90000 03713
W03714,Nikhil Rao,+91 90000 03714
W03715,Sanjay Kapoor,+91 90000 03715
W03716,Priya Nair,+91 90000 03716
W03717,Ananya Das,+91 90000 03717
W03718,Isha Mishra,+91 90000 03718
W03719,Kavya Mehta,+91 90000 03719
W03720,Neha Menon,+91 90000 03720
W03721,Pooja Sharma,+91 90000 03721
W03722,Sneha Verma,+91 90000 03722
W03723,Meera Chopra,+91 90000 03723
W03724,Riya Kumar,+91 90000 03724
W03725,Aditi Gupta,+91 90000 03725
W03726,Aarav Malhotra,+91 90000 03726
W03727,Vihaan Patel,+91 90000 03727
W03728,Aditya Singh,+91 90000 03728
W03729,Arjun Shah,+91 90000 03729
W03730,Rohan Reddy,+91 90000 03730
W03731,Rahul Joshi,+91 90000 03731
W03732,Karan Bhat,+91 90000 03732
W03733,Vikram Iyer,+91 90000 03733
W03734,Siddharth Rao,+91 90000 03734
W03735,Ravi Kapoor,+91 90000 03735
W03736,Aman Nair,+91 90000 03736
W03737,Akash Das,+91 90000 03737
W03738,Varun Mishra,+91 90000 03738
W03739,Nikhil Mehta,+91 90000 03739
W03740,Sanjay Menon,+91 90000 03740
W03741,Priya Sharma,+91 90000 03741
W03742,Ananya Verma,+91 90000 03742
W03743,Isha Chopra,+91 90000 03743
W03744,Kavya Kumar,+91 90000 03744
W03745,Neha Gupta,+91 90000 03745
W03746,Pooja Malhotra,+91 90000 03746
W03747,Sneha Patel,+91 90000 03747
W03748,Meera Singh,+91 90000 03748
W03749,Riya Shah,+91 90000 03749
W03750,Aditi Reddy,+91 90000 03750
W03751,Aarav Joshi,+91 90000 03751
W03752,Vihaan Bhat,+91 90000 03752
W03753,Aditya Iyer,+91 90000 03753
W03754,Arjun Rao,+91 90000 03754
W03755,Rohan Kapoor,+91 90000 03755
W03756,Rahul Nair,+91 90000 03756
W03757,Karan Das,+91 90000 03757
W03758,Vikram Mishra,+91 90000 03758
W03759,Siddharth Mehta,+91 90000 03759
W03760,Ravi Menon,+91 90000 03760
W03761,Aman Sharma,+91 90000 03761
W03762,Akash Verma,+91 90000 03762
W03763,Varun Chopra,+91 90000 03763
W03764,Nikhil Kumar,+91 90000 03764
W03765,Sanjay Gupta,+91 90000 03765
W03766,Priya Malhotra,+91 90000 03766
W03767,Ananya Patel,+91 90000 03767
W03768,Isha Singh,+91 90000 03768
W03769,Kavya Shah,+91 90000 03769
W03770,Neha Reddy,+91 90000 03770
W03771,Pooja Joshi,+91 90000 03771
W03772,Sneha Bhat,+91 90000 03772
W03773,Meera Iyer,+91 90000 03773
W03774,Riya Rao,+91 90000 03774
W03775,Aditi Kapoor,+91 90000 03775
W03776,Aarav Nair,+91 90000 03776
W03777,Vihaan Das,+91 90000 03777
W03778,Aditya Mishra,+91 90000 03778
W03779,Arjun Mehta,+91 90000 03779
W03780,Rohan Menon,+91 90000 03780
W03781,Rahul Sharma,+91 90000 03781
W03782,Karan Verma,+91 90000 03782
W03783,Vikram Chopra,+91 90000 03783
W03784,Siddharth Kumar,+91 90000 03784
W03785,Ravi Gupta,+91 90000 03785
W03786,Aman Malhotra,+91 90000 03786
W03787,Akash Patel,+91 90000 03787
W03788,Varun Singh,+91 90000 03788
W03789,Nikhil Shah,+91 90000 03789
W03790,Sanjay Reddy,+91 90000 03790
W03791,Priya Joshi,+91 90000 03791
W03792,Ananya Bhat,+91 90000 03792
W03793,Isha Iyer,+91 90000 03793
W03794,Kavya Rao,+91 90000 03794
W03795,Neha Kapoor,+91 90000 03795
W03796,Pooja Nair,+91 90000 03796
W03797,Sneha Das,+91 90000 03797
W03798,Meera Mishra,+91 90000 03798
W03799,Riya Mehta,+91 90000 03799
W03800,Aditi Menon,+91 90000 03800
W03801,Aarav Sharma,+91 90000 03801
W03802,Vihaan Verma,+91 90000 03802
W03803,Aditya Chopra,+91 90000 03803
W03804,Arjun Kumar,+91 90000 03804
W03805,Rohan Gupta,+91 90000 03805
W03806,Rahul Malhotra,+91 90000 03806
W03807,Karan Patel,+91 90000 03807
W03808,Vikram Singh,+91 90000 03808
W03809,Siddharth Shah,+91 90000 03809
W03810,Ravi Reddy,+91 90000 03810
W03811,Aman Joshi,+91 90000 03811
W03812,Akash Bhat,+91 90000 03812
W03813,Varun Iyer,+91 90000 03813
W03814,Nikhil Rao,+91 90000 03814
W03815,Sanjay Kapoor,+91 90000 03815
W03816,Priya Nair,+91 90000 03816
W03817,Ananya Das,+91 90000 03817
W03818,Isha Mishra,+91 90000 03818
W03819,Kavya Mehta,+91 90000 03819
W03820,Neha Menon,+91 90000 03820
W03821,Pooja Sharma,+91 90000 03821
W03822,Sneha Verma,+91 90000 03822
W03823,Meera Chopra,+91 90000 03823
W03824,Riya Kumar,+91 90000 03824
W03825,Aditi Gupta,+91 90000 03825
W03826,Aarav Malhotra,+91 90000 03826
W03827,Vihaan Patel,+91 90000 03827
W03828,Aditya Singh,+91 90000 03828
W03829,Arjun Shah,+91 90000 03829
W03830,Rohan Reddy,+91 90000 03830
W03831,Rahul Joshi,+91 90000 03831
W03832,Karan Bhat,+91 90000 03832
W03833,Vikram Iyer,+91 90000 03833
W03834,Siddharth Rao,+91 90000 03834
W03835,Ravi Kapoor,+91 90000 03835
W03836,Aman Nair,+91 90000 03836
W03837,Akash Das,+91 90000 03837
W03838,Varun Mishra,+91 90000 03838
W03839,Nikhil Mehta,+91 90000 03839
W03840,Sanjay Menon,+91 90000 03840
W03841,Priya Sharma,+91 90000 03841
W03842,Ananya Verma,+91 90000 03842
W03843,Isha Chopra,+91 90000 03843
W03844,Kavya Kumar,+91 90000 03844
W03845,Neha Gupta,+91 90000 03845
W03846,Pooja Malhotra,+91 90000 03846
W03847,Sneha Patel,+91 90000 03847
W03848,Meera Singh,+91 90000 03848
W03849,Riya Shah,+91 90000 03849
W03850,Aditi Reddy,+91 90000 03850
W03851,Aarav Joshi,+91 90000 03851
W03852,Vihaan Bhat,+91 90000 03852
W03853,Aditya Iyer,+91 90000 03853
W03854,Arjun Rao,+91 90000 03854
W03855,Rohan Kapoor,+91 90000 03855
W03856,Rahul Nair,+91 90000 03856
W03857,Karan Das,+91 90000 03857
W03858,Vikram Mishra,+91 90000 03858
W03859,Siddharth Mehta,+91 90000 03859
W03860,Ravi Menon,+91 90000 03860
W03861,Aman Sharma,+91 90000 03861
W03862,Akash Verma,+91 90000 03862
W03863,Varun Chopra,+91 90000 03863
W03864,Nikhil Kumar,+91 90000 03864
W03865,Sanjay Gupta,+91 90000 03865
W03866,Priya Malhotra,+91 90000 03866
W03867,Ananya Patel,+91 90000 03867
W03868,Isha Singh,+91 90000 03868
W03869,Kavya Shah,+91 90000 03869
W03870,Neha Reddy,+91 90000 03870
W03871,Pooja Joshi,+91 90000 03871
W03872,Sneha Bhat,+91 90000 03872
W03873,Meera Iyer,+91 90000 03873
W03874,Riya Rao,+91 90000 03874
W03875,Aditi Kapoor,+91 90000 03875
W03876,Aarav Nair,+91 90000 03876
W03877,Vihaan Das,+91 90000 03877
W03878,Aditya Mishra,+91 90000 03878
W03879,Arjun Mehta,+91 90000 03879
W03880,Rohan Menon,+91 90000 03880
W03881,Rahul Sharma,+91 90000 03881
W03882,Karan Verma,+91 90000 03882
W03883,Vikram Chopra,+91 90000 03883
W03884,Siddharth Kumar,+91 90000 03884
W03885,Ravi Gupta,+91 90000 03885
W03886,Aman Malhotra,+91 90000 03886
W03887,Akash Patel,+91 90000 03887
W03888,Varun Singh,+91 90000 03888
W03889,Nikhil Shah,+91 90000 03889
W03890,Sanjay Reddy,+91 90000 03890
W03891,Priya Joshi,+91 90000 03891
W03892,Ananya Bhat,+91 90000 03892
W03893,Isha Iyer,+91 90000 03893
W03894,Kavya Rao,+91 90000 03894
W03895,Neha Kapoor,+91 90000 03895
W03896,Pooja Nair,+91 90000 03896
W03897,Sneha Das,+91 90000 03897
W03898,Meera Mishra,+91 90000 03898
W03899,Riya Mehta,+91 90000 03899
W03900,Aditi Menon,+91 90000 03900
W03901,Aarav Sharma,+91 90000 03901
W03902,Vihaan Verma,+91 90000 03902
W03903,Aditya Chopra,+91 90000 03903
W03904,Arjun Kumar,+91 90000 03904
W03905,Rohan Gupta,+91 90000 03905
W03906,Rahul Malhotra,+91 90000 03906
W03907,Karan Patel,+91 90000 03907
W03908,Vikram Singh,+91 90000 03908
W03909,Siddharth Shah,+91 90000 03909
W03910,Ravi Reddy,+91 90000 03910
W03911,Aman Joshi,+91 90000 03911
W03912,Akash Bhat,+91 90000 03912
W03913,Varun Iyer,+91 90000 03913
W03914,Nikhil Rao,+91 90000 03914
W03915,Sanjay Kapoor,+91 90000 03915
W03916,Priya Nair,+91 90000 03916
W03917,Ananya Das,+91 90000 03917
W03918,Isha Mishra,+91 90000 03918
W03919,Kavya Mehta,+91 90000 03919
W03920,Neha Menon,+91 90000 03920
W03921,Pooja Sharma,+91 90000 03921
W03922,Sneha Verma,+91 90000 03922
W03923,Meera Chopra,+91 90000 03923
W03924,Riya Kumar,+91 90000 03924
W03925,Aditi Gupta,+91 90000 03925
W03926,Aarav Malhotra,+91 90000 03926
W03927,Vihaan Patel,+91 90000 03927
W03928,Aditya Singh,+91 90000 03928
W03929,Arjun Shah,+91 90000 03929
W03930,Rohan Reddy,+91 90000 03930
W03931,Rahul Joshi,+91 90000 03931
W03932,Karan Bhat,+91 90000 03932
W03933,Vikram Iyer,+91 90000 03933
W03934,Siddharth Rao,+91 90000 03934
W03935,Ravi Kapoor,+91 90000 03935
W03936,Aman Nair,+91 90000 03936
W03937,Akash Das,+91 90000 03937
W03938,Varun Mishra,+91 90000 03938
W03939,Nikhil Mehta,+91 90000 03939
W03940,Sanjay Menon,+91 90000 03940
W03941,Priya Sharma,+91 90000 03941
W03942,Ananya Verma,+91 90000 03942
W03943,Isha Chopra,+91 90000 03943
W03944,Kavya Kumar,+91 90000 03944
W03945,Neha Gupta,+91 90000 03945
W03946,Pooja Malhotra,+91 90000 03946
W03947,Sneha Patel,+91 90000 03947
W03948,Meera Singh,+91 90000 03948
W03949,Riya Shah,+91 90000 03949
W03950,Aditi Reddy,+91 90000 03950
W03951,Aarav Joshi,+91 90000 03951
W03952,Vihaan Bhat,+91 90000 03952
W03953,Aditya Iyer,+91 90000 03953
W03954,Arjun Rao,+91 90000 03954
W03955,Rohan Kapoor,+91 90000 03955
W03956,Rahul Nair,+91 90000 03956
W03957,Karan Das,+91 90000 03957
W03958,Vikram Mishra,+91 90000 03958
W03959,Siddharth Mehta,+91 90000 03959
W03960,Ravi Menon,+91 90000 03960
W03961,Aman Sharma,+91 90000 03961
W03962,Akash Verma,+91 90000 03962
W03963,Varun Chopra,+91 90000 03963
W03964,Nikhil Kumar,+91 90000 03964
W03965,Sanjay Gupta,+91 90000 03965
W03966,Priya Malhotra,+91 90000 03966
W03967,Ananya Patel,+91 90000 03967
W03968,Isha Singh,+91 90000 03968
W03969,Kavya Shah,+91 90000 03969
W03970,Neha Reddy,+91 90000 03970
W03971,Pooja Joshi,+91 90000 03971
W03972,Sneha Bhat,+91 90000 03972
W03973,Meera Iyer,+91 90000 03973
W03974,Riya Rao,+91 90000 03974
W03975,Aditi Kapoor,+91 90000 03975
W03976,Aarav Nair,+91 90000 03976
W03977,Vihaan Das,+91 90000 03977
W03978,Aditya Mishra,+91 90000 03978
W03979,Arjun Mehta,+91 90000 03979
W03980,Rohan Menon,+91 90000 03980
W03981,Rahul Sharma,+91 90000 03981
W03982,Karan Verma,+91 90000 03982
W03983,Vikram Chopra,+91 90000 03983
W03984,Siddharth Kumar,+91 90000 03984
W03985,Ravi Gupta,+91 90000 03985
W03986,Aman Malhotra,+91 90000 03986
W03987,Akash Patel,+91 90000 03987
W03988,Varun Singh,+91 90000 03988
W03989,Nikhil Shah,+91 90000 03989
W03990,Sanjay Reddy,+91 90000 03990
W03991,Priya Joshi,+91 90000 03991
W03992,Ananya Bhat,+91 90000 03992
W03993,Isha Iyer,+91 90000 03993
W03994,Kavya Rao,+91 90000 03994
W03995,Neha Kapoor,+91 90000 03995
W03996,Pooja Nair,+91 90000 03996
W03997,Sneha Das,+91 90000 03997
W03998,Meera Mishra,+91 90000 03998
W03999,Riya Mehta,+91 90000 03999
W04000,Aditi Menon,+91 90000 04000
W04001,Aarav Sharma,+91 90000 04001
W04002,Vihaan Verma,+91 90000 04002
W04003,Aditya Chopra,+91 90000 04003
W04004,Arjun Kumar,+91 90000 04004
W04005,Rohan Gupta,+91 90000 04005
W04006,Rahul Malhotra,+91 90000 04006
W04007,Karan Patel,+91 90000 04007
W04008,Vikram Singh,+91 90000 04008
W04009,Siddharth Shah,+91 90000 04009
W04010,Ravi Reddy,+91 90000 04010
W04011,Aman Joshi,+91 90000 04011
W04012,Akash Bhat,+91 90000 04012
W04013,Varun Iyer,+91 90000 04013
W04014,Nikhil Rao,+91 90000 04014
W04015,Sanjay Kapoor,+91 90000 04015
W04016,Priya Nair,+91 90000 04016
W04017,Ananya Das,+91 90000 04017
W04018,Isha Mishra,+91 90000 04018
W04019,Kavya Mehta,+91 90000 04019
W04020,Neha Menon,+91 90000 04020
W04021,Pooja Sharma,+91 90000 04021
W04022,Sneha Verma,+91 90000 04022
W04023,Meera Chopra,+91 90000 04023
W04024,Riya Kumar,+91 90000 04024
W04025,Aditi Gupta,+91 90000 04025
W04026,Aarav Malhotra,+91 90000 04026
W04027,Vihaan Patel,+91 90000 04027
W04028,Aditya Singh,+91 90000 04028
W04029,Arjun Shah,+91 90000 04029
W04030,Rohan Reddy,+91 90000 04030
W04031,Rahul Joshi,+91 90000 04031
W04032,Karan Bhat,+91 90000 04032
W04033,Vikram Iyer,+91 90000 04033
W04034,Siddharth Rao,+91 90000 04034
W04035,Ravi Kapoor,+91 90000 04035
W04036,Aman Nair,+91 90000 04036
W04037,Akash Das,+91 90000 04037
W04038,Varun Mishra,+91 90000 04038
W04039,Nikhil Mehta,+91 90000 04039
W04040,Sanjay Menon,+91 90000 04040
W04041,Priya Sharma,+91 90000 04041
W04042,Ananya Verma,+91 90000 04042
W04043,Isha Chopra,+91 90000 04043
W04044,Kavya Kumar,+91 90000 04044
W04045,Neha Gupta,+91 90000 04045
W04046,Pooja Malhotra,+91 90000 04046
W04047,Sneha Patel,+91 90000 04047
W04048,Meera Singh,+91 90000 04048
W04049,Riya Shah,+91 90000 04049
W04050,Aditi Reddy,+91 90000 04050
W04051,Aarav Joshi,+91 90000 04051
W04052,Vihaan Bhat,+91 90000 04052
W04053,Aditya Iyer,+91 90000 04053
W04054,Arjun Rao,+91 90000 04054
W04055,Rohan Kapoor,+91 90000 04055
W04056,Rahul Nair,+91 90000 04056
W04057,Karan Das,+91 90000 04057
W04058,Vikram Mishra,+91 90000 04058
W04059,Siddharth Mehta,+91 90000 04059
W04060,Ravi Menon,+91 90000 04060
W04061,Aman Sharma,+91 90000 04061
W04062,Akash Verma,+91 90000 04062
W04063,Varun Chopra,+91 90000 04063
W04064,Nikhil Kumar,+91 90000 04064
W04065,Sanjay Gupta,+91 90000 04065
W04066,Priya Malhotra,+91 90000 04066
W04067,Ananya Patel,+91 90000 04067
W04068,Isha Singh,+91 90000 04068
W04069,Kavya Shah,+91 90000 04069
W04070,Neha Reddy,+91 90000 04070
W04071,Pooja Joshi,+91 90000 04071
W04072,Sneha Bhat,+91 90000 04072
W04073,Meera Iyer,+91 90000 04073
W04074,Riya Rao,+91 90000 04074
W04075,Aditi Kapoor,+91 90000 04075
W04076,Aarav Nair,+91 90000 04076
W04077,Vihaan Das,+91 90000 04077
W04078,Aditya Mishra,+91 90000 04078
W04079,Arjun Mehta,+91 90000 04079
W04080,Rohan Menon,+91 90000 04080
W04081,Rahul Sharma,+91 90000 04081
W04082,Karan Verma,+91 90000 04082
W04083,Vikram Chopra,+91 90000 04083
W04084,Siddharth Kumar,+91 90000 04084
W04085,Ravi Gupta,+91 90000 04085
W04086,Aman Malhotra,+91 90000 04086
W04087,Akash Patel,+91 90000 04087
W04088,Varun Singh,+91 90000 04088
W04089,Nikhil Shah,+91 90000 04089
W04090,Sanjay Reddy,+91 90000 04090
W04091,Priya Joshi,+91 90000 04091
W04092,Ananya Bhat,+91 90000 04092
W04093,Isha Iyer,+91 90000 04093
W04094,Kavya Rao,+91 90000 04094
W04095,Neha Kapoor,+91 90000 04095
W04096,Pooja Nair,+91 90000 04096
W04097,Sneha Das,+91 90000 04097
W04098,Meera Mishra,+91 90000 04098
W04099,Riya Mehta,+91 90000 04099
W04100,Aditi Menon,+91 90000 04100
W04101,Aarav Sharma,+91 90000 04101
W04102,Vihaan Verma,+91 90000 04102
W04103,Aditya Chopra,+91 90000 04103
W04104,Arjun Kumar,+91 90000 04104
W04105,Rohan Gupta,+91 90000 04105
W04106,Rahul Malhotra,+91 90000 04106
W04107,Karan Patel,+91 90000 04107
W04108,Vikram Singh,+91 90000 04108
W04109,Siddharth Shah,+91 90000 04109
W04110,Ravi Reddy,+91 90000 04110
W04111,Aman Joshi,+91 90000 04111
W04112,Akash Bhat,+91 90000 04112
W04113,Varun Iyer,+91 90000 04113
W04114,Nikhil Rao,+91 90000 04114
W04115,Sanjay Kapoor,+91 90000 04115
W04116,Priya Nair,+91 90000 04116
W04117,Ananya Das,+91 90000 04117
W04118,Isha Mishra,+91 90000 04118
W04119,Kavya Mehta,+91 90000 04119
W04120,Neha Menon,+91 90000 04120
W04121,Pooja Sharma,+91 90000 04121
W04122,Sneha Verma,+91 90000 04122
W04123,Meera Chopra,+91 90000 04123
W04124,Riya Kumar,+91 90000 04124
W04125,Aditi Gupta,+91 90000 04125
W04126,Aarav Malhotra,+91 90000 04126
W04127,Vihaan Patel,+91 90000 04127
W04128,Aditya Singh,+91 90000 04128
W04129,Arjun Shah,+91 90000 04129
W04130,Rohan Reddy,+91 90000 04130
W04131,Rahul Joshi,+91 90000 04131
W04132,Karan Bhat,+91 90000 04132
W04133,Vikram Iyer,+91 90000 04133
W04134,Siddharth Rao,+91 90000 04134
W04135,Ravi Kapoor,+91 90000 04135
W04136,Aman Nair,+91 90000 04136
W04137,Akash Das,+91 90000 04137
W04138,Varun Mishra,+91 90000 04138
W04139,Nikhil Mehta,+91 90000 04139
W04140,Sanjay Menon,+91 90000 04140
W04141,Priya Sharma,+91 90000 04141
W04142,Ananya Verma,+91 90000 04142
W04143,Isha Chopra,+91 90000 04143
W04144,Kavya Kumar,+91 90000 04144
W04145,Neha Gupta,+91 90000 04145
W04146,Pooja Malhotra,+91 90000 04146
W04147,Sneha Patel,+91 90000 04147
W04148,Meera Singh,+91 90000 04148
W04149,Riya Shah,+91 90000 04149
W04150,Aditi Reddy,+91 90000 04150
W04151,Aarav Joshi,+91 90000 04151
W04152,Vihaan Bhat,+91 90000 04152
W04153,Aditya Iyer,+91 90000 04153
W04154,Arjun Rao,+91 90000 04154
W04155,Rohan Kapoor,+91 90000 04155
W04156,Rahul Nair,+91 90000 04156
W04157,Karan Das,+91 90000 04157
W04158,Vikram Mishra,+91 90000 04158
W04159,Siddharth Mehta,+91 90000 04159
W04160,Ravi Menon,+91 90000 04160
W04161,Aman Sharma,+91 90000 04161
W04162,Akash Verma,+91 90000 04162
W04163,Varun Chopra,+91 90000 04163
W04164,Nikhil Kumar,+91 90000 04164
W04165,Sanjay Gupta,+91 90000 04165
W04166,Priya Malhotra,+91 90000 04166
W04167,Ananya Patel,+91 90000 04167
W04168,Isha Singh,+91 90000 04168
W04169,Kavya Shah,+91 90000 04169
W04170,Neha Reddy,+91 90000 04170
W04171,Pooja Joshi,+91 90000 04171
W04172,Sneha Bhat,+91 90000 04172
W04173,Meera Iyer,+91 90000 04173
W04174,Riya Rao,+91 90000 04174
W04175,Aditi Kapoor,+91 90000 04175
W04176,Aarav Nair,+91 90000 04176
W04177,Vihaan Das,+91 90000 04177
W04178,Aditya Mishra,+91 90000 04178
W04179,Arjun Mehta,+91 90000 04179
W04180,Rohan Menon,+91 90000 04180
W04181,Rahul Sharma,+91 90000 04181
W04182,Karan Verma,+91 90000 04182
W04183,Vikram Chopra,+91 90000 04183
W04184,Siddharth Kumar,+91 90000 04184
W04185,Ravi Gupta,+91 90000 04185
W04186,Aman Malhotra,+91 90000 04186
W04187,Akash Patel,+91 90000 04187
W04188,Varun Singh,+91 90000 04188
W04189,Nikhil Shah,+91 90000 04189
W04190,Sanjay Reddy,+91 90000 04190
W04191,Priya Joshi,+91 90000 04191
W04192,Ananya Bhat,+91 90000 04192
W04193,Isha Iyer,+91 90000 04193
W04194,Kavya Rao,+91 90000 04194
W04195,Neha Kapoor,+91 90000 04195
W04196,Pooja Nair,+91 90000 04196
W04197,Sneha Das,+91 90000 04197
W04198,Meera Mishra,+91 90000 04198
W04199,Riya Mehta,+91 90000 04199
W04200,Aditi Menon,+91 90000 04200
W04201,Aarav Sharma,+91 90000 04201
W04202,Vihaan Verma,+91 90000 04202
W04203,Aditya Chopra,+91 90000 04203
W04204,Arjun Kumar,+91 90000 04204
W04205,Rohan Gupta,+91 90000 04205
W04206,Rahul Malhotra,+91 90000 04206
W04207,Karan Patel,+91 90000 04207
W04208,Vikram Singh,+91 90000 04208
W04209,Siddharth Shah,+91 90000 04209
W04210,Ravi Reddy,+91 90000 04210
W04211,Aman Joshi,+91 90000 04211
W04212,Akash Bhat,+91 90000 04212
W04213,Varun Iyer,+91 90000 04213
W04214,Nikhil Rao,+91 90000 04214
W04215,Sanjay Kapoor,+91 90000 04215
W04216,Priya Nair,+91 90000 04216
W04217,Ananya Das,+91 90000 04217
W04218,Isha Mishra,+91 90000 04218
W04219,Kavya Mehta,+91 90000 04219
W04220,Neha Menon,+91 90000 04220
W04221,Pooja Sharma,+91 90000 04221
W04222,Sneha Verma,+91 90000 04222
W04223,Meera Chopra,+91 90000 04223
W04224,Riya Kumar,+91 90000 04224
W04225,Aditi Gupta,+91 90000 04225
W04226,Aarav Malhotra,+91 90000 04226
W04227,Vihaan Patel,+91 90000 04227
W04228,Aditya Singh,+91 90000 04228
W04229,Arjun Shah,+91 90000 04229
W04230,Rohan Reddy,+91 90000 04230
W04231,Rahul Joshi,+91 90000 04231
W04232,Karan Bhat,+91 90000 04232
W04233,Vikram Iyer,+91 90000 04233
W04234,Siddharth Rao,+91 90000 04234
W04235,Ravi Kapoor,+91 90000 04235
W04236,Aman Nair,+91 90000 04236
W04237,Akash Das,+91 90000 04237
W04238,Varun Mishra,+91 90000 04238
W04239,Nikhil Mehta,+91 90000 04239
W04240,Sanjay Menon,+91 90000 04240
W04241,Priya Sharma,+91 90000 04241
W04242,Ananya Verma,+91 90000 04242
W04243,Isha Chopra,+91 90000 04243
W04244,Kavya Kumar,+91 90000 04244
W04245,Neha Gupta,+91 90000 04245
W04246,Pooja Malhotra,+91 90000 04246
W04247,Sneha Patel,+91 90000 04247
W04248,Meera Singh,+91 90000 04248
W04249,Riya Shah,+91 90000 04249
W04250,Aditi Reddy,+91 90000 04250
W04251,Aarav Joshi,+91 90000 04251
W04252,Vihaan Bhat,+91 90000 04252
W04253,Aditya Iyer,+91 90000 04253
W04254,Arjun Rao,+91 90000 04254
W04255,Rohan Kapoor,+91 90000 04255
W04256,Rahul Nair,+91 90000 04256
W04257,Karan Das,+91 90000 04257
W04258,Vikram Mishra,+91 90000 04258
W04259,Siddharth Mehta,+91 90000 04259
W04260,Ravi Menon,+91 90000 04260
W04261,Aman Sharma,+91 90000 04261
W04262,Akash Verma,+91 90000 04262
W04263,Varun Chopra,+91 90000 04263
W04264,Nikhil Kumar,+91 90000 04264
W04265,Sanjay Gupta,+91 90000 04265
W04266,Priya Malhotra,+91 90000 04266
W04267,Ananya Patel,+91 90000 04267
W04268,Isha Singh,+91 90000 04268
W04269,Kavya Shah,+91 90000 04269
W04270,Neha Reddy,+91 90000 04270
W04271,Pooja Joshi,+91 90000 04271
W04272,Sneha Bhat,+91 90000 04272
W04273,Meera Iyer,+91 90000 04273
W04274,Riya Rao,+91 90000 04274
W04275,Aditi Kapoor,+91 90000 04275
W04276,Aarav Nair,+91 90000 04276
W04277,Vihaan Das,+91 90000 04277
W04278,Aditya Mishra,+91 90000 04278
W04279,Arjun Mehta,+91 90000 04279
W04280,Rohan Menon,+91 90000 04280
W04281,Rahul Sharma,+91 90000 04281
W04282,Karan Verma,+91 90000 04282
W04283,Vikram Chopra,+91 90000 04283
W04284,Siddharth Kumar,+91 90000 04284
W04285,Ravi Gupta,+91 90000 04285
W04286,Aman Malhotra,+91 90000 04286
W04287,Akash Patel,+91 90000 04287
W04288,Varun Singh,+91 90000 04288
W04289,Nikhil Shah,+91 90000 04289
W04290,Sanjay Reddy,+91 90000 04290
W04291,Priya Joshi,+91 90000 04291
W04292,Ananya Bhat,+91 90000 04292
W04293,Isha Iyer,+91 90000 04293
W04294,Kavya Rao,+91 90000 04294
W04295,Neha Kapoor,+91 90000 04295
W04296,Pooja Nair,+91 90000 04296
W04297,Sneha Das,+91 90000 04297
W04298,Meera Mishra,+91 90000 04298
W04299,Riya Mehta,+91 90000 04299
W04300,Aditi Menon,+91 90000 04300
W04301,Aarav Sharma,+91 90000 04301
W04302,Vihaan Verma,+91 90000 04302
W04303,Aditya Chopra,+91 90000 04303
W04304,Arjun Kumar,+91 90000 04304
W04305,Rohan Gupta,+91 90000 04305
W04306,Rahul Malhotra,+91 90000 04306
W04307,Karan Patel,+91 90000 04307
W04308,Vikram Singh,+91 90000 04308
W04309,Siddharth Shah,+91 90000 04309
W04310,Ravi Reddy,+91 90000 04310
W04311,Aman Joshi,+91 90000 04311
W04312,Akash Bhat,+91 90000 04312
W04313,Varun Iyer,+91 90000 04313
W04314,Nikhil Rao,+91 90000 04314
W04315,Sanjay Kapoor,+91 90000 04315
W04316,Priya Nair,+91 90000 04316
W04317,Ananya Das,+91 90000 04317
W04318,Isha Mishra,+91 90000 04318
W04319,Kavya Mehta,+91 90000 04319
W04320,Neha Menon,+91 90000 04320
W04321,Pooja Sharma,+91 90000 04321
W04322,Sneha Verma,+91 90000 04322
W04323,Meera Chopra,+91 90000 04323
W04324,Riya Kumar,+91 90000 04324
W04325,Aditi Gupta,+91 90000 04325
W04326,Aarav Malhotra,+91 90000 04326
W04327,Vihaan Patel,+91 90000 04327
W04328,Aditya Singh,+91 90000 04328
W04329,Arjun Shah,+91 90000 04329
W04330,Rohan Reddy,+91 90000 04330
W04331,Rahul Joshi,+91 90000 04331
W04332,Karan Bhat,+91 90000 04332
W04333,Vikram Iyer,+91 90000 04333
W04334,Siddharth Rao,+91 90000 04334
W04335,Ravi Kapoor,+91 90000 04335
W04336,Aman Nair,+91 90000 04336
W04337,Akash Das,+91 90000 04337
W04338,Varun Mishra,+91 90000 04338
W04339,Nikhil Mehta,+91 90000 04339
W04340,Sanjay Menon,+91 90000 04340
W04341,Priya Sharma,+91 90000 04341
W04342,Ananya Verma,+91 90000 04342
W04343,Isha Chopra,+91 90000 04343
W04344,Kavya Kumar,+91 90000 04344
W04345,Neha Gupta,+91 90000 04345
W04346,Pooja Malhotra,+91 90000 04346
W04347,Sneha Patel,+91 90000 04347
W04348,Meera Singh,+91 90000 04348
W04349,Riya Shah,+91 90000 04349
W04350,Aditi Reddy,+91 90000 04350
W04351,Aarav Joshi,+91 90000 04351
W04352,Vihaan Bhat,+91 90000 04352
W04353,Aditya Iyer,+91 90000 04353
W04354,Arjun Rao,+91 90000 04354
W04355,Rohan Kapoor,+91 90000 04355
W04356,Rahul Nair,+91 90000 04356
W04357,Karan Das,+91 90000 04357
W04358,Vikram Mishra,+91 90000 04358
W04359,Siddharth Mehta,+91 90000 04359
W04360,Ravi Menon,+91 90000 04360
W04361,Aman Sharma,+91 90000 04361
W04362,Akash Verma,+91 90000 04362
W04363,Varun Chopra,+91 90000 04363
W04364,Nikhil Kumar,+91 90000 04364
W04365,Sanjay Gupta,+91 90000 04365
W04366,Priya Malhotra,+91 90000 04366
W04367,Ananya Patel,+91 90000 04367
W04368,Isha Singh,+91 90000 04368
W04369,Kavya Shah,+91 90000 04369
W04370,Neha Reddy,+91 90000 04370
W04371,Pooja Joshi,+91 90000 04371
W04372,Sneha Bhat,+91 90000 04372
W04373,Meera Iyer,+91 90000 04373
W04374,Riya Rao,+91 90000 04374
W04375,Aditi Kapoor,+91 90000 04375
W04376,Aarav Nair,+91 90000 04376
W04377,Vihaan Das,+91 90000 04377
W04378,Aditya Mishra,+91 90000 04378
W04379,Arjun Mehta,+91 90000 04379
W04380,Rohan Menon,+91 90000 04380
W04381,Rahul Sharma,+91 90000 04381
W04382,Karan Verma,+91 90000 04382
W04383,Vikram Chopra,+91 90000 04383
W04384,Siddharth Kumar,+91 90000 04384
W04385,Ravi Gupta,+91 90000 04385
W04386,Aman Malhotra,+91 90000 04386
W04387,Akash Patel,+91 90000 04387
W04388,Varun Singh,+91 90000 04388
W04389,Nikhil Shah,+91 90000 04389
W04390,Sanjay Reddy,+91 90000 04390
W04391,Priya Joshi,+91 90000 04391
W04392,Ananya Bhat,+91 90000 04392
W04393,Isha Iyer,+91 90000 04393
W04394,Kavya Rao,+91 90000 04394
W04395,Neha Kapoor,+91 90000 04395
W04396,Pooja Nair,+91 90000 04396
W04397,Sneha Das,+91 90000 04397
W04398,Meera Mishra,+91 90000 04398
W04399,Riya Mehta,+91 90000 04399
W04400,Aditi Menon,+91 90000 04400
W04401,Aarav Sharma,+91 90000 04401
W04402,Vihaan Verma,+91 90000 04402
W04403,Aditya Chopra,+91 90000 04403
W04404,Arjun Kumar,+91 90000 04404
W04405,Rohan Gupta,+91 90000 04405
W04406,Rahul Malhotra,+91 90000 04406
W04407,Karan Patel,+91 90000 04407
W04408,Vikram Singh,+91 90000 04408
W04409,Siddharth Shah,+91 90000 04409
W04410,Ravi Reddy,+91 90000 04410
W04411,Aman Joshi,+91 90000 04411
W04412,Akash Bhat,+91 90000 04412
W04413,Varun Iyer,+91 90000 04413
W04414,Nikhil Rao,+91 90000 04414
W04415,Sanjay Kapoor,+91 90000 04415
W04416,Priya Nair,+91 90000 04416
W04417,Ananya Das,+91 90000 04417
W04418,Isha Mishra,+91 90000 04418
W04419,Kavya Mehta,+91 90000 04419
W04420,Neha Menon,+91 90000 04420
W04421,Pooja Sharma,+91 90000 04421
W04422,Sneha Verma,+91 90000 04422
W04423,Meera Chopra,+91 90000 04423
W04424,Riya Kumar,+91 90000 04424
W04425,Aditi Gupta,+91 90000 04425
W04426,Aarav Malhotra,+91 90000 04426
W04427,Vihaan Patel,+91 90000 04427
W04428,Aditya Singh,+91 90000 04428
W04429,Arjun Shah,+91 90000 04429
W04430,Rohan Reddy,+91 90000 04430
W04431,Rahul Joshi,+91 90000 04431
W04432,Karan Bhat,+91 90000 04432
W04433,Vikram Iyer,+91 90000 04433
W04434,Siddharth Rao,+91 90000 04434
W04435,Ravi Kapoor,+91 90000 04435
W04436,Aman Nair,+91 90000 04436
W04437,Akash Das,+91 90000 04437
W04438,Varun Mishra,+91 90000 04438
W04439,Nikhil Mehta,+91 90000 04439
W04440,Sanjay Menon,+91 90000 04440
W04441,Priya Sharma,+91 90000 04441
W04442,Ananya Verma,+91 90000 04442
W04443,Isha Chopra,+91 90000 04443
W04444,Kavya Kumar,+91 90000 04444
W04445,Neha Gupta,+91 90000 04445
W04446,Pooja Malhotra,+91 90000 04446
W04447,Sneha Patel,+91 90000 04447
W04448,Meera Singh,+91 90000 04448
W04449,Riya Shah,+91 90000 04449
W04450,Aditi Reddy,+91 90000 04450
W04451,Aarav Joshi,+91 90000 04451
W04452,Vihaan Bhat,+91 90000 04452
W04453,Aditya Iyer,+91 90000 04453
W04454,Arjun Rao,+91 90000 04454
W04455,Rohan Kapoor,+91 90000 04455
W04456,Rahul Nair,+91 90000 04456
W04457,Karan Das,+91 90000 04457
W04458,Vikram Mishra,+91 90000 04458
W04459,Siddharth Mehta,+91 90000 04459
W04460,Ravi Menon,+91 90000 04460
W04461,Aman Sharma,+91 90000 04461
W04462,Akash Verma,+91 90000 04462
W04463,Varun Chopra,+91 90000 04463
W04464,Nikhil Kumar,+91 90000 04464
W04465,Sanjay Gupta,+91 90000 04465
W04466,Priya Malhotra,+91 90000 04466
W04467,Ananya Patel,+91 90000 04467
W04468,Isha Singh,+91 90000 04468
W04469,Kavya Shah,+91 90000 04469
W04470,Neha Reddy,+91 90000 04470
W04471,Pooja Joshi,+91 90000 04471
W04472,Sneha Bhat,+91 90000 04472
W04473,Meera Iyer,+91 90000 04473
W04474,Riya Rao,+91 90000 04474
W04475,Aditi Kapoor,+91 90000 04475
W04476,Aarav Nair,+91 90000 04476
W04477,Vihaan Das,+91 90000 04477
W04478,Aditya Mishra,+91 90000 04478
W04479,Arjun Mehta,+91 90000 04479
W04480,Rohan Menon,+91 90000 04480
W04481,Rahul Sharma,+91 90000 04481
W04482,Karan Verma,+91 90000 04482
W04483,Vikram Chopra,+91 90000 04483
W04484,Siddharth Kumar,+91 90000 04484
W04485,Ravi Gupta,+91 90000 04485
W04486,Aman Malhotra,+91 90000 04486
W04487,Akash Patel,+91 90000 04487
W04488,Varun Singh,+91 90000 04488
W04489,Nikhil Shah,+91 90000 04489
W04490,Sanjay Reddy,+91 90000 04490
W04491,Priya Joshi,+91 90000 04491
W04492,Ananya Bhat,+91 90000 04492
W04493,Isha Iyer,+91 90000 04493
W04494,Kavya Rao,+91 90000 04494
W04495,Neha Kapoor,+91 90000 04495
W04496,Pooja Nair,+91 90000 04496
W04497,Sneha Das,+91 90000 04497
W04498,Meera Mishra,+91 90000 04498
W04499,Riya Mehta,+91 90000 04499
W04500,Aditi Menon,+91 90000 04500
W04501,Aarav Sharma,+91 90000 04501
W04502,Vihaan Verma,+91 90000 04502
W04503,Aditya Chopra,+91 90000 04503
W04504,Arjun Kumar,+91 90000 04504
W04505,Rohan Gupta,+91 90000 04505
W04506,Rahul Malhotra,+91 90000 04506
W04507,Karan Patel,+91 90000 04507
W04508,Vikram Singh,+91 90000 04508
W04509,Siddharth Shah,+91 90000 04509
W04510,Ravi Reddy,+91 90000 04510
W04511,Aman Joshi,+91 90000 04511
W04512,Akash Bhat,+91 90000 04512
W04513,Varun Iyer,+91 90000 04513
W04514,Nikhil Rao,+91 90000 04514
W04515,Sanjay Kapoor,+91 90000 04515
W04516,Priya Nair,+91 90000 04516
W04517,Ananya Das,+91 90000 04517
W04518,Isha Mishra,+91 90000 04518
W04519,Kavya Mehta,+91 90000 04519
W04520,Neha Menon,+91 90000 04520
W04521,Pooja Sharma,+91 90000 04521
W04522,Sneha Verma,+91 90000 04522
W04523,Meera Chopra,+91 90000 04523
W04524,Riya Kumar,+91 90000 04524
W04525,Aditi Gupta,+91 90000 04525
W04526,Aarav Malhotra,+91 90000 04526
W04527,Vihaan Patel,+91 90000 04527
W04528,Aditya Singh,+91 90000 04528
W04529,Arjun Shah,+91 90000 04529
W04530,Rohan Reddy,+91 90000 04530
W04531,Rahul Joshi,+91 90000 04531
W04532,Karan Bhat,+91 90000 04532
W04533,Vikram Iyer,+91 90000 04533
W04534,Siddharth Rao,+91 90000 04534
W04535,Ravi Kapoor,+91 90000 04535
W04536,Aman Nair,+91 90000 04536
W04537,Akash Das,+91 90000 04537
W04538,Varun Mishra,+91 90000 04538
W04539,Nikhil Mehta,+91 90000 04539
W04540,Sanjay Menon,+91 90000 04540
W04541,Priya Sharma,+91 90000 04541
W04542,Ananya Verma,+91 90000 04542
W04543,Isha Chopra,+91 90000 04543
W04544,Kavya Kumar,+91 90000 04544
W04545,Neha Gupta,+91 90000 04545
W04546,Pooja Malhotra,+91 90000 04546
W04547,Sneha Patel,+91 90000 04547
W04548,Meera Singh,+91 90000 04548
W04549,Riya Shah,+91 90000 04549
W04550,Aditi Reddy,+91 90000 04550
W04551,Aarav Joshi,+91 90000 04551
W04552,Vihaan Bhat,+91 90000 04552
W04553,Aditya Iyer,+91 90000 04553
W04554,Arjun Rao,+91 90000 04554
W04555,Rohan Kapoor,+91 90000 04555
W04556,Rahul Nair,+91 90000 04556
W04557,Karan Das,+91 90000 04557
W04558,Vikram Mishra,+91 90000 04558
W04559,Siddharth Mehta,+91 90000 04559
W04560,Ravi Menon,+91 90000 04560
W04561,Aman Sharma,+91 90000 04561
W04562,Akash Verma,+91 90000 04562
W04563,Varun Chopra,+91 90000 04563
W04564,Nikhil Kumar,+91 90000 04564
W04565,Sanjay Gupta,+91 90000 04565
W04566,Priya Malhotra,+91 90000 04566
W04567,Ananya Patel,+91 90000 04567
W04568,Isha Singh,+91 90000 04568
W04569,Kavya Shah,+91 90000 04569
W04570,Neha Reddy,+91 90000 04570
W04571,Pooja Joshi,+91 90000 04571
W04572,Sneha Bhat,+91 90000 04572
W04573,Meera Iyer,+91 90000 04573
W04574,Riya Rao,+91 90000 04574
W04575,Aditi Kapoor,+91 90000 04575
W04576,Aarav Nair,+91 90000 04576
W04577,Vihaan Das,+91 90000 04577
W04578,Aditya Mishra,+91 90000 04578
W04579,Arjun Mehta,+91 90000 04579
W04580,Rohan Menon,+91 90000 04580
W04581,Rahul Sharma,+91 90000 04581
W04582,Karan Verma,+91 90000 04582
W04583,Vikram Chopra,+91 90000 04583
W04584,Siddharth Kumar,+91 90000 04584
W04585,Ravi Gupta,+91 90000 04585
W04586,Aman Malhotra,+91 90000 04586
W04587,Akash Patel,+91 90000 04587
W04588,Varun Singh,+91 90000 04588
W04589,Nikhil Shah,+91 90000 04589
W04590,Sanjay Reddy,+91 90000 04590
W04591,Priya Joshi,+91 90000 04591
W04592,Ananya Bhat,+91 90000 04592
W04593,Isha Iyer,+91 90000 04593
W04594,Kavya Rao,+91 90000 04594
W04595,Neha Kapoor,+91 90000 04595
W04596,Pooja Nair,+91 90000 04596
W04597,Sneha Das,+91 90000 04597
W04598,Meera Mishra,+91 90000 04598
W04599,Riya Mehta,+91 90000 04599
W04600,Aditi Menon,+91 90000 04600
W04601,Aarav Sharma,+91 90000 04601
W04602,Vihaan Verma,+91 90000 04602
W04603,Aditya Chopra,+91 90000 04603
W04604,Arjun Kumar,+91 90000 04604
W04605,Rohan Gupta,+91 90000 04605
W04606,Rahul Malhotra,+91 90000 04606
W04607,Karan Patel,+91 90000 04607
W04608,Vikram Singh,+91 90000 04608
W04609,Siddharth Shah,+91 90000 04609
W04610,Ravi Reddy,+91 90000 04610
W04611,Aman Joshi,+91 90000 04611
W04612,Akash Bhat,+91 90000 04612
W04613,Varun Iyer,+91 90000 04613
W04614,Nikhil Rao,+91 90000 04614
W04615,Sanjay Kapoor,+91 90000 04615
W04616,Priya Nair,+91 90000 04616
W04617,Ananya Das,+91 90000 04617
W04618,Isha Mishra,+91 90000 04618
W04619,Kavya Mehta,+91 90000 04619
W04620,Neha Menon,+91 90000 04620
W04621,Pooja Sharma,+91 90000 04621
W04622,Sneha Verma,+91 90000 04622
W04623,Meera Chopra,+91 90000 04623
W04624,Riya Kumar,+91 90000 04624
W04625,Aditi Gupta,+91 90000 04625
W04626,Aarav Malhotra,+91 90000 04626
W04627,Vihaan Patel,+91 90000 04627
W04628,Aditya Singh,+91 90000 04628
W04629,Arjun Shah,+91 90000 04629
W04630,Rohan Reddy,+91 90000 04630
W04631,Rahul Joshi,+91 90000 04631
W04632,Karan Bhat,+91 90000 04632
W04633,Vikram Iyer,+91 90000 04633
W04634,Siddharth Rao,+91 90000 04634
W04635,Ravi Kapoor,+91 90000 04635
W04636,Aman Nair,+91 90000 04636
W04637,Akash Das,+91 90000 04637
W04638,Varun Mishra,+91 90000 04638
W04639,Nikhil Mehta,+91 90000 04639
W04640,Sanjay Menon,+91 90000 04640
W04641,Priya Sharma,+91 90000 04641
W04642,Ananya Verma,+91 90000 04642
W04643,Isha Chopra,+91 90000 04643
W04644,Kavya Kumar,+91 90000 04644
W04645,Neha Gupta,+91 90000 04645
W04646,Pooja Malhotra,+91 90000 04646
W04647,Sneha Patel,+91 90000 04647
W04648,Meera Singh,+91 90000 04648
W04649,Riya Shah,+91 90000 04649
W04650,Aditi Reddy,+91 90000 04650
W04651,Aarav Joshi,+91 90000 04651
W04652,Vihaan Bhat,+91 90000 04652
W04653,Aditya Iyer,+91 90000 04653
W04654,Arjun Rao,+91 90000 04654
W04655,Rohan Kapoor,+91 90000 04655
W04656,Rahul Nair,+91 90000 04656
W04657,Karan Das,+91 90000 04657
W04658,Vikram Mishra,+91 90000 04658
W04659,Siddharth Mehta,+91 90000 04659
W04660,Ravi Menon,+91 90000 04660
W04661,Aman Sharma,+91 90000 04661
W04662,Akash Verma,+91 90000 04662
W04663,Varun Chopra,+91 90000 04663
W04664,Nikhil Kumar,+91 90000 04664
W04665,Sanjay Gupta,+91 90000 04665
W04666,Priya Malhotra,+91 90000 04666
W04667,Ananya Patel,+91 90000 04667
W04668,Isha Singh,+91 90000 04668
W04669,Kavya Shah,+91 90000 04669
W04670,Neha Reddy,+91 90000 04670
W04671,Pooja Joshi,+91 90000 04671
W04672,Sneha Bhat,+91 90000 04672
W04673,Meera Iyer,+91 90000 04673
W04674,Riya Rao,+91 90000 04674
W04675,Aditi Kapoor,+91 90000 04675
W04676,Aarav Nair,+91 90000 04676
W04677,Vihaan Das,+91 90000 04677
W04678,Aditya Mishra,+91 90000 04678
W04679,Arjun Mehta,+91 90000 04679
W04680,Rohan Menon,+91 90000 04680
W04681,Rahul Sharma,+91 90000 04681
W04682,Karan Verma,+91 90000 04682
W04683,Vikram Chopra,+91 90000 04683
W04684,Siddharth Kumar,+91 90000 04684
W04685,Ravi Gupta,+91 90000 04685
W04686,Aman Malhotra,+91 90000 04686
W04687,Akash Patel,+91 90000 04687
W04688,Varun Singh,+91 90000 04688
W04689,Nikhil Shah,+91 90000 04689
W04690,Sanjay Reddy,+91 90000 04690
W04691,Priya Joshi,+91 90000 04691
W04692,Ananya Bhat,+91 90000 04692
W04693,Isha Iyer,+91 90000 04693
W04694,Kavya Rao,+91 90000 04694
W04695,Neha Kapoor,+91 90000 04695
W04696,Pooja Nair,+91 90000 04696
W04697,Sneha Das,+91 90000 04697
W04698,Meera Mishra,+91 90000 04698
W04699,Riya Mehta,+91 90000 04699
W04700,Aditi Menon,+91 90000 04700
W04701,Aarav Sharma,+91 90000 04701
W04702,Vihaan Verma,+91 90000 04702
W04703,Aditya Chopra,+91 90000 04703
W04704,Arjun Kumar,+91 90000 04704
W04705,Rohan Gupta,+91 90000 04705
W04706,Rahul Malhotra,+91 90000 04706
W04707,Karan Patel,+91 90000 04707
W04708,Vikram Singh,+91 90000 04708
W04709,Siddharth Shah,+91 90000 04709
W04710,Ravi Reddy,+91 90000 04710
W04711,Aman Joshi,+91 90000 04711
W04712,Akash Bhat,+91 90000 04712
W04713,Varun Iyer,+91 90000 04713
W04714,Nikhil Rao,+91 90000 04714
W04715,Sanjay Kapoor,+91 90000 04715
W04716,Priya Nair,+91 90000 04716
W04717,Ananya Das,+91 90000 04717
W04718,Isha Mishra,+91 90000 04718
W04719,Kavya Mehta,+91 90000 04719
W04720,Neha Menon,+91 90000 04720
W04721,Pooja Sharma,+91 90000 04721
W04722,Sneha Verma,+91 90000 04722
W04723,Meera Chopra,+91 90000 04723
W04724,Riya Kumar,+91 90000 04724
W04725,Aditi Gupta,+91 90000 04725
W04726,Aarav Malhotra,+91 90000 04726
W04727,Vihaan Patel,+91 90000 04727
W04728,Aditya Singh,+91 90000 04728
W04729,Arjun Shah,+91 90000 04729
W04730,Rohan Reddy,+91 90000 04730
W04731,Rahul Joshi,+91 90000 04731
W04732,Karan Bhat,+91 90000 04732
W04733,Vikram Iyer,+91 90000 04733
W04734,Siddharth Rao,+91 90000 04734
W04735,Ravi Kapoor,+91 90000 04735
W04736,Aman Nair,+91 90000 04736
W04737,Akash Das,+91 90000 04737
W04738,Varun Mishra,+91 90000 04738
W04739,Nikhil Mehta,+91 90000 04739
W04740,Sanjay Menon,+91 90000 04740
W04741,Priya Sharma,+91 90000 04741
W04742,Ananya Verma,+91 90000 04742
W04743,Isha Chopra,+91 90000 04743
W04744,Kavya Kumar,+91 90000 04744
W04745,Neha Gupta,+91 90000 04745
W04746,Pooja Malhotra,+91 90000 04746
W04747,Sneha Patel,+91 90000 04747
W04748,Meera Singh,+91 90000 04748
W04749,Riya Shah,+91 90000 04749
W04750,Aditi Reddy,+91 90000 04750
W04751,Aarav Joshi,+91 90000 04751
W04752,Vihaan Bhat,+91 90000 04752
W04753,Aditya Iyer,+91 90000 04753
W04754,Arjun Rao,+91 90000 04754
W04755,Rohan Kapoor,+91 90000 04755
W04756,Rahul Nair,+91 90000 04756
W04757,Karan Das,+91 90000 04757
W04758,Vikram Mishra,+91 90000 04758
W04759,Siddharth Mehta,+91 90000 04759
W04760,Ravi Menon,+91 90000 04760
W04761,Aman Sharma,+91 90000 04761
W04762,Akash Verma,+91 90000 04762
W04763,Varun Chopra,+91 90000 04763
W04764,Nikhil Kumar,+91 90000 04764
W04765,Sanjay Gupta,+91 90000 04765
W04766,Priya Malhotra,+91 90000 04766
W04767,Ananya Patel,+91 90000 04767
W04768,Isha Singh,+91 90000 04768
W04769,Kavya Shah,+91 90000 04769
W04770,Neha Reddy,+91 90000 04770
W04771,Pooja Joshi,+91 90000 04771
W04772,Sneha Bhat,+91 90000 04772
W04773,Meera Iyer,+91 90000 04773
W04774,Riya Rao,+91 90000 04774
W04775,Aditi Kapoor,+91 90000 04775
W04776,Aarav Nair,+91 90000 04776
W04777,Vihaan Das,+91 90000 04777
W04778,Aditya Mishra,+91 90000 04778
W04779,Arjun Mehta,+91 90000 04779
W04780,Rohan Menon,+91 90000 04780
W04781,Rahul Sharma,+91 90000 04781
W04782,Karan Verma,+91 90000 04782
W04783,Vikram Chopra,+91 90000 04783
W04784,Siddharth Kumar,+91 90000 04784
W04785,Ravi Gupta,+91 90000 04785
W04786,Aman Malhotra,+91 90000 04786
W04787,Akash Patel,+91 90000 04787
W04788,Varun Singh,+91 90000 04788
W04789,Nikhil Shah,+91 90000 04789
W04790,Sanjay Reddy,+91 90000 04790
W04791,Priya Joshi,+91 90000 04791
W04792,Ananya Bhat,+91 90000 04792
W04793,Isha Iyer,+91 90000 04793
W04794,Kavya Rao,+91 90000 04794
W04795,Neha Kapoor,+91 90000 04795
W04796,Pooja Nair,+91 90000 04796
W04797,Sneha Das,+91 90000 04797
W04798,Meera Mishra,+91 90000 04798
W04799,Riya Mehta,+91 90000 04799
W04800,Aditi Menon,+91 90000 04800
W04801,Aarav Sharma,+91 90000 04801
W04802,Vihaan Verma,+91 90000 04802
W04803,Aditya Chopra,+91 90000 04803
W04804,Arjun Kumar,+91 90000 04804
W04805,Rohan Gupta,+91 90000 04805
W04806,Rahul Malhotra,+91 90000 04806
W04807,Karan Patel,+91 90000 04807
W04808,Vikram Singh,+91 90000 04808
W04809,Siddharth Shah,+91 90000 04809
W04810,Ravi Reddy,+91 90000 04810
W04811,Aman Joshi,+91 90000 04811
W04812,Akash Bhat,+91 90000 04812
W04813,Varun Iyer,+91 90000 04813
W04814,Nikhil Rao,+91 90000 04814
W04815,Sanjay Kapoor,+91 90000 04815
W04816,Priya Nair,+91 90000 04816
W04817,Ananya Das,+91 90000 04817
W04818,Isha Mishra,+91 90000 04818
W04819,Kavya Mehta,+91 90000 04819
W04820,Neha Menon,+91 90000 04820
W04821,Pooja Sharma,+91 90000 04821
W04822,Sneha Verma,+91 90000 04822
W04823,Meera Chopra,+91 90000 04823
W04824,Riya Kumar,+91 90000 04824
W04825,Aditi Gupta,+91 90000 04825
W04826,Aarav Malhotra,+91 90000 04826
W04827,Vihaan Patel,+91 90000 04827
W04828,Aditya Singh,+91 90000 04828
W04829,Arjun Shah,+91 90000 04829
W04830,Rohan Reddy,+91 90000 04830
W04831,Rahul Joshi,+91 90000 04831
W04832,Karan Bhat,+91 90000 04832
W04833,Vikram Iyer,+91 90000 04833
W04834,Siddharth Rao,+91 90000 04834
W04835,Ravi Kapoor,+91 90000 04835
W04836,Aman Nair,+91 90000 04836
W04837,Akash Das,+91 90000 04837
W04838,Varun Mishra,+91 90000 04838
W04839,Nikhil Mehta,+91 90000 04839
W04840,Sanjay Menon,+91 90000 04840
W04841,Priya Sharma,+91 90000 04841
W04842,Ananya Verma,+91 90000 04842
W04843,Isha Chopra,+91 90000 04843
W04844,Kavya Kumar,+91 90000 04844
W04845,Neha Gupta,+91 90000 04845
W04846,Pooja Malhotra,+91 90000 04846
W04847,Sneha Patel,+91 90000 04847
W04848,Meera Singh,+91 90000 04848
W04849,Riya Shah,+91 90000 04849
W04850,Aditi Reddy,+91 90000 04850
W04851,Aarav Joshi,+91 90000 04851
W04852,Vihaan Bhat,+91 90000 04852
W04853,Aditya Iyer,+91 90000 04853
W04854,Arjun Rao,+91 90000 04854
W04855,Rohan Kapoor,+91 90000 04855
W04856,Rahul Nair,+91 90000 04856
W04857,Karan Das,+91 90000 04857
W04858,Vikram Mishra,+91 90000 04858
W04859,Siddharth Mehta,+91 90000 04859
W04860,Ravi Menon,+91 90000 04860
W04861,Aman Sharma,+91 90000 04861
W04862,Akash Verma,+91 90000 04862
W04863,Varun Chopra,+91 90000 04863
W04864,Nikhil Kumar,+91 90000 04864
W04865,Sanjay Gupta,+91 90000 04865
W04866,Priya Malhotra,+91 90000 04866
W04867,Ananya Patel,+91 90000 04867
W04868,Isha Singh,+91 90000 04868
W04869,Kavya Shah,+91 90000 04869
W04870,Neha Reddy,+91 90000 04870
W04871,Pooja Joshi,+91 90000 04871
W04872,Sneha Bhat,+91 90000 04872
W04873,Meera Iyer,+91 90000 04873
W04874,Riya Rao,+91 90000 04874
W04875,Aditi Kapoor,+91 90000 04875
W04876,Aarav Nair,+91 90000 04876
W04877,Vihaan Das,+91 90000 04877
W04878,Aditya Mishra,+91 90000 04878
W04879,Arjun Mehta,+91 90000 04879
W04880,Rohan Menon,+91 90000 04880
W04881,Rahul Sharma,+91 90000 04881
W04882,Karan Verma,+91 90000 04882
W04883,Vikram Chopra,+91 90000 04883
W04884,Siddharth Kumar,+91 90000 04884
W04885,Ravi Gupta,+91 90000 04885
W04886,Aman Malhotra,+91 90000 04886
W04887,Akash Patel,+91 90000 04887
W04888,Varun Singh,+91 90000 04888
W04889,Nikhil Shah,+91 90000 04889
W04890,Sanjay Reddy,+91 90000 04890
W04891,Priya Joshi,+91 90000 04891
W04892,Ananya Bhat,+91 90000 04892
W04893,Isha Iyer,+91 90000 04893
W04894,Kavya Rao,+91 90000 04894
W04895,Neha Kapoor,+91 90000 04895
W04896,Pooja Nair,+91 90000 04896
W04897,Sneha Das,+91 90000 04897
W04898,Meera Mishra,+91 90000 04898
W04899,Riya Mehta,+91 90000 04899
W04900,Aditi Menon,+91 90000 04900
W04901,Aarav Sharma,+91 90000 04901
W04902,Vihaan Verma,+91 90000 04902
W04903,Aditya Chopra,+91 90000 04903
W04904,Arjun Kumar,+91 90000 04904
W04905,Rohan Gupta,+91 90000 04905
W04906,Rahul Malhotra,+91 90000 04906
W04907,Karan Patel,+91 90000 04907
W04908,Vikram Singh,+91 90000 04908
W04909,Siddharth Shah,+91 90000 04909
W04910,Ravi Reddy,+91 90000 04910
W04911,Aman Joshi,+91 90000 04911
W04912,Akash Bhat,+91 90000 04912
W04913,Varun Iyer,+91 90000 04913
W04914,Nikhil Rao,+91 90000 04914
W04915,Sanjay Kapoor,+91 90000 04915
W04916,Priya Nair,+91 90000 04916
W04917,Ananya Das,+91 90000 04917
W04918,Isha Mishra,+91 90000 04918
W04919,Kavya Mehta,+91 90000 04919
W04920,Neha Menon,+91 90000 04920
W04921,Pooja Sharma,+91 90000 04921
W04922,Sneha Verma,+91 90000 04922
W04923,Meera Chopra,+91 90000 04923
W04924,Riya Kumar,+91 90000 04924
W04925,Aditi Gupta,+91 90000 04925
W04926,Aarav Malhotra,+91 90000 04926
W04927,Vihaan Patel,+91 90000 04927
W04928,Aditya Singh,+91 90000 04928
W04929,Arjun Shah,+91 90000 04929
W04930,Rohan Reddy,+91 90000 04930
W04931,Rahul Joshi,+91 90000 04931
W04932,Karan Bhat,+91 90000 04932
W04933,Vikram Iyer,+91 90000 04933
W04934,Siddharth Rao,+91 90000 04934
W04935,Ravi Kapoor,+91 90000 04935
W04936,Aman Nair,+91 90000 04936
W04937,Akash Das,+91 90000 04937
W04938,Varun Mishra,+91 90000 04938
W04939,Nikhil Mehta,+91 90000 04939
W04940,Sanjay Menon,+91 90000 04940
W04941,Priya Sharma,+91 90000 04941
W04942,Ananya Verma,+91 90000 04942
W04943,Isha Chopra,+91 90000 04943
W04944,Kavya Kumar,+91 90000 04944
W04945,Neha Gupta,+91 90000 04945
W04946,Pooja Malhotra,+91 90000 04946
W04947,Sneha Patel,+91 90000 04947
W04948,Meera Singh,+91 90000 04948
W04949,Riya Shah,+91 90000 04949
W04950,Aditi Reddy,+91 90000 04950
W04951,Aarav Joshi,+91 90000 04951
W04952,Vihaan Bhat,+91 90000 04952
W04953,Aditya Iyer,+91 90000 04953
W04954,Arjun Rao,+91 90000 04954
W04955,Rohan Kapoor,+91 90000 04955
W04956,Rahul Nair,+91 90000 04956
W04957,Karan Das,+91 90000 04957
W04958,Vikram Mishra,+91 90000 04958
W04959,Siddharth Mehta,+91 90000 04959
W04960,Ravi Menon,+91 90000 04960
W04961,Aman Sharma,+91 90000 04961
W04962,Akash Verma,+91 90000 04962
W04963,Varun Chopra,+91 90000 04963
W04964,Nikhil Kumar,+91 90000 04964
W04965,Sanjay Gupta,+91 90000 04965
W04966,Priya Malhotra,+91 90000 04966
W04967,Ananya Patel,+91 90000 04967
W04968,Isha Singh,+91 90000 04968
W04969,Kavya Shah,+91 90000 04969
W04970,Neha Reddy,+91 90000 04970
W04971,Pooja Joshi,+91 90000 04971
W04972,Sneha Bhat,+91 90000 04972
W04973,Meera Iyer,+91 90000 04973
W04974,Riya Rao,+91 90000 04974
W04975,Aditi Kapoor,+91 90000 04975
W04976,Aarav Nair,+91 90000 04976
W04977,Vihaan Das,+91 90000 04977
W04978,Aditya Mishra,+91 90000 04978
W04979,Arjun Mehta,+91 90000 04979
W04980,Rohan Menon,+91 90000 04980
W04981,Rahul Sharma,+91 90000 04981
W04982,Karan Verma,+91 90000 04982
W04983,Vikram Chopra,+91 90000 04983
W04984,Siddharth Kumar,+91 90000 04984
W04985,Ravi Gupta,+91 90000 04985
W04986,Aman Malhotra,+91 90000 04986
W04987,Akash Patel,+91 90000 04987
W04988,Varun Singh,+91 90000 04988
W04989,Nikhil Shah,+91 90000 04989
W04990,Sanjay Reddy,+91 90000 04990
W04991,Priya Joshi,+91 90000 04991
W04992,Ananya Bhat,+91 90000 04992
W04993,Isha Iyer,+91 90000 04993
W04994,Kavya Rao,+91 90000 04994
W04995,Neha Kapoor,+91 90000 04995
W04996,Pooja Nair,+91 90000 04996
W04997,Sneha Das,+91 90000 04997
W04998,Meera Mishra,+91 90000 04998
W04999,Riya Mehta,+91 90000 04999
W05000,Aditi Menon,+91 90000 05000
W05001,Aarav Sharma,+91 90000 05001
W05002,Vihaan Verma,+91 90000 05002
W05003,Aditya Chopra,+91 90000 05003
W05004,Arjun Kumar,+91 90000 05004
W05005,Rohan Gupta,+91 90000 05005
W05006,Rahul Malhotra,+91 90000 05006
W05007,Karan Patel,+91 90000 05007
W05008,Vikram Singh,+91 90000 05008
W05009,Siddharth Shah,+91 90000 05009
W05010,Ravi Reddy,+91 90000 05010
W05011,Aman Joshi,+91 90000 05011
W05012,Akash Bhat,+91 90000 05012
W05013,Varun Iyer,+91 90000 05013
W05014,Nikhil Rao,+91 90000 05014
W05015,Sanjay Kapoor,+91 90000 05015
W05016,Priya Nair,+91 90000 05016
W05017,Ananya Das,+91 90000 05017
W05018,Isha Mishra,+91 90000 05018
W05019,Kavya Mehta,+91 90000 05019
W05020,Neha Menon,+91 90000 05020
W05021,Pooja Sharma,+91 90000 05021
W05022,Sneha Verma,+91 90000 05022
W05023,Meera Chopra,+91 90000 05023
W05024,Riya Kumar,+91 90000 05024
W05025,Aditi Gupta,+91 90000 05025
W05026,Aarav Malhotra,+91 90000 05026
W05027,Vihaan Patel,+91 90000 05027
W05028,Aditya Singh,+91 90000 05028
W05029,Arjun Shah,+91 90000 05029
W05030,Rohan Reddy,+91 90000 05030
W05031,Rahul Joshi,+91 90000 05031
W05032,Karan Bhat,+91 90000 05032
W05033,Vikram Iyer,+91 90000 05033
W05034,Siddharth Rao,+91 90000 05034
W05035,Ravi Kapoor,+91 90000 05035
W05036,Aman Nair,+91 90000 05036
W05037,Akash Das,+91 90000 05037
W05038,Varun Mishra,+91 90000 05038
W05039,Nikhil Mehta,+91 90000 05039
W05040,Sanjay Menon,+91 90000 05040
W05041,Priya Sharma,+91 90000 05041
W05042,Ananya Verma,+91 90000 05042
W05043,Isha Chopra,+91 90000 05043
W05044,Kavya Kumar,+91 90000 05044
W05045,Neha Gupta,+91 90000 05045
W05046,Pooja Malhotra,+91 90000 05046
W05047,Sneha Patel,+91 90000 05047
W05048,Meera Singh,+91 90000 05048
W05049,Riya Shah,+91 90000 05049
W05050,Aditi Reddy,+91 90000 05050
W05051,Aarav Joshi,+91 90000 05051
W05052,Vihaan Bhat,+91 90000 05052
W05053,Aditya Iyer,+91 90000 05053
W05054,Arjun Rao,+91 90000 05054
W05055,Rohan Kapoor,+91 90000 05055
W05056,Rahul Nair,+91 90000 05056
W05057,Karan Das,+91 90000 05057
W05058,Vikram Mishra,+91 90000 05058
W05059,Siddharth Mehta,+91 90000 05059
W05060,Ravi Menon,+91 90000 05060
W05061,Aman Sharma,+91 90000 05061
W05062,Akash Verma,+91 90000 05062
W05063,Varun Chopra,+91 90000 05063
W05064,Nikhil Kumar,+91 90000 05064
W05065,Sanjay Gupta,+91 90000 05065
W05066,Priya Malhotra,+91 90000 05066
W05067,Ananya Patel,+91 90000 05067
W05068,Isha Singh,+91 90000 05068
W05069,Kavya Shah,+91 90000 05069
W05070,Neha Reddy,+91 90000 05070
W05071,Pooja Joshi,+91 90000 05071
W05072,Sneha Bhat,+91 90000 05072
W05073,Meera Iyer,+91 90000 05073
W05074,Riya Rao,+91 90000 05074
W05075,Aditi Kapoor,+91 90000 05075
W05076,Aarav Nair,+91 90000 05076
W05077,Vihaan Das,+91 90000 05077
W05078,Aditya Mishra,+91 90000 05078
W05079,Arjun Mehta,+91 90000 05079
W05080,Rohan Menon,+91 90000 05080
W05081,Rahul Sharma,+91 90000 05081
W05082,Karan Verma,+91 90000 05082
W05083,Vikram Chopra,+91 90000 05083
W05084,Siddharth Kumar,+91 90000 05084
W05085,Ravi Gupta,+91 90000 05085
W05086,Aman Malhotra,+91 90000 05086
W05087,Akash Patel,+91 90000 05087
W05088,Varun Singh,+91 90000 05088
W05089,Nikhil Shah,+91 90000 05089
W05090,Sanjay Reddy,+91 90000 05090
W05091,Priya Joshi,+91 90000 05091
W05092,Ananya Bhat,+91 90000 05092
W05093,Isha Iyer,+91 90000 05093
W05094,Kavya Rao,+91 90000 05094
W05095,Neha Kapoor,+91 90000 05095
W05096,Pooja Nair,+91 90000 05096
W05097,Sneha Das,+91 90000 05097
W05098,Meera Mishra,+91 90000 05098
W05099,Riya Mehta,+91 90000 05099
W05100,Aditi Menon,+91 90000 05100
W05101,Aarav Sharma,+91 90000 05101
W05102,Vihaan Verma,+91 90000 05102
W05103,Aditya Chopra,+91 90000 05103
W05104,Arjun Kumar,+91 90000 05104
W05105,Rohan Gupta,+91 90000 05105
W05106,Rahul Malhotra,+91 90000 05106
W05107,Karan Patel,+91 90000 05107
W05108,Vikram Singh,+91 90000 05108
W05109,Siddharth Shah,+91 90000 05109
W05110,Ravi Reddy,+91 90000 05110
W05111,Aman Joshi,+91 90000 05111
W05112,Akash Bhat,+91 90000 05112
W05113,Varun Iyer,+91 90000 05113
W05114,Nikhil Rao,+91 90000 05114
W05115,Sanjay Kapoor,+91 90000 05115
W05116,Priya Nair,+91 90000 05116
W05117,Ananya Das,+91 90000 05117
W05118,Isha Mishra,+91 90000 05118
W05119,Kavya Mehta,+91 90000 05119
W05120,Neha Menon,+91 90000 05120
W05121,Pooja Sharma,+91 90000 05121
W05122,Sneha Verma,+91 90000 05122
W05123,Meera Chopra,+91 90000 05123
W05124,Riya Kumar,+91 90000 05124
W05125,Aditi Gupta,+91 90000 05125
W05126,Aarav Malhotra,+91 90000 05126
W05127,Vihaan Patel,+91 90000 05127
W05128,Aditya Singh,+91 90000 05128
W05129,Arjun Shah,+91 90000 05129
W05130,Rohan Reddy,+91 90000 05130
W05131,Rahul Joshi,+91 90000 05131
W05132,Karan Bhat,+91 90000 05132
W05133,Vikram Iyer,+91 90000 05133
W05134,Siddharth Rao,+91 90000 05134
W05135,Ravi Kapoor,+91 90000 05135
W05136,Aman Nair,+91 90000 05136
W05137,Akash Das,+91 90000 05137
W05138,Varun Mishra,+91 90000 05138
W05139,Nikhil Mehta,+91 90000 05139
W05140,Sanjay Menon,+91 90000 05140
W05141,Priya Sharma,+91 90000 05141
W05142,Ananya Verma,+91 90000 05142
W05143,Isha Chopra,+91 90000 05143
W05144,Kavya Kumar,+91 90000 05144
W05145,Neha Gupta,+91 90000 05145
W05146,Pooja Malhotra,+91 90000 05146
W05147,Sneha Patel,+91 90000 05147
W05148,Meera Singh,+91 90000 05148
W05149,Riya Shah,+91 90000 05149
W05150,Aditi Reddy,+91 90000 05150
W05151,Aarav Joshi,+91 90000 05151
W05152,Vihaan Bhat,+91 90000 05152
W05153,Aditya Iyer,+91 90000 05153
W05154,Arjun Rao,+91 90000 05154
W05155,Rohan Kapoor,+91 90000 05155
W05156,Rahul Nair,+91 90000 05156
W05157,Karan Das,+91 90000 05157
W05158,Vikram Mishra,+91 90000 05158
W05159,Siddharth Mehta,+91 90000 05159
W05160,Ravi Menon,+91 90000 05160
W05161,Aman Sharma,+91 90000 05161
W05162,Akash Verma,+91 90000 05162
W05163,Varun Chopra,+91 90000 05163
W05164,Nikhil Kumar,+91 90000 05164
W05165,Sanjay Gupta,+91 90000 05165
W05166,Priya Malhotra,+91 90000 05166
W05167,Ananya Patel,+91 90000 05167
W05168,Isha Singh,+91 90000 05168
W05169,Kavya Shah,+91 90000 05169
W05170,Neha Reddy,+91 90000 05170
W05171,Pooja Joshi,+91 90000 05171
W05172,Sneha Bhat,+91 90000 05172
W05173,Meera Iyer,+91 90000 05173
W05174,Riya Rao,+91 90000 05174
W05175,Aditi Kapoor,+91 90000 05175
W05176,Aarav Nair,+91 90000 05176
W05177,Vihaan Das,+91 90000 05177
W05178,Aditya Mishra,+91 90000 05178
W05179,Arjun Mehta,+91 90000 05179
W05180,Rohan Menon,+91 90000 05180
W05181,Rahul Sharma,+91 90000 05181
W05182,Karan Verma,+91 90000 05182
W05183,Vikram Chopra,+91 90000 05183
W05184,Siddharth Kumar,+91 90000 05184
W05185,Ravi Gupta,+91 90000 05185
W05186,Aman Malhotra,+91 90000 05186
W05187,Akash Patel,+91 90000 05187
W05188,Varun Singh,+91 90000 05188
W05189,Nikhil Shah,+91 90000 05189
W05190,Sanjay Reddy,+91 90000 05190
W05191,Priya Joshi,+91 90000 05191
W05192,Ananya Bhat,+91 90000 05192
W05193,Isha Iyer,+91 90000 05193
W05194,Kavya Rao,+91 90000 05194
W05195,Neha Kapoor,+91 90000 05195
W05196,Pooja Nair,+91 90000 05196
W05197,Sneha Das,+91 90000 05197
W05198,Meera Mishra,+91 90000 05198
W05199,Riya Mehta,+91 90000 05199
W05200,Aditi Menon,+91 90000 05200
W05201,Aarav Sharma,+91 90000 05201
W05202,Vihaan Verma,+91 90000 05202
W05203,Aditya Chopra,+91 90000 05203
W05204,Arjun Kumar,+91 90000 05204
W05205,Rohan Gupta,+91 90000 05205
W05206,Rahul Malhotra,+91 90000 05206
W05207,Karan Patel,+91 90000 05207
W05208,Vikram Singh,+91 90000 05208
W05209,Siddharth Shah,+91 90000 05209
W05210,Ravi Reddy,+91 90000 05210
W05211,Aman Joshi,+91 90000 05211
W05212,Akash Bhat,+91 90000 05212
W05213,Varun Iyer,+91 90000 05213
W05214,Nikhil Rao,+91 90000 05214
W05215,Sanjay Kapoor,+91 90000 05215
W05216,Priya Nair,+91 90000 05216
W05217,Ananya Das,+91 90000 05217
W05218,Isha Mishra,+91 90000 05218
W05219,Kavya Mehta,+91 90000 05219
W05220,Neha Menon,+91 90000 05220
W05221,Pooja Sharma,+91 90000 05221
W05222,Sneha Verma,+91 90000 05222
W05223,Meera Chopra,+91 90000 05223
W05224,Riya Kumar,+91 90000 05224
W05225,Aditi Gupta,+91 90000 05225
W05226,Aarav Malhotra,+91 90000 05226
W05227,Vihaan Patel,+91 90000 05227
W05228,Aditya Singh,+91 90000 05228
W05229,Arjun Shah,+91 90000 05229
W05230,Rohan Reddy,+91 90000 05230
W05231,Rahul Joshi,+91 90000 05231
W05232,Karan Bhat,+91 90000 05232
W05233,Vikram Iyer,+91 90000 05233
W05234,Siddharth Rao,+91 90000 05234
W05235,Ravi Kapoor,+91 90000 05235
W05236,Aman Nair,+91 90000 05236
W05237,Akash Das,+91 90000 05237
W05238,Varun Mishra,+91 90000 05238
W05239,Nikhil Mehta,+91 90000 05239
W05240,Sanjay Menon,+91 90000 05240
W05241,Priya Sharma,+91 90000 05241
W05242,Ananya Verma,+91 90000 05242
W05243,Isha Chopra,+91 90000 05243
W05244,Kavya Kumar,+91 90000 05244
W05245,Neha Gupta,+91 90000 05245
W05246,Pooja Malhotra,+91 90000 05246
W05247,Sneha Patel,+91 90000 05247
W05248,Meera Singh,+91 90000 05248
W05249,Riya Shah,+91 90000 05249
W05250,Aditi Reddy,+91 90000 05250
W05251,Aarav Joshi,+91 90000 05251
W05252,Vihaan Bhat,+91 90000 05252
W05253,Aditya Iyer,+91 90000 05253
W05254,Arjun Rao,+91 90000 05254
W05255,Rohan Kapoor,+91 90000 05255
W05256,Rahul Nair,+91 90000 05256
W05257,Karan Das,+91 90000 05257
W05258,Vikram Mishra,+91 90000 05258
W05259,Siddharth Mehta,+91 90000 05259
W05260,Ravi Menon,+91 90000 05260
W05261,Aman Sharma,+91 90000 05261
W05262,Akash Verma,+91 90000 05262
W05263,Varun Chopra,+91 90000 05263
W05264,Nikhil Kumar,+91 90000 05264
W05265,Sanjay Gupta,+91 90000 05265
W05266,Priya Malhotra,+91 90000 05266
W05267,Ananya Patel,+91 90000 05267
W05268,Isha Singh,+91 90000 05268
W05269,Kavya Shah,+91 90000 05269
W05270,Neha Reddy,+91 90000 05270
W05271,Pooja Joshi,+91 90000 05271
W05272,Sneha Bhat,+91 90000 05272
W05273,Meera Iyer,+91 90000 05273
W05274,Riya Rao,+91 90000 05274
W05275,Aditi Kapoor,+91 90000 05275
W05276,Aarav Nair,+91 90000 05276
W05277,Vihaan Das,+91 90000 05277
W05278,Aditya Mishra,+91 90000 05278
W05279,Arjun Mehta,+91 90000 05279
W05280,Rohan Menon,+91 90000 05280
W05281,Rahul Sharma,+91 90000 05281
W05282,Karan Verma,+91 90000 05282
W05283,Vikram Chopra,+91 90000 05283
W05284,Siddharth Kumar,+91 90000 05284
W05285,Ravi Gupta,+91 90000 05285
W05286,Aman Malhotra,+91 90000 05286
W05287,Akash Patel,+91 90000 05287
W05288,Varun Singh,+91 90000 05288
W05289,Nikhil Shah,+91 90000 05289
W05290,Sanjay Reddy,+91 90000 05290
W05291,Priya Joshi,+91 90000 05291
W05292,Ananya Bhat,+91 90000 05292
W05293,Isha Iyer,+91 90000 05293
W05294,Kavya Rao,+91 90000 05294
W05295,Neha Kapoor,+91 90000 05295
W05296,Pooja Nair,+91 90000 05296
W05297,Sneha Das,+91 90000 05297
W05298,Meera Mishra,+91 90000 05298
W05299,Riya Mehta,+91 90000 05299
W05300,Aditi Menon,+91 90000 05300
W05301,Aarav Sharma,+91 90000 05301
W05302,Vihaan Verma,+91 90000 05302
W05303,Aditya Chopra,+91 90000 05303
W05304,Arjun Kumar,+91 90000 05304
W05305,Rohan Gupta,+91 90000 05305
W05306,Rahul Malhotra,+91 90000 05306
W05307,Karan Patel,+91 90000 05307
W05308,Vikram Singh,+91 90000 05308
W05309,Siddharth Shah,+91 90000 05309
W05310,Ravi Reddy,+91 90000 05310
W05311,Aman Joshi,+91 90000 05311
W05312,Akash Bhat,+91 90000 05312
W05313,Varun Iyer,+91 90000 05313
W05314,Nikhil Rao,+91 90000 05314
W05315,Sanjay Kapoor,+91 90000 05315
W05316,Priya Nair,+91 90000 05316
W05317,Ananya Das,+91 90000 05317
W05318,Isha Mishra,+91 90000 05318
W05319,Kavya Mehta,+91 90000 05319
W05320,Neha Menon,+91 90000 05320
W05321,Pooja Sharma,+91 90000 05321
W05322,Sneha Verma,+91 90000 05322
W05323,Meera Chopra,+91 90000 05323
W05324,Riya Kumar,+91 90000 05324
W05325,Aditi Gupta,+91 90000 05325
W05326,Aarav Malhotra,+91 90000 05326
W05327,Vihaan Patel,+91 90000 05327
W05328,Aditya Singh,+91 90000 05328
W05329,Arjun Shah,+91 90000 05329
W05330,Rohan Reddy,+91 90000 05330
W05331,Rahul Joshi,+91 90000 05331
W05332,Karan Bhat,+91 90000 05332
W05333,Vikram Iyer,+91 90000 05333
W05334,Siddharth Rao,+91 90000 05334
W05335,Ravi Kapoor,+91 90000 05335
W05336,Aman Nair,+91 90000 05336
W05337,Akash Das,+91 90000 05337
W05338,Varun Mishra,+91 90000 05338
W05339,Nikhil Mehta,+91 90000 05339
W05340,Sanjay Menon,+91 90000 05340
W05341,Priya Sharma,+91 90000 05341
W05342,Ananya Verma,+91 90000 05342
W05343,Isha Chopra,+91 90000 05343
W05344,Kavya Kumar,+91 90000 05344
W05345,Neha Gupta,+91 90000 05345
W05346,Pooja Malhotra,+91 90000 05346
W05347,Sneha Patel,+91 90000 05347
W05348,Meera Singh,+91 90000 05348
W05349,Riya Shah,+91 90000 05349
W05350,Aditi Reddy,+91 90000 05350
W05351,Aarav Joshi,+91 90000 05351
W05352,Vihaan Bhat,+91 90000 05352
W05353,Aditya Iyer,+91 90000 05353
W05354,Arjun Rao,+91 90000 05354
W05355,Rohan Kapoor,+91 90000 05355
W05356,Rahul Nair,+91 90000 05356
W05357,Karan Das,+91 90000 05357
W05358,Vikram Mishra,+91 90000 05358
W05359,Siddharth Mehta,+91 90000 05359
W05360,Ravi Menon,+91 90000 05360
W05361,Aman Sharma,+91 90000 05361
W05362,Akash Verma,+91 90000 05362
W05363,Varun Chopra,+91 90000 05363
W05364,Nikhil Kumar,+91 90000 05364
W05365,Sanjay Gupta,+91 90000 05365
W05366,Priya Malhotra,+91 90000 05366
W05367,Ananya Patel,+91 90000 05367
W05368,Isha Singh,+91 90000 05368
W05369,Kavya Shah,+91 90000 05369
W05370,Neha Reddy,+91 90000 05370
W05371,Pooja Joshi,+91 90000 05371
W05372,Sneha Bhat,+91 90000 05372
W05373,Meera Iyer,+91 90000 05373
W05374,Riya Rao,+91 90000 05374
W05375,Aditi Kapoor,+91 90000 05375
W05376,Aarav Nair,+91 90000 05376
W05377,Vihaan Das,+91 90000 05377
W05378,Aditya Mishra,+91 90000 05378
W05379,Arjun Mehta,+91 90000 05379
W05380,Rohan Menon,+91 90000 05380
W05381,Rahul Sharma,+91 90000 05381
W05382,Karan Verma,+91 90000 05382
W05383,Vikram Chopra,+91 90000 05383
W05384,Siddharth Kumar,+91 90000 05384
W05385,Ravi Gupta,+91 90000 05385
W05386,Aman Malhotra,+91 90000 05386
W05387,Akash Patel,+91 90000 05387
W05388,Varun Singh,+91 90000 05388
W05389,Nikhil Shah,+91 90000 05389
W05390,Sanjay Reddy,+91 90000 05390
W05391,Priya Joshi,+91 90000 05391
W05392,Ananya Bhat,+91 90000 05392
W05393,Isha Iyer,+91 90000 05393
W05394,Kavya Rao,+91 90000 05394
W05395,Neha Kapoor,+91 90000 05395
W05396,Pooja Nair,+91 90000 05396
W05397,Sneha Das,+91 90000 05397
W05398,Meera Mishra,+91 90000 05398
W05399,Riya Mehta,+91 90000 05399
W05400,Aditi Menon,+91 90000 05400
W05401,Aarav Sharma,+91 90000 05401
W05402,Vihaan Verma,+91 90000 05402
W05403,Aditya Chopra,+91 90000 05403
W05404,Arjun Kumar,+91 90000 05404
W05405,Rohan Gupta,+91 90000 05405
W05406,Rahul Malhotra,+91 90000 05406
W05407,Karan Patel,+91 90000 05407
W05408,Vikram Singh,+91 90000 05408
W05409,Siddharth Shah,+91 90000 05409
W05410,Ravi Reddy,+91 90000 05410
W05411,Aman Joshi,+91 90000 05411
W05412,Akash Bhat,+91 90000 05412
W05413,Varun Iyer,+91 90000 05413
W05414,Nikhil Rao,+91 90000 05414
W05415,Sanjay Kapoor,+91 90000 05415
W05416,Priya Nair,+91 90000 05416
W05417,Ananya Das,+91 90000 05417
W05418,Isha Mishra,+91 90000 05418
W05419,Kavya Mehta,+91 90000 05419
W05420,Neha Menon,+91 90000 05420
W05421,Pooja Sharma,+91 90000 05421
W05422,Sneha Verma,+91 90000 05422
W05423,Meera Chopra,+91 90000 05423
W05424,Riya Kumar,+91 90000 05424
W05425,Aditi Gupta,+91 90000 05425
W05426,Aarav Malhotra,+91 90000 05426
W05427,Vihaan Patel,+91 90000 05427
W05428,Aditya Singh,+91 90000 05428
W05429,Arjun Shah,+91 90000 05429
W05430,Rohan Reddy,+91 90000 05430
W05431,Rahul Joshi,+91 90000 05431
W05432,Karan Bhat,+91 90000 05432
W05433,Vikram Iyer,+91 90000 05433
W05434,Siddharth Rao,+91 90000 05434
W05435,Ravi Kapoor,+91 90000 05435
W05436,Aman Nair,+91 90000 05436
W05437,Akash Das,+91 90000 05437
W05438,Varun Mishra,+91 90000 05438
W05439,Nikhil Mehta,+91 90000 05439
W05440,Sanjay Menon,+91 90000 05440
W05441,Priya Sharma,+91 90000 05441
W05442,Ananya Verma,+91 90000 05442
W05443,Isha Chopra,+91 90000 05443
W05444,Kavya Kumar,+91 90000 05444
W05445,Neha Gupta,+91 90000 05445
W05446,Pooja Malhotra,+91 90000 05446
W05447,Sneha Patel,+91 90000 05447
W05448,Meera Singh,+91 90000 05448
W05449,Riya Shah,+91 90000 05449
W05450,Aditi Reddy,+91 90000 05450
W05451,Aarav Joshi,+91 90000 05451
W05452,Vihaan Bhat,+91 90000 05452
W05453,Aditya Iyer,+91 90000 05453
W05454,Arjun Rao,+91 90000 05454
W05455,Rohan Kapoor,+91 90000 05455
W05456,Rahul Nair,+91 90000 05456
W05457,Karan Das,+91 90000 05457
W05458,Vikram Mishra,+91 90000 05458
W05459,Siddharth Mehta,+91 90000 05459
W05460,Ravi Menon,+91 90000 05460
W05461,Aman Sharma,+91 90000 05461
W05462,Akash Verma,+91 90000 05462
W05463,Varun Chopra,+91 90000 05463
W05464,Nikhil Kumar,+91 90000 05464
W05465,Sanjay Gupta,+91 90000 05465
W05466,Priya Malhotra,+91 90000 05466
W05467,Ananya Patel,+91 90000 05467
W05468,Isha Singh,+91 90000 05468
W05469,Kavya Shah,+91 90000 05469
W05470,Neha Reddy,+91 90000 05470
W05471,Pooja Joshi,+91 90000 05471
W05472,Sneha Bhat,+91 90000 05472
W05473,Meera Iyer,+91 90000 05473
W05474,Riya Rao,+91 90000 05474
W05475,Aditi Kapoor,+91 90000 05475
W05476,Aarav Nair,+91 90000 05476
W05477,Vihaan Das,+91 90000 05477
W05478,Aditya Mishra,+91 90000 05478
W05479,Arjun Mehta,+91 90000 05479
W05480,Rohan Menon,+91 90000 05480
W05481,Rahul Sharma,+91 90000 05481
W05482,Karan Verma,+91 90000 05482
W05483,Vikram Chopra,+91 90000 05483
W05484,Siddharth Kumar,+91 90000 05484
W05485,Ravi Gupta,+91 90000 05485
W05486,Aman Malhotra,+91 90000 05486
W05487,Akash Patel,+91 90000 05487
W05488,Varun Singh,+91 90000 05488
W05489,Nikhil Shah,+91 90000 05489
W05490,Sanjay Reddy,+91 90000 05490
W05491,Priya Joshi,+91 90000 05491
W05492,Ananya Bhat,+91 90000 05492
W05493,Isha Iyer,+91 90000 05493
W05494,Kavya Rao,+91 90000 05494
W05495,Neha Kapoor,+91 90000 05495
W05496,Pooja Nair,+91 90000 05496
W05497,Sneha Das,+91 90000 05497
W05498,Meera Mishra,+91 90000 05498
W05499,Riya Mehta,+91 90000 05499
W05500,Aditi Menon,+91 90000 05500
W05501,Aarav Sharma,+91 90000 05501
W05502,Vihaan Verma,+91 90000 05502
W05503,Aditya Chopra,+91 90000 05503
W05504,Arjun Kumar,+91 90000 05504
W05505,Rohan Gupta,+91 90000 05505
W05506,Rahul Malhotra,+91 90000 05506
W05507,Karan Patel,+91 90000 05507
W05508,Vikram Singh,+91 90000 05508
W05509,Siddharth Shah,+91 90000 05509
W05510,Ravi Reddy,+91 90000 05510
W05511,Aman Joshi,+91 90000 05511
W05512,Akash Bhat,+91 90000 05512
W05513,Varun Iyer,+91 90000 05513
W05514,Nikhil Rao,+91 90000 05514
W05515,Sanjay Kapoor,+91 90000 05515
W05516,Priya Nair,+91 90000 05516
W05517,Ananya Das,+91 90000 05517
W05518,Isha Mishra,+91 90000 05518
W05519,Kavya Mehta,+91 90000 05519
W05520,Neha Menon,+91 90000 05520
W05521,Pooja Sharma,+91 90000 05521
W05522,Sneha Verma,+91 90000 05522
W05523,Meera Chopra,+91 90000 05523
W05524,Riya Kumar,+91 90000 05524
W05525,Aditi Gupta,+91 90000 05525
W05526,Aarav Malhotra,+91 90000 05526
W05527,Vihaan Patel,+91 90000 05527
W05528,Aditya Singh,+91 90000 05528
W05529,Arjun Shah,+91 90000 05529
W05530,Rohan Reddy,+91 90000 05530
W05531,Rahul Joshi,+91 90000 05531
W05532,Karan Bhat,+91 90000 05532
W05533,Vikram Iyer,+91 90000 05533
W05534,Siddharth Rao,+91 90000 05534
W05535,Ravi Kapoor,+91 90000 05535
W05536,Aman Nair,+91 90000 05536
W05537,Akash Das,+91 90000 05537
W05538,Varun Mishra,+91 90000 05538
W05539,Nikhil Mehta,+91 90000 05539
W05540,Sanjay Menon,+91 90000 05540
W05541,Priya Sharma,+91 90000 05541
W05542,Ananya Verma,+91 90000 05542
W05543,Isha Chopra,+91 90000 05543
W05544,Kavya Kumar,+91 90000 05544
W05545,Neha Gupta,+91 90000 05545
W05546,Pooja Malhotra,+91 90000 05546
W05547,Sneha Patel,+91 90000 05547
W05548,Meera Singh,+91 90000 05548
W05549,Riya Shah,+91 90000 05549
W05550,Aditi Reddy,+91 90000 05550
W05551,Aarav Joshi,+91 90000 05551
W05552,Vihaan Bhat,+91 90000 05552
W05553,Aditya Iyer,+91 90000 05553
W05554,Arjun Rao,+91 90000 05554
W05555,Rohan Kapoor,+91 90000 05555
W05556,Rahul Nair,+91 90000 05556
W05557,Karan Das,+91 90000 05557
W05558,Vikram Mishra,+91 90000 05558
W05559,Siddharth Mehta,+91 90000 05559
W05560,Ravi Menon,+91 90000 05560
W05561,Aman Sharma,+91 90000 05561
W05562,Akash Verma,+91 90000 05562
W05563,Varun Chopra,+91 90000 05563
W05564,Nikhil Kumar,+91 90000 05564
W05565,Sanjay Gupta,+91 90000 05565
W05566,Priya Malhotra,+91 90000 05566
W05567,Ananya Patel,+91 90000 05567
W05568,Isha Singh,+91 90000 05568
W05569,Kavya Shah,+91 90000 05569
W05570,Neha Reddy,+91 90000 05570
W05571,Pooja Joshi,+91 90000 05571
W05572,Sneha Bhat,+91 90000 05572
W05573,Meera Iyer,+91 90000 05573
W05574,Riya Rao,+91 90000 05574
W05575,Aditi Kapoor,+91 90000 05575
W05576,Aarav Nair,+91 90000 05576
W05577,Vihaan Das,+91 90000 05577
W05578,Aditya Mishra,+91 90000 05578
W05579,Arjun Mehta,+91 90000 05579
W05580,Rohan Menon,+91 90000 05580
W05581,Rahul Sharma,+91 90000 05581
W05582,Karan Verma,+91 90000 05582
W05583,Vikram Chopra,+91 90000 05583
W05584,Siddharth Kumar,+91 90000 05584
W05585,Ravi Gupta,+91 90000 05585
W05586,Aman Malhotra,+91 90000 05586
W05587,Akash Patel,+91 90000 05587
W05588,Varun Singh,+91 90000 05588
W05589,Nikhil Shah,+91 90000 05589
W05590,Sanjay Reddy,+91 90000 05590
W05591,Priya Joshi,+91 90000 05591
W05592,Ananya Bhat,+91 90000 05592
W05593,Isha Iyer,+91 90000 05593
W05594,Kavya Rao,+91 90000 05594
W05595,Neha Kapoor,+91 90000 05595
W05596,Pooja Nair,+91 90000 05596
W05597,Sneha Das,+91 90000 05597
W05598,Meera Mishra,+91 90000 05598
W05599,Riya Mehta,+91 90000 05599
W05600,Aditi Menon,+91 90000 05600
W05601,Aarav Sharma,+91 90000 05601
W05602,Vihaan Verma,+91 90000 05602
W05603,Aditya Chopra,+91 90000 05603
W05604,Arjun Kumar,+91 90000 05604
W05605,Rohan Gupta,+91 90000 05605
W05606,Rahul Malhotra,+91 90000 05606
W05607,Karan Patel,+91 90000 05607
W05608,Vikram Singh,+91 90000 05608
W05609,Siddharth Shah,+91 90000 05609
W05610,Ravi Reddy,+91 90000 05610
W05611,Aman Joshi,+91 90000 05611
W05612,Akash Bhat,+91 90000 05612
W05613,Varun Iyer,+91 90000 05613
W05614,Nikhil Rao,+91 90000 05614
W05615,Sanjay Kapoor,+91 90000 05615
W05616,Priya Nair,+91 90000 05616
W05617,Ananya Das,+91 90000 05617
W05618,Isha Mishra,+91 90000 05618
W05619,Kavya Mehta,+91 90000 05619
W05620,Neha Menon,+91 90000 05620
W05621,Pooja Sharma,+91 90000 05621
W05622,Sneha Verma,+91 90000 05622
W05623,Meera Chopra,+91 90000 05623
W05624,Riya Kumar,+91 90000 05624
W05625,Aditi Gupta,+91 90000 05625
W05626,Aarav Malhotra,+91 90000 05626
W05627,Vihaan Patel,+91 90000 05627
W05628,Aditya Singh,+91 90000 05628
W05629,Arjun Shah,+91 90000 05629
W05630,Rohan Reddy,+91 90000 05630
W05631,Rahul Joshi,+91 90000 05631
W05632,Karan Bhat,+91 90000 05632
W05633,Vikram Iyer,+91 90000 05633
W05634,Siddharth Rao,+91 90000 05634
W05635,Ravi Kapoor,+91 90000 05635
W05636,Aman Nair,+91 90000 05636
W05637,Akash Das,+91 90000 05637
W05638,Varun Mishra,+91 90000 05638
W05639,Nikhil Mehta,+91 90000 05639
W05640,Sanjay Menon,+91 90000 05640
W05641,Priya Sharma,+91 90000 05641
W05642,Ananya Verma,+91 90000 05642
W05643,Isha Chopra,+91 90000 05643
W05644,Kavya Kumar,+91 90000 05644
W05645,Neha Gupta,+91 90000 05645
W05646,Pooja Malhotra,+91 90000 05646
W05647,Sneha Patel,+91 90000 05647
W05648,Meera Singh,+91 90000 05648
W05649,Riya Shah,+91 90000 05649
W05650,Aditi Reddy,+91 90000 05650
W05651,Aarav Joshi,+91 90000 05651
W05652,Vihaan Bhat,+91 90000 05652
W05653,Aditya Iyer,+91 90000 05653
W05654,Arjun Rao,+91 90000 05654
W05655,Rohan Kapoor,+91 90000 05655
W05656,Rahul Nair,+91 90000 05656
W05657,Karan Das,+91 90000 05657
W05658,Vikram Mishra,+91 90000 05658
W05659,Siddharth Mehta,+91 90000 05659
W05660,Ravi Menon,+91 90000 05660
W05661,Aman Sharma,+91 90000 05661
W05662,Akash Verma,+91 90000 05662
W05663,Varun Chopra,+91 90000 05663
W05664,Nikhil Kumar,+91 90000 05664
W05665,Sanjay Gupta,+91 90000 05665
W05666,Priya Malhotra,+91 90000 05666
W05667,Ananya Patel,+91 90000 05667
W05668,Isha Singh,+91 90000 05668
W05669,Kavya Shah,+91 90000 05669
W05670,Neha Reddy,+91 90000 05670
W05671,Pooja Joshi,+91 90000 05671
W05672,Sneha Bhat,+91 90000 05672
W05673,Meera Iyer,+91 90000 05673
W05674,Riya Rao,+91 90000 05674
W05675,Aditi Kapoor,+91 90000 05675
W05676,Aarav Nair,+91 90000 05676
W05677,Vihaan Das,+91 90000 05677
W05678,Aditya Mishra,+91 90000 05678
W05679,Arjun Mehta,+91 90000 05679
W05680,Rohan Menon,+91 90000 05680
W05681,Rahul Sharma,+91 90000 05681
W05682,Karan Verma,+91 90000 05682
W05683,Vikram Chopra,+91 90000 05683
W05684,Siddharth Kumar,+91 90000 05684
W05685,Ravi Gupta,+91 90000 05685
W05686,Aman Malhotra,+91 90000 05686
W05687,Akash Patel,+91 90000 05687
W05688,Varun Singh,+91 90000 05688
W05689,Nikhil Shah,+91 90000 05689
W05690,Sanjay Reddy,+91 90000 05690
W05691,Priya Joshi,+91 90000 05691
W05692,Ananya Bhat,+91 90000 05692
W05693,Isha Iyer,+91 90000 05693
W05694,Kavya Rao,+91 90000 05694
W05695,Neha Kapoor,+91 90000 05695
W05696,Pooja Nair,+91 90000 05696
W05697,Sneha Das,+91 90000 05697
W05698,Meera Mishra,+91 90000 05698
W05699,Riya Mehta,+91 90000 05699
W05700,Aditi Menon,+91 90000 05700
W05701,Aarav Sharma,+91 90000 05701
W05702,Vihaan Verma,+91 90000 05702
W05703,Aditya Chopra,+91 90000 05703
W05704,Arjun Kumar,+91 90000 05704
W05705,Rohan Gupta,+91 90000 05705
W05706,Rahul Malhotra,+91 90000 05706
W05707,Karan Patel,+91 90000 05707
W05708,Vikram Singh,+91 90000 05708
W05709,Siddharth Shah,+91 90000 05709
W05710,Ravi Reddy,+91 90000 05710
W05711,Aman Joshi,+91 90000 05711
W05712,Akash Bhat,+91 90000 05712
W05713,Varun Iyer,+91 90000 05713
W05714,Nikhil Rao,+91 90000 05714
W05715,Sanjay Kapoor,+91 90000 05715
W05716,Priya Nair,+91 90000 05716
W05717,Ananya Das,+91 90000 05717
W05718,Isha Mishra,+91 90000 05718
W05719,Kavya Mehta,+91 90000 05719
W05720,Neha Menon,+91 90000 05720
W05721,Pooja Sharma,+91 90000 05721
W05722,Sneha Verma,+91 90000 05722
W05723,Meera Chopra,+91 90000 05723
W05724,Riya Kumar,+91 90000 05724
W05725,Aditi Gupta,+91 90000 05725
W05726,Aarav Malhotra,+91 90000 05726
W05727,Vihaan Patel,+91 90000 05727
W05728,Aditya Singh,+91 90000 05728
W05729,Arjun Shah,+91 90000 05729
W05730,Rohan Reddy,+91 90000 05730
W05731,Rahul Joshi,+91 90000 05731
W05732,Karan Bhat,+91 90000 05732
W05733,Vikram Iyer,+91 90000 05733
W05734,Siddharth Rao,+91 90000 05734
W05735,Ravi Kapoor,+91 90000 05735
W05736,Aman Nair,+91 90000 05736
W05737,Akash Das,+91 90000 05737
W05738,Varun Mishra,+91 90000 05738
W05739,Nikhil Mehta,+91 90000 05739
W05740,Sanjay Menon,+91 90000 05740
W05741,Priya Sharma,+91 90000 05741
W05742,Ananya Verma,+91 90000 05742
W05743,Isha Chopra,+91 90000 05743
W05744,Kavya Kumar,+91 90000 05744
W05745,Neha Gupta,+91 90000 05745
W05746,Pooja Malhotra,+91 90000 05746
W05747,Sneha Patel,+91 90000 05747
W05748,Meera Singh,+91 90000 05748
W05749,Riya Shah,+91 90000 05749
W05750,Aditi Reddy,+91 90000 05750
W05751,Aarav Joshi,+91 90000 05751
W05752,Vihaan Bhat,+91 90000 05752
W05753,Aditya Iyer,+91 90000 05753
W05754,Arjun Rao,+91 90000 05754
W05755,Rohan Kapoor,+91 90000 05755
W05756,Rahul Nair,+91 90000 05756
W05757,Karan Das,+91 90000 05757
W05758,Vikram Mishra,+91 90000 05758
W05759,Siddharth Mehta,+91 90000 05759
W05760,Ravi Menon,+91 90000 05760
W05761,Aman Sharma,+91 90000 05761
W05762,Akash Verma,+91 90000 05762
W05763,Varun Chopra,+91 90000 05763
W05764,Nikhil Kumar,+91 90000 05764
W05765,Sanjay Gupta,+91 90000 05765
W05766,Priya Malhotra,+91 90000 05766
W05767,Ananya Patel,+91 90000 05767
W05768,Isha Singh,+91 90000 05768
W05769,Kavya Shah,+91 90000 05769
W05770,Neha Reddy,+91 90000 05770
W05771,Pooja Joshi,+91 90000 05771
W05772,Sneha Bhat,+91 90000 05772
W05773,Meera Iyer,+91 90000 05773
W05774,Riya Rao,+91 90000 05774
W05775,Aditi Kapoor,+91 90000 05775
W05776,Aarav Nair,+91 90000 05776
W05777,Vihaan Das,+91 90000 05777
W05778,Aditya Mishra,+91 90000 05778
W05779,Arjun Mehta,+91 90000 05779
W05780,Rohan Menon,+91 90000 05780
W05781,Rahul Sharma,+91 90000 05781
W05782,Karan Verma,+91 90000 05782
W05783,Vikram Chopra,+91 90000 05783
W05784,Siddharth Kumar,+91 90000 05784
W05785,Ravi Gupta,+91 90000 05785
W05786,Aman Malhotra,+91 90000 05786
W05787,Akash Patel,+91 90000 05787
W05788,Varun Singh,+91 90000 05788
W05789,Nikhil Shah,+91 90000 05789
W05790,Sanjay Reddy,+91 90000 05790
W05791,Priya Joshi,+91 90000 05791
W05792,Ananya Bhat,+91 90000 05792
W05793,Isha Iyer,+91 90000 05793
W05794,Kavya Rao,+91 90000 05794
W05795,Neha Kapoor,+91 90000 05795
W05796,Pooja Nair,+91 90000 05796
W05797,Sneha Das,+91 90000 05797
W05798,Meera Mishra,+91 90000 05798
W05799,Riya Mehta,+91 90000 05799
W05800,Aditi Menon,+91 90000 05800
W05801,Aarav Sharma,+91 90000 05801
W05802,Vihaan Verma,+91 90000 05802
W05803,Aditya Chopra,+91 90000 05803
W05804,Arjun Kumar,+91 90000 05804
W05805,Rohan Gupta,+91 90000 05805
W05806,Rahul Malhotra,+91 90000 05806
W05807,Karan Patel,+91 90000 05807
W05808,Vikram Singh,+91 90000 05808
W05809,Siddharth Shah,+91 90000 05809
W05810,Ravi Reddy,+91 90000 05810
W05811,Aman Joshi,+91 90000 05811
W05812,Akash Bhat,+91 90000 05812
W05813,Varun Iyer,+91 90000 05813
W05814,Nikhil Rao,+91 90000 05814
W05815,Sanjay Kapoor,+91 90000 05815
W05816,Priya Nair,+91 90000 05816
W05817,Ananya Das,+91 90000 05817
W05818,Isha Mishra,+91 90000 05818
W05819,Kavya Mehta,+91 90000 05819
W05820,Neha Menon,+91 90000 05820
W05821,Pooja Sharma,+91 90000 05821
W05822,Sneha Verma,+91 90000 05822
W05823,Meera Chopra,+91 90000 05823
W05824,Riya Kumar,+91 90000 05824
W05825,Aditi Gupta,+91 90000 05825
W05826,Aarav Malhotra,+91 90000 05826
W05827,Vihaan Patel,+91 90000 05827
W05828,Aditya Singh,+91 90000 05828
W05829,Arjun Shah,+91 90000 05829
W05830,Rohan Reddy,+91 90000 05830
W05831,Rahul Joshi,+91 90000 05831
W05832,Karan Bhat,+91 90000 05832
W05833,Vikram Iyer,+91 90000 05833
W05834,Siddharth Rao,+91 90000 05834
W05835,Ravi Kapoor,+91 90000 05835
W05836,Aman Nair,+91 90000 05836
W05837,Akash Das,+91 90000 05837
W05838,Varun Mishra,+91 90000 05838
W05839,Nikhil Mehta,+91 90000 05839
W05840,Sanjay Menon,+91 90000 05840
W05841,Priya Sharma,+91 90000 05841
W05842,Ananya Verma,+91 90000 05842
W05843,Isha Chopra,+91 90000 05843
W05844,Kavya Kumar,+91 90000 05844
W05845,Neha Gupta,+91 90000 05845
W05846,Pooja Malhotra,+91 90000 05846
W05847,Sneha Patel,+91 90000 05847
W05848,Meera Singh,+91 90000 05848
W05849,Riya Shah,+91 90000 05849
W05850,Aditi Reddy,+91 90000 05850
W05851,Aarav Joshi,+91 90000 05851
W05852,Vihaan Bhat,+91 90000 05852
W05853,Aditya Iyer,+91 90000 05853
W05854,Arjun Rao,+91 90000 05854
W05855,Rohan Kapoor,+91 90000 05855
W05856,Rahul Nair,+91 90000 05856
W05857,Karan Das,+91 90000 05857
W05858,Vikram Mishra,+91 90000 05858
W05859,Siddharth Mehta,+91 90000 05859
W05860,Ravi Menon,+91 90000 05860
W05861,Aman Sharma,+91 90000 05861
W05862,Akash Verma,+91 90000 05862
W05863,Varun Chopra,+91 90000 05863
W05864,Nikhil Kumar,+91 90000 05864
W05865,Sanjay Gupta,+91 90000 05865
W05866,Priya Malhotra,+91 90000 05866
W05867,Ananya Patel,+91 90000 05867
W05868,Isha Singh,+91 90000 05868
W05869,Kavya Shah,+91 90000 05869
W05870,Neha Reddy,+91 90000 05870
W05871,Pooja Joshi,+91 90000 05871
W05872,Sneha Bhat,+91 90000 05872
W05873,Meera Iyer,+91 90000 05873
W05874,Riya Rao,+91 90000 05874
W05875,Aditi Kapoor,+91 90000 05875
W05876,Aarav Nair,+91 90000 05876
W05877,Vihaan Das,+91 90000 05877
W05878,Aditya Mishra,+91 90000 05878
W05879,Arjun Mehta,+91 90000 05879
W05880,Rohan Menon,+91 90000 05880
W05881,Rahul Sharma,+91 90000 05881
W05882,Karan Verma,+91 90000 05882
W05883,Vikram Chopra,+91 90000 05883
W05884,Siddharth Kumar,+91 90000 05884
W05885,Ravi Gupta,+91 90000 05885
W05886,Aman Malhotra,+91 90000 05886
W05887,Akash Patel,+91 90000 05887
W05888,Varun Singh,+91 90000 05888
W05889,Nikhil Shah,+91 90000 05889
W05890,Sanjay Reddy,+91 90000 05890
W05891,Priya Joshi,+91 90000 05891
W05892,Ananya Bhat,+91 90000 05892
W05893,Isha Iyer,+91 90000 05893
W05894,Kavya Rao,+91 90000 05894
W05895,Neha Kapoor,+91 90000 05895
W05896,Pooja Nair,+91 90000 05896
W05897,Sneha Das,+91 90000 05897
W05898,Meera Mishra,+91 90000 05898
W05899,Riya Mehta,+91 90000 05899
W05900,Aditi Menon,+91 90000 05900
W05901,Aarav Sharma,+91 90000 05901
W05902,Vihaan Verma,+91 90000 05902
W05903,Aditya Chopra,+91 90000 05903
W05904,Arjun Kumar,+91 90000 05904
W05905,Rohan Gupta,+91 90000 05905
W05906,Rahul Malhotra,+91 90000 05906
W05907,Karan Patel,+91 90000 05907
W05908,Vikram Singh,+91 90000 05908
W05909,Siddharth Shah,+91 90000 05909
W05910,Ravi Reddy,+91 90000 05910
W05911,Aman Joshi,+91 90000 05911
W05912,Akash Bhat,+91 90000 05912
W05913,Varun Iyer,+91 90000 05913
W05914,Nikhil Rao,+91 90000 05914
W05915,Sanjay Kapoor,+91 90000 05915
W05916,Priya Nair,+91 90000 05916
W05917,Ananya Das,+91 90000 05917
W05918,Isha Mishra,+91 90000 05918
W05919,Kavya Mehta,+91 90000 05919
W05920,Neha Menon,+91 90000 05920
W05921,Pooja Sharma,+91 90000 05921
W05922,Sneha Verma,+91 90000 05922
W05923,Meera Chopra,+91 90000 05923
W05924,Riya Kumar,+91 90000 05924
W05925,Aditi Gupta,+91 90000 05925
W05926,Aarav Malhotra,+91 90000 05926
W05927,Vihaan Patel,+91 90000 05927
W05928,Aditya Singh,+91 90000 05928
W05929,Arjun Shah,+91 90000 05929
W05930,Rohan Reddy,+91 90000 05930
W05931,Rahul Joshi,+91 90000 05931
W05932,Karan Bhat,+91 90000 05932
W05933,Vikram Iyer,+91 90000 05933
W05934,Siddharth Rao,+91 90000 05934
W05935,Ravi Kapoor,+91 90000 05935
W05936,Aman Nair,+91 90000 05936
W05937,Akash Das,+91 90000 05937
W05938,Varun Mishra,+91 90000 05938
W05939,Nikhil Mehta,+91 90000 05939
W05940,Sanjay Menon,+91 90000 05940
W05941,Priya Sharma,+91 90000 05941
W05942,Ananya Verma,+91 90000 05942
W05943,Isha Chopra,+91 90000 05943
W05944,Kavya Kumar,+91 90000 05944
W05945,Neha Gupta,+91 90000 05945
W05946,Pooja Malhotra,+91 90000 05946
W05947,Sneha Patel,+91 90000 05947
W05948,Meera Singh,+91 90000 05948
W05949,Riya Shah,+91 90000 05949
W05950,Aditi Reddy,+91 90000 05950
W05951,Aarav Joshi,+91 90000 05951
W05952,Vihaan Bhat,+91 90000 05952
W05953,Aditya Iyer,+91 90000 05953
W05954,Arjun Rao,+91 90000 05954
W05955,Rohan Kapoor,+91 90000 05955
W05956,Rahul Nair,+91 90000 05956
W05957,Karan Das,+91 90000 05957
W05958,Vikram Mishra,+91 90000 05958
W05959,Siddharth Mehta,+91 90000 05959
W05960,Ravi Menon,+91 90000 05960
W05961,Aman Sharma,+91 90000 05961
W05962,Akash Verma,+91 90000 05962
W05963,Varun Chopra,+91 90000 05963
W05964,Nikhil Kumar,+91 90000 05964
W05965,Sanjay Gupta,+91 90000 05965
W05966,Priya Malhotra,+91 90000 05966
W05967,Ananya Patel,+91 90000 05967
W05968,Isha Singh,+91 90000 05968
W05969,Kavya Shah,+91 90000 05969
W05970,Neha Reddy,+91 90000 05970
W05971,Pooja Joshi,+91 90000 05971
W05972,Sneha Bhat,+91 90000 05972
W05973,Meera Iyer,+91 90000 05973
W05974,Riya Rao,+91 90000 05974
W05975,Aditi Kapoor,+91 90000 05975
W05976,Aarav Nair,+91 90000 05976
W05977,Vihaan Das,+91 90000 05977
W05978,Aditya Mishra,+91 90000 05978
W05979,Arjun Mehta,+91 90000 05979
W05980,Rohan Menon,+91 90000 05980
W05981,Rahul Sharma,+91 90000 05981
W05982,Karan Verma,+91 90000 05982
W05983,Vikram Chopra,+91 90000 05983
W05984,Siddharth Kumar,+91 90000 05984
W05985,Ravi Gupta,+91 90000 05985
W05986,Aman Malhotra,+91 90000 05986
W05987,Akash Patel,+91 90000 05987
W05988,Varun Singh,+91 90000 05988
W05989,Nikhil Shah,+91 90000 05989
W05990,Sanjay Reddy,+91 90000 05990
W05991,Priya Joshi,+91 90000 05991
W05992,Ananya Bhat,+91 90000 05992
W05993,Isha Iyer,+91 90000 05993
W05994,Kavya Rao,+91 90000 05994
W05995,Neha Kapoor,+91 90000 05995
W05996,Pooja Nair,+91 90000 05996
W05997,Sneha Das,+91 90000 05997
W05998,Meera Mishra,+91 90000 05998
W05999,Riya Mehta,+91 90000 05999
W06000,Aditi Menon,+91 90000 06000
W06001,Aarav Sharma,+91 90000 06001
W06002,Vihaan Verma,+91 90000 06002
W06003,Aditya Chopra,+91 90000 06003
W06004,Arjun Kumar,+91 90000 06004
W06005,Rohan Gupta,+91 90000 06005
W06006,Rahul Malhotra,+91 90000 06006
W06007,Karan Patel,+91 90000 06007
W06008,Vikram Singh,+91 90000 06008
W06009,Siddharth Shah,+91 90000 06009
W06010,Ravi Reddy,+91 90000 06010
W06011,Aman Joshi,+91 90000 06011
W06012,Akash Bhat,+91 90000 06012
W06013,Varun Iyer,+91 90000 06013
W06014,Nikhil Rao,+91 90000 06014
W06015,Sanjay Kapoor,+91 90000 06015
W06016,Priya Nair,+91 90000 06016
W06017,Ananya Das,+91 90000 06017
W06018,Isha Mishra,+91 90000 06018
W06019,Kavya Mehta,+91 90000 06019
W06020,Neha Menon,+91 90000 06020
W06021,Pooja Sharma,+91 90000 06021
W06022,Sneha Verma,+91 90000 06022
W06023,Meera Chopra,+91 90000 06023
W06024,Riya Kumar,+91 90000 06024
W06025,Aditi Gupta,+91 90000 06025
W06026,Aarav Malhotra,+91 90000 06026
W06027,Vihaan Patel,+91 90000 06027
W06028,Aditya Singh,+91 90000 06028
W06029,Arjun Shah,+91 90000 06029
W06030,Rohan Reddy,+91 90000 06030
W06031,Rahul Joshi,+91 90000 06031
W06032,Karan Bhat,+91 90000 06032
W06033,Vikram Iyer,+91 90000 06033
W06034,Siddharth Rao,+91 90000 06034
W06035,Ravi Kapoor,+91 90000 06035
W06036,Aman Nair,+91 90000 06036
W06037,Akash Das,+91 90000 06037
W06038,Varun Mishra,+91 90000 06038
W06039,Nikhil Mehta,+91 90000 06039
W06040,Sanjay Menon,+91 90000 06040
W06041,Priya Sharma,+91 90000 06041
W06042,Ananya Verma,+91 90000 06042
W06043,Isha Chopra,+91 90000 06043
W06044,Kavya Kumar,+91 90000 06044
W06045,Neha Gupta,+91 90000 06045
W06046,Pooja Malhotra,+91 90000 06046
W06047,Sneha Patel,+91 90000 06047
W06048,Meera Singh,+91 90000 06048
W06049,Riya Shah,+91 90000 06049
W06050,Aditi Reddy,+91 90000 06050
W06051,Aarav Joshi,+91 90000 06051
W06052,Vihaan Bhat,+91 90000 06052
W06053,Aditya Iyer,+91 90000 06053
W06054,Arjun Rao,+91 90000 06054
W06055,Rohan Kapoor,+91 90000 06055
W06056,Rahul Nair,+91 90000 06056
W06057,Karan Das,+91 90000 06057
W06058,Vikram Mishra,+91 90000 06058
W06059,Siddharth Mehta,+91 90000 06059
W06060,Ravi Menon,+91 90000 06060
W06061,Aman Sharma,+91 90000 06061
W06062,Akash Verma,+91 90000 06062
W06063,Varun Chopra,+91 90000 06063
W06064,Nikhil Kumar,+91 90000 06064
W06065,Sanjay Gupta,+91 90000 06065
W06066,Priya Malhotra,+91 90000 06066
W06067,Ananya Patel,+91 90000 06067
W06068,Isha Singh,+91 90000 06068
W06069,Kavya Shah,+91 90000 06069
W06070,Neha Reddy,+91 90000 06070
W06071,Pooja Joshi,+91 90000 06071
W06072,Sneha Bhat,+91 90000 06072
W06073,Meera Iyer,+91 90000 06073
W06074,Riya Rao,+91 90000 06074
W06075,Aditi Kapoor,+91 90000 06075
W06076,Aarav Nair,+91 90000 06076
W06077,Vihaan Das,+91 90000 06077
W06078,Aditya Mishra,+91 90000 06078
W06079,Arjun Mehta,+91 90000 06079
W06080,Rohan Menon,+91 90000 06080
W06081,Rahul Sharma,+91 90000 06081
W06082,Karan Verma,+91 90000 06082
W06083,Vikram Chopra,+91 90000 06083
W06084,Siddharth Kumar,+91 90000 06084
W06085,Ravi Gupta,+91 90000 06085
W06086,Aman Malhotra,+91 90000 06086
W06087,Akash Patel,+91 90000 06087
W06088,Varun Singh,+91 90000 06088
W06089,Nikhil Shah,+91 90000 06089
W06090,Sanjay Reddy,+91 90000 06090
W06091,Priya Joshi,+91 90000 06091
W06092,Ananya Bhat,+91 90000 06092
W06093,Isha Iyer,+91 90000 06093
W06094,Kavya Rao,+91 90000 06094
W06095,Neha Kapoor,+91 90000 06095
W06096,Pooja Nair,+91 90000 06096
W06097,Sneha Das,+91 90000 06097
W06098,Meera Mishra,+91 90000 06098
W06099,Riya Mehta,+91 90000 06099
W06100,Aditi Menon,+91 90000 06100
W06101,Aarav Sharma,+91 90000 06101
W06102,Vihaan Verma,+91 90000 06102
W06103,Aditya Chopra,+91 90000 06103
W06104,Arjun Kumar,+91 90000 06104
W06105,Rohan Gupta,+91 90000 06105
W06106,Rahul Malhotra,+91 90000 06106
W06107,Karan Patel,+91 90000 06107
W06108,Vikram Singh,+91 90000 06108
W06109,Siddharth Shah,+91 90000 06109
W06110,Ravi Reddy,+91 90000 06110
W06111,Aman Joshi,+91 90000 06111
W06112,Akash Bhat,+91 90000 06112
W06113,Varun Iyer,+91 90000 06113
W06114,Nikhil Rao,+91 90000 06114
W06115,Sanjay Kapoor,+91 90000 06115
W06116,Priya Nair,+91 90000 06116
W06117,Ananya Das,+91 90000 06117
W06118,Isha Mishra,+91 90000 06118
W06119,Kavya Mehta,+91 90000 06119
W06120,Neha Menon,+91 90000 06120
W06121,Pooja Sharma,+91 90000 06121
W06122,Sneha Verma,+91 90000 06122
W06123,Meera Chopra,+91 90000 06123
W06124,Riya Kumar,+91 90000 06124
W06125,Aditi Gupta,+91 90000 06125
W06126,Aarav Malhotra,+91 90000 06126
W06127,Vihaan Patel,+91 90000 06127
W06128,Aditya Singh,+91 90000 06128
W06129,Arjun Shah,+91 90000 06129
W06130,Rohan Reddy,+91 90000 06130
W06131,Rahul Joshi,+91 90000 06131
W06132,Karan Bhat,+91 90000 06132
W06133,Vikram Iyer,+91 90000 06133
W06134,Siddharth Rao,+91 90000 06134
W06135,Ravi Kapoor,+91 90000 06135
W06136,Aman Nair,+91 90000 06136
W06137,Akash Das,+91 90000 06137
W06138,Varun Mishra,+91 90000 06138
W06139,Nikhil Mehta,+91 90000 06139
W06140,Sanjay Menon,+91 90000 06140
W06141,Priya Sharma,+91 90000 06141
W06142,Ananya Verma,+91 90000 06142
W06143,Isha Chopra,+91 90000 06143
W06144,Kavya Kumar,+91 90000 06144
W06145,Neha Gupta,+91 90000 06145
W06146,Pooja Malhotra,+91 90000 06146
W06147,Sneha Patel,+91 90000 06147
W06148,Meera Singh,+91 90000 06148
W06149,Riya Shah,+91 90000 06149
W06150,Aditi Reddy,+91 90000 06150
W06151,Aarav Joshi,+91 90000 06151
W06152,Vihaan Bhat,+91 90000 06152
W06153,Aditya Iyer,+91 90000 06153
W06154,Arjun Rao,+91 90000 06154
W06155,Rohan Kapoor,+91 90000 06155
W06156,Rahul Nair,+91 90000 06156
W06157,Karan Das,+91 90000 06157
W06158,Vikram Mishra,+91 90000 06158
W06159,Siddharth Mehta,+91 90000 06159
W06160,Ravi Menon,+91 90000 06160
W06161,Aman Sharma,+91 90000 06161
W06162,Akash Verma,+91 90000 06162
W06163,Varun Chopra,+91 90000 06163
W06164,Nikhil Kumar,+91 90000 06164
W06165,Sanjay Gupta,+91 90000 06165
W06166,Priya Malhotra,+91 90000 06166
W06167,Ananya Patel,+91 90000 06167
W06168,Isha Singh,+91 90000 06168
W06169,Kavya Shah,+91 90000 06169
W06170,Neha Reddy,+91 90000 06170
W06171,Pooja Joshi,+91 90000 06171
W06172,Sneha Bhat,+91 90000 06172
W06173,Meera Iyer,+91 90000 06173
W06174,Riya Rao,+91 90000 06174
W06175,Aditi Kapoor,+91 90000 06175
W06176,Aarav Nair,+91 90000 06176
W06177,Vihaan Das,+91 90000 06177
W06178,Aditya Mishra,+91 90000 06178
W06179,Arjun Mehta,+91 90000 06179
W06180,Rohan Menon,+91 90000 06180
W06181,Rahul Sharma,+91 90000 06181
W06182,Karan Verma,+91 90000 06182
W06183,Vikram Chopra,+91 90000 06183
W06184,Siddharth Kumar,+91 90000 06184
W06185,Ravi Gupta,+91 90000 06185
W06186,Aman Malhotra,+91 90000 06186
W06187,Akash Patel,+91 90000 06187
W06188,Varun Singh,+91 90000 06188
W06189,Nikhil Shah,+91 90000 06189
W06190,Sanjay Reddy,+91 90000 06190
W06191,Priya Joshi,+91 90000 06191
W06192,Ananya Bhat,+91 90000 06192
W06193,Isha Iyer,+91 90000 06193
W06194,Kavya Rao,+91 90000 06194
W06195,Neha Kapoor,+91 90000 06195
W06196,Pooja Nair,+91 90000 06196
W06197,Sneha Das,+91 90000 06197
W06198,Meera Mishra,+91 90000 06198
W06199,Riya Mehta,+91 90000 06199
W06200,Aditi Menon,+91 90000 06200
W06201,Aarav Sharma,+91 90000 06201
W06202,Vihaan Verma,+91 90000 06202
W06203,Aditya Chopra,+91 90000 06203
W06204,Arjun Kumar,+91 90000 06204
W06205,Rohan Gupta,+91 90000 06205
W06206,Rahul Malhotra,+91 90000 06206
W06207,Karan Patel,+91 90000 06207
W06208,Vikram Singh,+91 90000 06208
W06209,Siddharth Shah,+91 90000 06209
W06210,Ravi Reddy,+91 90000 06210
W06211,Aman Joshi,+91 90000 06211
W06212,Akash Bhat,+91 90000 06212
W06213,Varun Iyer,+91 90000 06213
W06214,Nikhil Rao,+91 90000 06214
W06215,Sanjay Kapoor,+91 90000 06215
W06216,Priya Nair,+91 90000 06216
W06217,Ananya Das,+91 90000 06217
W06218,Isha Mishra,+91 90000 06218
W06219,Kavya Mehta,+91 90000 06219
W06220,Neha Menon,+91 90000 06220
W06221,Pooja Sharma,+91 90000 06221
W06222,Sneha Verma,+91 90000 06222
W06223,Meera Chopra,+91 90000 06223
W06224,Riya Kumar,+91 90000 06224
W06225,Aditi Gupta,+91 90000 06225
W06226,Aarav Malhotra,+91 90000 06226
W06227,Vihaan Patel,+91 90000 06227
W06228,Aditya Singh,+91 90000 06228
W06229,Arjun Shah,+91 90000 06229
W06230,Rohan Reddy,+91 90000 06230
W06231,Rahul Joshi,+91 90000 06231
W06232,Karan Bhat,+91 90000 06232
W06233,Vikram Iyer,+91 90000 06233
W06234,Siddharth Rao,+91 90000 06234
W06235,Ravi Kapoor,+91 90000 06235
W06236,Aman Nair,+91 90000 06236
W06237,Akash Das,+91 90000 06237
W06238,Varun Mishra,+91 90000 06238
W06239,Nikhil Mehta,+91 90000 06239
W06240,Sanjay Menon,+91 90000 06240
W06241,Priya Sharma,+91 90000 06241
W06242,Ananya Verma,+91 90000 06242
W06243,Isha Chopra,+91 90000 06243
W06244,Kavya Kumar,+91 90000 06244
W06245,Neha Gupta,+91 90000 06245
W06246,Pooja Malhotra,+91 90000 06246
W06247,Sneha Patel,+91 90000 06247
W06248,Meera Singh,+91 90000 06248
W06249,Riya Shah,+91 90000 06249
W06250,Aditi Reddy,+91 90000 06250
W06251,Aarav Joshi,+91 90000 06251
W06252,Vihaan Bhat,+91 90000 06252
W06253,Aditya Iyer,+91 90000 06253
W06254,Arjun Rao,+91 90000 06254
W06255,Rohan Kapoor,+91 90000 06255
W06256,Rahul Nair,+91 90000 06256
W06257,Karan Das,+91 90000 06257
W06258,Vikram Mishra,+91 90000 06258
W06259,Siddharth Mehta,+91 90000 06259
W06260,Ravi Menon,+91 90000 06260
W06261,Aman Sharma,+91 90000 06261
W06262,Akash Verma,+91 90000 06262
W06263,Varun Chopra,+91 90000 06263
W06264,Nikhil Kumar,+91 90000 06264
W06265,Sanjay Gupta,+91 90000 06265
W06266,Priya Malhotra,+91 90000 06266
W06267,Ananya Patel,+91 90000 06267
W06268,Isha Singh,+91 90000 06268
W06269,Kavya Shah,+91 90000 06269
W06270,Neha Reddy,+91 90000 06270
W06271,Pooja Joshi,+91 90000 06271
W06272,Sneha Bhat,+91 90000 06272
W06273,Meera Iyer,+91 90000 06273
W06274,Riya Rao,+91 90000 06274
W06275,Aditi Kapoor,+91 90000 06275
W06276,Aarav Nair,+91 90000 06276
W06277,Vihaan Das,+91 90000 06277
W06278,Aditya Mishra,+91 90000 06278
W06279,Arjun Mehta,+91 90000 06279
W06280,Rohan Menon,+91 90000 06280
W06281,Rahul Sharma,+91 90000 06281
W06282,Karan Verma,+91 90000 06282
W06283,Vikram Chopra,+91 90000 06283
W06284,Siddharth Kumar,+91 90000 06284
W06285,Ravi Gupta,+91 90000 06285
W06286,Aman Malhotra,+91 90000 06286
W06287,Akash Patel,+91 90000 06287
W06288,Varun Singh,+91 90000 06288
W06289,Nikhil Shah,+91 90000 06289
W06290,Sanjay Reddy,+91 90000 06290
W06291,Priya Joshi,+91 90000 06291
W06292,Ananya Bhat,+91 90000 06292
W06293,Isha Iyer,+91 90000 06293
W06294,Kavya Rao,+91 90000 06294
W06295,Neha Kapoor,+91 90000 06295
W06296,Pooja Nair,+91 90000 06296
W06297,Sneha Das,+91 90000 06297
W06298,Meera Mishra,+91 90000 06298
W06299,Riya Mehta,+91 90000 06299
W06300,Aditi Menon,+91 90000 06300
W06301,Aarav Sharma,+91 90000 06301
W06302,Vihaan Verma,+91 90000 06302
W06303,Aditya Chopra,+91 90000 06303
W06304,Arjun Kumar,+91 90000 06304
W06305,Rohan Gupta,+91 90000 06305
W06306,Rahul Malhotra,+91 90000 06306
W06307,Karan Patel,+91 90000 06307
W06308,Vikram Singh,+91 90000 06308
W06309,Siddharth Shah,+91 90000 06309
W06310,Ravi Reddy,+91 90000 06310
W06311,Aman Joshi,+91 90000 06311
W06312,Akash Bhat,+91 90000 06312
W06313,Varun Iyer,+91 90000 06313
W06314,Nikhil Rao,+91 90000 06314
W06315,Sanjay Kapoor,+91 90000 06315
W06316,Priya Nair,+91 90000 06316
W06317,Ananya Das,+91 90000 06317
W06318,Isha Mishra,+91 90000 06318
W06319,Kavya Mehta,+91 90000 06319
W06320,Neha Menon,+91 90000 06320
W06321,Pooja Sharma,+91 90000 06321
W06322,Sneha Verma,+91 90000 06322
W06323,Meera Chopra,+91 90000 06323
W06324,Riya Kumar,+91 90000 06324
W06325,Aditi Gupta,+91 90000 06325
W06326,Aarav Malhotra,+91 90000 06326
W06327,Vihaan Patel,+91 90000 06327
W06328,Aditya Singh,+91 90000 06328
W06329,Arjun Shah,+91 90000 06329
W06330,Rohan Reddy,+91 90000 06330
W06331,Rahul Joshi,+91 90000 06331
W06332,Karan Bhat,+91 90000 06332
W06333,Vikram Iyer,+91 90000 06333
W06334,Siddharth Rao,+91 90000 06334
W06335,Ravi Kapoor,+91 90000 06335
W06336,Aman Nair,+91 90000 06336
W06337,Akash Das,+91 90000 06337
W06338,Varun Mishra,+91 90000 06338
W06339,Nikhil Mehta,+91 90000 06339
W06340,Sanjay Menon,+91 90000 06340
W06341,Priya Sharma,+91 90000 06341
W06342,Ananya Verma,+91 90000 06342
W06343,Isha Chopra,+91 90000 06343
W06344,Kavya Kumar,+91 90000 06344
W06345,Neha Gupta,+91 90000 06345
W06346,Pooja Malhotra,+91 90000 06346
W06347,Sneha Patel,+91 90000 06347
W06348,Meera Singh,+91 90000 06348
W06349,Riya Shah,+91 90000 06349
W06350,Aditi Reddy,+91 90000 06350
W06351,Aarav Joshi,+91 90000 06351
W06352,Vihaan Bhat,+91 90000 06352
W06353,Aditya Iyer,+91 90000 06353
W06354,Arjun Rao,+91 90000 06354
W06355,Rohan Kapoor,+91 90000 06355
W06356,Rahul Nair,+91 90000 06356
W06357,Karan Das,+91 90000 06357
W06358,Vikram Mishra,+91 90000 06358
W06359,Siddharth Mehta,+91 90000 06359
W06360,Ravi Menon,+91 90000 06360
W06361,Aman Sharma,+91 90000 06361
W06362,Akash Verma,+91 90000 06362
W06363,Varun Chopra,+91 90000 06363
W06364,Nikhil Kumar,+91 90000 06364
W06365,Sanjay Gupta,+91 90000 06365
W06366,Priya Malhotra,+91 90000 06366
W06367,Ananya Patel,+91 90000 06367
W06368,Isha Singh,+91 90000 06368
W06369,Kavya Shah,+91 90000 06369
W06370,Neha Reddy,+91 90000 06370
W06371,Pooja Joshi,+91 90000 06371
W06372,Sneha Bhat,+91 90000 06372
W06373,Meera Iyer,+91 90000 06373
W06374,Riya Rao,+91 90000 06374
W06375,Aditi Kapoor,+91 90000 06375
W06376,Aarav Nair,+91 90000 06376
W06377,Vihaan Das,+91 90000 06377
W06378,Aditya Mishra,+91 90000 06378
W06379,Arjun Mehta,+91 90000 06379
W06380,Rohan Menon,+91 90000 06380
W06381,Rahul Sharma,+91 90000 06381
W06382,Karan Verma,+91 90000 06382
W06383,Vikram Chopra,+91 90000 06383
W06384,Siddharth Kumar,+91 90000 06384
W06385,Ravi Gupta,+91 90000 06385
W06386,Aman Malhotra,+91 90000 06386
W06387,Akash Patel,+91 90000 06387
W06388,Varun Singh,+91 90000 06388
W06389,Nikhil Shah,+91 90000 06389
W06390,Sanjay Reddy,+91 90000 06390
W06391,Priya Joshi,+91 90000 06391
W06392,Ananya Bhat,+91 90000 06392
W06393,Isha Iyer,+91 90000 06393
W06394,Kavya Rao,+91 90000 06394
W06395,Neha Kapoor,+91 90000 06395
W06396,Pooja Nair,+91 90000 06396
W06397,Sneha Das,+91 90000 06397
W06398,Meera Mishra,+91 90000 06398
W06399,Riya Mehta,+91 90000 06399
W06400,Aditi Menon,+91 90000 06400
W06401,Aarav Sharma,+91 90000 06401
W06402,Vihaan Verma,+91 90000 06402
W06403,Aditya Chopra,+91 90000 06403
W06404,Arjun Kumar,+91 90000 06404
W06405,Rohan Gupta,+91 90000 06405
W06406,Rahul Malhotra,+91 90000 06406
W06407,Karan Patel,+91 90000 06407
W06408,Vikram Singh,+91 90000 06408
W06409,Siddharth Shah,+91 90000 06409
W06410,Ravi Reddy,+91 90000 06410
W06411,Aman Joshi,+91 90000 06411
W06412,Akash Bhat,+91 90000 06412
W06413,Varun Iyer,+91 90000 06413
W06414,Nikhil Rao,+91 90000 06414
W06415,Sanjay Kapoor,+91 90000 06415
W06416,Priya Nair,+91 90000 06416
W06417,Ananya Das,+91 90000 06417
W06418,Isha Mishra,+91 90000 06418
W06419,Kavya Mehta,+91 90000 06419
W06420,Neha Menon,+91 90000 06420
W06421,Pooja Sharma,+91 90000 06421
W06422,Sneha Verma,+91 90000 06422
W06423,Meera Chopra,+91 90000 06423
W06424,Riya Kumar,+91 90000 06424
W06425,Aditi Gupta,+91 90000 06425
W06426,Aarav Malhotra,+91 90000 06426
W06427,Vihaan Patel,+91 90000 06427
W06428,Aditya Singh,+91 90000 06428
W06429,Arjun Shah,+91 90000 06429
W06430,Rohan Reddy,+91 90000 06430
W06431,Rahul Joshi,+91 90000 06431
W06432,Karan Bhat,+91 90000 06432
W06433,Vikram Iyer,+91 90000 06433
W06434,Siddharth Rao,+91 90000 06434
W06435,Ravi Kapoor,+91 90000 06435
W06436,Aman Nair,+91 90000 06436
W06437,Akash Das,+91 90000 06437
W06438,Varun Mishra,+91 90000 06438
W06439,Nikhil Mehta,+91 90000 06439
W06440,Sanjay Menon,+91 90000 06440
W06441,Priya Sharma,+91 90000 06441
W06442,Ananya Verma,+91 90000 06442
W06443,Isha Chopra,+91 90000 06443
W06444,Kavya Kumar,+91 90000 06444
W06445,Neha Gupta,+91 90000 06445
W06446,Pooja Malhotra,+91 90000 06446
W06447,Sneha Patel,+91 90000 06447
W06448,Meera Singh,+91 90000 06448
W06449,Riya Shah,+91 90000 06449
W06450,Aditi Reddy,+91 90000 06450
W06451,Aarav Joshi,+91 90000 06451
W06452,Vihaan Bhat,+91 90000 06452
W06453,Aditya Iyer,+91 90000 06453
W06454,Arjun Rao,+91 90000 06454
W06455,Rohan Kapoor,+91 90000 06455
W06456,Rahul Nair,+91 90000 06456
W06457,Karan Das,+91 90000 06457
W06458,Vikram Mishra,+91 90000 06458
W06459,Siddharth Mehta,+91 90000 06459
W06460,Ravi Menon,+91 90000 06460
W06461,Aman Sharma,+91 90000 06461
W06462,Akash Verma,+91 90000 06462
W06463,Varun Chopra,+91 90000 06463
W06464,Nikhil Kumar,+91 90000 06464
W06465,Sanjay Gupta,+91 90000 06465
W06466,Priya Malhotra,+91 90000 06466
W06467,Ananya Patel,+91 90000 06467
W06468,Isha Singh,+91 90000 06468
W06469,Kavya Shah,+91 90000 06469
W06470,Neha Reddy,+91 90000 06470
W06471,Pooja Joshi,+91 90000 06471
W06472,Sneha Bhat,+91 90000 06472
W06473,Meera Iyer,+91 90000 06473
W06474,Riya Rao,+91 90000 06474
W06475,Aditi Kapoor,+91 90000 06475
W06476,Aarav Nair,+91 90000 06476
W06477,Vihaan Das,+91 90000 06477
W06478,Aditya Mishra,+91 90000 06478
W06479,Arjun Mehta,+91 90000 06479
W06480,Rohan Menon,+91 90000 06480
W06481,Rahul Sharma,+91 90000 06481
W06482,Karan Verma,+91 90000 06482
W06483,Vikram Chopra,+91 90000 06483
W06484,Siddharth Kumar,+91 90000 06484
W06485,Ravi Gupta,+91 90000 06485
W06486,Aman Malhotra,+91 90000 06486
W06487,Akash Patel,+91 90000 06487
W06488,Varun Singh,+91 90000 06488
W06489,Nikhil Shah,+91 90000 06489
W06490,Sanjay Reddy,+91 90000 06490
W06491,Priya Joshi,+91 90000 06491
W06492,Ananya Bhat,+91 90000 06492
W06493,Isha Iyer,+91 90000 06493
W06494,Kavya Rao,+91 90000 06494
W06495,Neha Kapoor,+91 90000 06495
W06496,Pooja Nair,+91 90000 06496
W06497,Sneha Das,+91 90000 06497
W06498,Meera Mishra,+91 90000 06498
W06499,Riya Mehta,+91 90000 06499
W06500,Aditi Menon,+91 90000 06500
W06501,Aarav Sharma,+91 90000 06501
W06502,Vihaan Verma,+91 90000 06502
W06503,Aditya Chopra,+91 90000 06503
W06504,Arjun Kumar,+91 90000 06504
W06505,Rohan Gupta,+91 90000 06505
W06506,Rahul Malhotra,+91 90000 06506
W06507,Karan Patel,+91 90000 06507
W06508,Vikram Singh,+91 90000 06508
W06509,Siddharth Shah,+91 90000 06509
W06510,Ravi Reddy,+91 90000 06510
W06511,Aman Joshi,+91 90000 06511
W06512,Akash Bhat,+91 90000 06512
W06513,Varun Iyer,+91 90000 06513
W06514,Nikhil Rao,+91 90000 06514
W06515,Sanjay Kapoor,+91 90000 06515
W06516,Priya Nair,+91 90000 06516
W06517,Ananya Das,+91 90000 06517
W06518,Isha Mishra,+91 90000 06518
W06519,Kavya Mehta,+91 90000 06519
W06520,Neha Menon,+91 90000 06520
W06521,Pooja Sharma,+91 90000 06521
W06522,Sneha Verma,+91 90000 06522
W06523,Meera Chopra,+91 90000 06523
W06524,Riya Kumar,+91 90000 06524
W06525,Aditi Gupta,+91 90000 06525
W06526,Aarav Malhotra,+91 90000 06526
W06527,Vihaan Patel,+91 90000 06527
W06528,Aditya Singh,+91 90000 06528
W06529,Arjun Shah,+91 90000 06529
W06530,Rohan Reddy,+91 90000 06530
W06531,Rahul Joshi,+91 90000 06531
W06532,Karan Bhat,+91 90000 06532
W06533,Vikram Iyer,+91 90000 06533
W06534,Siddharth Rao,+91 90000 06534
W06535,Ravi Kapoor,+91 90000 06535
W06536,Aman Nair,+91 90000 06536
W06537,Akash Das,+91 90000 06537
W06538,Varun Mishra,+91 90000 06538
W06539,Nikhil Mehta,+91 90000 06539
W06540,Sanjay Menon,+91 90000 06540
W06541,Priya Sharma,+91 90000 06541
W06542,Ananya Verma,+91 90000 06542
W06543,Isha Chopra,+91 90000 06543
W06544,Kavya Kumar,+91 90000 06544
W06545,Neha Gupta,+91 90000 06545
W06546,Pooja Malhotra,+91 90000 06546
W06547,Sneha Patel,+91 90000 06547
W06548,Meera Singh,+91 90000 06548
W06549,Riya Shah,+91 90000 06549
W06550,Aditi Reddy,+91 90000 06550
W06551,Aarav Joshi,+91 90000 06551
W06552,Vihaan Bhat,+91 90000 06552
W06553,Aditya Iyer,+91 90000 06553
W06554,Arjun Rao,+91 90000 06554
W06555,Rohan Kapoor,+91 90000 06555
W06556,Rahul Nair,+91 90000 06556
W06557,Karan Das,+91 90000 06557
W06558,Vikram Mishra,+91 90000 06558
W06559,Siddharth Mehta,+91 90000 06559
W06560,Ravi Menon,+91 90000 06560
W06561,Aman Sharma,+91 90000 06561
W06562,Akash Verma,+91 90000 06562
W06563,Varun Chopra,+91 90000 06563
W06564,Nikhil Kumar,+91 90000 06564
W06565,Sanjay Gupta,+91 90000 06565
W06566,Priya Malhotra,+91 90000 06566
W06567,Ananya Patel,+91 90000 06567
W06568,Isha Singh,+91 90000 06568
W06569,Kavya Shah,+91 90000 06569
W06570,Neha Reddy,+91 90000 06570
W06571,Pooja Joshi,+91 90000 06571
W06572,Sneha Bhat,+91 90000 06572
W06573,Meera Iyer,+91 90000 06573
W06574,Riya Rao,+91 90000 06574
W06575,Aditi Kapoor,+91 90000 06575
W06576,Aarav Nair,+91 90000 06576
W06577,Vihaan Das,+91 90000 06577
W06578,Aditya Mishra,+91 90000 06578
W06579,Arjun Mehta,+91 90000 06579
W06580,Rohan Menon,+91 90000 06580
W06581,Rahul Sharma,+91 90000 06581
W06582,Karan Verma,+91 90000 06582
W06583,Vikram Chopra,+91 90000 06583
W06584,Siddharth Kumar,+91 90000 06584
W06585,Ravi Gupta,+91 90000 06585
W06586,Aman Malhotra,+91 90000 06586
W06587,Akash Patel,+91 90000 06587
W06588,Varun Singh,+91 90000 06588
W06589,Nikhil Shah,+91 90000 06589
W06590,Sanjay Reddy,+91 90000 06590
W06591,Priya Joshi,+91 90000 06591
W06592,Ananya Bhat,+91 90000 06592
W06593,Isha Iyer,+91 90000 06593
W06594,Kavya Rao,+91 90000 06594
W06595,Neha Kapoor,+91 90000 06595
W06596,Pooja Nair,+91 90000 06596
W06597,Sneha Das,+91 90000 06597
W06598,Meera Mishra,+91 90000 06598
W06599,Riya Mehta,+91 90000 06599
W06600,Aditi Menon,+91 90000 06600
W06601,Aarav Sharma,+91 90000 06601
W06602,Vihaan Verma,+91 90000 06602
W06603,Aditya Chopra,+91 90000 06603
W06604,Arjun Kumar,+91 90000 06604
W06605,Rohan Gupta,+91 90000 06605
W06606,Rahul Malhotra,+91 90000 06606
W06607,Karan Patel,+91 90000 06607
W06608,Vikram Singh,+91 90000 06608
W06609,Siddharth Shah,+91 90000 06609
W06610,Ravi Reddy,+91 90000 06610
W06611,Aman Joshi,+91 90000 06611
W06612,Akash Bhat,+91 90000 06612
W06613,Varun Iyer,+91 90000 06613
W06614,Nikhil Rao,+91 90000 06614
W06615,Sanjay Kapoor,+91 90000 06615
W06616,Priya Nair,+91 90000 06616
W06617,Ananya Das,+91 90000 06617
W06618,Isha Mishra,+91 90000 06618
W06619,Kavya Mehta,+91 90000 06619
W06620,Neha Menon,+91 90000 06620
W06621,Pooja Sharma,+91 90000 06621
W06622,Sneha Verma,+91 90000 06622
W06623,Meera Chopra,+91 90000 06623
W06624,Riya Kumar,+91 90000 06624
W06625,Aditi Gupta,+91 90000 06625
W06626,Aarav Malhotra,+91 90000 06626
W06627,Vihaan Patel,+91 90000 06627
W06628,Aditya Singh,+91 90000 06628
W06629,Arjun Shah,+91 90000 06629
W06630,Rohan Reddy,+91 90000 06630
W06631,Rahul Joshi,+91 90000 06631
W06632,Karan Bhat,+91 90000 06632
W06633,Vikram Iyer,+91 90000 06633
W06634,Siddharth Rao,+91 90000 06634
W06635,Ravi Kapoor,+91 90000 06635
W06636,Aman Nair,+91 90000 06636
W06637,Akash Das,+91 90000 06637
W06638,Varun Mishra,+91 90000 06638
W06639,Nikhil Mehta,+91 90000 06639
W06640,Sanjay Menon,+91 90000 06640
W06641,Priya Sharma,+91 90000 06641
W06642,Ananya Verma,+91 90000 06642
W06643,Isha Chopra,+91 90000 06643
W06644,Kavya Kumar,+91 90000 06644
W06645,Neha Gupta,+91 90000 06645
W06646,Pooja Malhotra,+91 90000 06646
W06647,Sneha Patel,+91 90000 06647
W06648,Meera Singh,+91 90000 06648
W06649,Riya Shah,+91 90000 06649
W06650,Aditi Reddy,+91 90000 06650
W06651,Aarav Joshi,+91 90000 06651
W06652,Vihaan Bhat,+91 90000 06652
W06653,Aditya Iyer,+91 90000 06653
W06654,Arjun Rao,+91 90000 06654
W06655,Rohan Kapoor,+91 90000 06655
W06656,Rahul Nair,+91 90000 06656
W06657,Karan Das,+91 90000 06657
W06658,Vikram Mishra,+91 90000 06658
W06659,Siddharth Mehta,+91 90000 06659
W06660,Ravi Menon,+91 90000 06660
W06661,Aman Sharma,+91 90000 06661
W06662,Akash Verma,+91 90000 06662
W06663,Varun Chopra,+91 90000 06663
W06664,Nikhil Kumar,+91 90000 06664
W06665,Sanjay Gupta,+91 90000 06665
W06666,Priya Malhotra,+91 90000 06666
W06667,Ananya Patel,+91 90000 06667
W06668,Isha Singh,+91 90000 06668
W06669,Kavya Shah,+91 90000 06669
W06670,Neha Reddy,+91 90000 06670
W06671,Pooja Joshi,+91 90000 06671
W06672,Sneha Bhat,+91 90000 06672
W06673,Meera Iyer,+91 90000 06673
W06674,Riya Rao,+91 90000 06674
W06675,Aditi Kapoor,+91 90000 06675
W06676,Aarav Nair,+91 90000 06676
W06677,Vihaan Das,+91 90000 06677
W06678,Aditya Mishra,+91 90000 06678
W06679,Arjun Mehta,+91 90000 06679
W06680,Rohan Menon,+91 90000 06680
W06681,Rahul Sharma,+91 90000 06681
W06682,Karan Verma,+91 90000 06682
W06683,Vikram Chopra,+91 90000 06683
W06684,Siddharth Kumar,+91 90000 06684
W06685,Ravi Gupta,+91 90000 06685
W06686,Aman Malhotra,+91 90000 06686
W06687,Akash Patel,+91 90000 06687
W06688,Varun Singh,+91 90000 06688
W06689,Nikhil Shah,+91 90000 06689
W06690,Sanjay Reddy,+91 90000 06690
W06691,Priya Joshi,+91 90000 06691
W06692,Ananya Bhat,+91 90000 06692
W06693,Isha Iyer,+91 90000 06693
W06694,Kavya Rao,+91 90000 06694
W06695,Neha Kapoor,+91 90000 06695
W06696,Pooja Nair,+91 90000 06696
W06697,Sneha Das,+91 90000 06697
W06698,Meera Mishra,+91 90000 06698
W06699,Riya Mehta,+91 90000 06699
W06700,Aditi Menon,+91 90000 06700
W06701,Aarav Sharma,+91 90000 06701
W06702,Vihaan Verma,+91 90000 06702
W06703,Aditya Chopra,+91 90000 06703
W06704,Arjun Kumar,+91 90000 06704
W06705,Rohan Gupta,+91 90000 06705
W06706,Rahul Malhotra,+91 90000 06706
W06707,Karan Patel,+91 90000 06707
W06708,Vikram Singh,+91 90000 06708
W06709,Siddharth Shah,+91 90000 06709
W06710,Ravi Reddy,+91 90000 06710
W06711,Aman Joshi,+91 90000 06711
W06712,Akash Bhat,+91 90000 06712
W06713,Varun Iyer,+91 90000 06713
W06714,Nikhil Rao,+91 90000 06714
W06715,Sanjay Kapoor,+91 90000 06715
W06716,Priya Nair,+91 90000 06716
W06717,Ananya Das,+91 90000 06717
W06718,Isha Mishra,+91 90000 06718
W06719,Kavya Mehta,+91 90000 06719
W06720,Neha Menon,+91 90000 06720
W06721,Pooja Sharma,+91 90000 06721
W06722,Sneha Verma,+91 90000 06722
W06723,Meera Chopra,+91 90000 06723
W06724,Riya Kumar,+91 90000 06724
W06725,Aditi Gupta,+91 90000 06725
W06726,Aarav Malhotra,+91 90000 06726
W06727,Vihaan Patel,+91 90000 06727
W06728,Aditya Singh,+91 90000 06728
W06729,Arjun Shah,+91 90000 06729
W06730,Rohan Reddy,+91 90000 06730
W06731,Rahul Joshi,+91 90000 06731
W06732,Karan Bhat,+91 90000 06732
W06733,Vikram Iyer,+91 90000 06733
W06734,Siddharth Rao,+91 90000 06734
W06735,Ravi Kapoor,+91 90000 06735
W06736,Aman Nair,+91 90000 06736
W06737,Akash Das,+91 90000 06737
W06738,Varun Mishra,+91 90000 06738
W06739,Nikhil Mehta,+91 90000 06739
W06740,Sanjay Menon,+91 90000 06740
W06741,Priya Sharma,+91 90000 06741
W06742,Ananya Verma,+91 90000 06742
W06743,Isha Chopra,+91 90000 06743
W06744,Kavya Kumar,+91 90000 06744
W06745,Neha Gupta,+91 90000 06745
W06746,Pooja Malhotra,+91 90000 06746
W06747,Sneha Patel,+91 90000 06747
W06748,Meera Singh,+91 90000 06748
W06749,Riya Shah,+91 90000 06749
W06750,Aditi Reddy,+91 90000 06750
W06751,Aarav Joshi,+91 90000 06751
W06752,Vihaan Bhat,+91 90000 06752
W06753,Aditya Iyer,+91 90000 06753
W06754,Arjun Rao,+91 90000 06754
W06755,Rohan Kapoor,+91 90000 06755
W06756,Rahul Nair,+91 90000 06756
W06757,Karan Das,+91 90000 06757
W06758,Vikram Mishra,+91 90000 06758
W06759,Siddharth Mehta,+91 90000 06759
W06760,Ravi Menon,+91 90000 06760
W06761,Aman Sharma,+91 90000 06761
W06762,Akash Verma,+91 90000 06762
W06763,Varun Chopra,+91 90000 06763
W06764,Nikhil Kumar,+91 90000 06764
W06765,Sanjay Gupta,+91 90000 06765
W06766,Priya Malhotra,+91 90000 06766
W06767,Ananya Patel,+91 90000 06767
W06768,Isha Singh,+91 90000 06768
W06769,Kavya Shah,+91 90000 06769
W06770,Neha Reddy,+91 90000 06770
W06771,Pooja Joshi,+91 90000 06771
W06772,Sneha Bhat,+91 90000 06772
W06773,Meera Iyer,+91 90000 06773
W06774,Riya Rao,+91 90000 06774
W06775,Aditi Kapoor,+91 90000 06775
W06776,Aarav Nair,+91 90000 06776
W06777,Vihaan Das,+91 90000 06777
W06778,Aditya Mishra,+91 90000 06778
W06779,Arjun Mehta,+91 90000 06779
W06780,Rohan Menon,+91 90000 06780
W06781,Rahul Sharma,+91 90000 06781
W06782,Karan Verma,+91 90000 06782
W06783,Vikram Chopra,+91 90000 06783
W06784,Siddharth Kumar,+91 90000 06784
W06785,Ravi Gupta,+91 90000 06785
W06786,Aman Malhotra,+91 90000 06786
W06787,Akash Patel,+91 90000 06787
W06788,Varun Singh,+91 90000 06788
W06789,Nikhil Shah,+91 90000 06789
W06790,Sanjay Reddy,+91 90000 06790
W06791,Priya Joshi,+91 90000 06791
W06792,Ananya Bhat,+91 90000 06792
W06793,Isha Iyer,+91 90000 06793
W06794,Kavya Rao,+91 90000 06794
W06795,Neha Kapoor,+91 90000 06795
W06796,Pooja Nair,+91 90000 06796
W06797,Sneha Das,+91 90000 06797
W06798,Meera Mishra,+91 90000 06798
W06799,Riya Mehta,+91 90000 06799
W06800,Aditi Menon,+91 90000 06800
W06801,Aarav Sharma,+91 90000 06801
W06802,Vihaan Verma,+91 90000 06802
W06803,Aditya Chopra,+91 90000 06803
W06804,Arjun Kumar,+91 90000 06804
W06805,Rohan Gupta,+91 90000 06805
W06806,Rahul Malhotra,+91 90000 06806
W06807,Karan Patel,+91 90000 06807
W06808,Vikram Singh,+91 90000 06808
W06809,Siddharth Shah,+91 90000 06809
W06810,Ravi Reddy,+91 90000 06810
W06811,Aman Joshi,+91 90000 06811
W06812,Akash Bhat,+91 90000 06812
W06813,Varun Iyer,+91 90000 06813
W06814,Nikhil Rao,+91 90000 06814
W06815,Sanjay Kapoor,+91 90000 06815
W06816,Priya Nair,+91 90000 06816
W06817,Ananya Das,+91 90000 06817
W06818,Isha Mishra,+91 90000 06818
W06819,Kavya Mehta,+91 90000 06819
W06820,Neha Menon,+91 90000 06820
W06821,Pooja Sharma,+91 90000 06821
W06822,Sneha Verma,+91 90000 06822
W06823,Meera Chopra,+91 90000 06823
W06824,Riya Kumar,+91 90000 06824
W06825,Aditi Gupta,+91 90000 06825
W06826,Aarav Malhotra,+91 90000 06826
W06827,Vihaan Patel,+91 90000 06827
W06828,Aditya Singh,+91 90000 06828
W06829,Arjun Shah,+91 90000 06829
W06830,Rohan Reddy,+91 90000 06830
W06831,Rahul Joshi,+91 90000 06831
W06832,Karan Bhat,+91 90000 06832
W06833,Vikram Iyer,+91 90000 06833
W06834,Siddharth Rao,+91 90000 06834
W06835,Ravi Kapoor,+91 90000 06835
W06836,Aman Nair,+91 90000 06836
W06837,Akash Das,+91 90000 06837
W06838,Varun Mishra,+91 90000 06838
W06839,Nikhil Mehta,+91 90000 06839
W06840,Sanjay Menon,+91 90000 06840
W06841,Priya Sharma,+91 90000 06841
W06842,Ananya Verma,+91 90000 06842
W06843,Isha Chopra,+91 90000 06843
W06844,Kavya Kumar,+91 90000 06844
W06845,Neha Gupta,+91 90000 06845
W06846,Pooja Malhotra,+91 90000 06846
W06847,Sneha Patel,+91 90000 06847
W06848,Meera Singh,+91 90000 06848
W06849,Riya Shah,+91 90000 06849
W06850,Aditi Reddy,+91 90000 06850
W06851,Aarav Joshi,+91 90000 06851
W06852,Vihaan Bhat,+91 90000 06852
W06853,Aditya Iyer,+91 90000 06853
W06854,Arjun Rao,+91 90000 06854
W06855,Rohan Kapoor,+91 90000 06855
W06856,Rahul Nair,+91 90000 06856
W06857,Karan Das,+91 90000 06857
W06858,Vikram Mishra,+91 90000 06858
W06859,Siddharth Mehta,+91 90000 06859
W06860,Ravi Menon,+91 90000 06860
W06861,Aman Sharma,+91 90000 06861
W06862,Akash Verma,+91 90000 06862
W06863,Varun Chopra,+91 90000 06863
W06864,Nikhil Kumar,+91 90000 06864
W06865,Sanjay Gupta,+91 90000 06865
W06866,Priya Malhotra,+91 90000 06866
W06867,Ananya Patel,+91 90000 06867
W06868,Isha Singh,+91 90000 06868
W06869,Kavya Shah,+91 90000 06869
W06870,Neha Reddy,+91 90000 06870
W06871,Pooja Joshi,+91 90000 06871
W06872,Sneha Bhat,+91 90000 06872
W06873,Meera Iyer,+91 90000 06873
W06874,Riya Rao,+91 90000 06874
W06875,Aditi Kapoor,+91 90000 06875
W06876,Aarav Nair,+91 90000 06876
W06877,Vihaan Das,+91 90000 06877
W06878,Aditya Mishra,+91 90000 06878
W06879,Arjun Mehta,+91 90000 06879
W06880,Rohan Menon,+91 90000 06880
W06881,Rahul Sharma,+91 90000 06881
W06882,Karan Verma,+91 90000 06882
W06883,Vikram Chopra,+91 90000 06883
W06884,Siddharth Kumar,+91 90000 06884
W06885,Ravi Gupta,+91 90000 06885
W06886,Aman Malhotra,+91 90000 06886
W06887,Akash Patel,+91 90000 06887
W06888,Varun Singh,+91 90000 06888
W06889,Nikhil Shah,+91 90000 06889
W06890,Sanjay Reddy,+91 90000 06890
W06891,Priya Joshi,+91 90000 06891
W06892,Ananya Bhat,+91 90000 06892
W06893,Isha Iyer,+91 90000 06893
W06894,Kavya Rao,+91 90000 06894
W06895,Neha Kapoor,+91 90000 06895
W06896,Pooja Nair,+91 90000 06896
W06897,Sneha Das,+91 90000 06897
W06898,Meera Mishra,+91 90000 06898
W06899,Riya Mehta,+91 90000 06899
W06900,Aditi Menon,+91 90000 06900
W06901,Aarav Sharma,+91 90000 06901
W06902,Vihaan Verma,+91 90000 06902
W06903,Aditya Chopra,+91 90000 06903
W06904,Arjun Kumar,+91 90000 06904
W06905,Rohan Gupta,+91 90000 06905
W06906,Rahul Malhotra,+91 90000 06906
W06907,Karan Patel,+91 90000 06907
W06908,Vikram Singh,+91 90000 06908
W06909,Siddharth Shah,+91 90000 06909
W06910,Ravi Reddy,+91 90000 06910
W06911,Aman Joshi,+91 90000 06911
W06912,Akash Bhat,+91 90000 06912
W06913,Varun Iyer,+91 90000 06913
W06914,Nikhil Rao,+91 90000 06914
W06915,Sanjay Kapoor,+91 90000 06915
W06916,Priya Nair,+91 90000 06916
W06917,Ananya Das,+91 90000 06917
W06918,Isha Mishra,+91 90000 06918
W06919,Kavya Mehta,+91 90000 06919
W06920,Neha Menon,+91 90000 06920
W06921,Pooja Sharma,+91 90000 06921
W06922,Sneha Verma,+91 90000 06922
W06923,Meera Chopra,+91 90000 06923
W06924,Riya Kumar,+91 90000 06924
W06925,Aditi Gupta,+91 90000 06925
W06926,Aarav Malhotra,+91 90000 06926
W06927,Vihaan Patel,+91 90000 06927
W06928,Aditya Singh,+91 90000 06928
W06929,Arjun Shah,+91 90000 06929
W06930,Rohan Reddy,+91 90000 06930
W06931,Rahul Joshi,+91 90000 06931
W06932,Karan Bhat,+91 90000 06932
W06933,Vikram Iyer,+91 90000 06933
W06934,Siddharth Rao,+91 90000 06934
W06935,Ravi Kapoor,+91 90000 06935
W06936,Aman Nair,+91 90000 06936
W06937,Akash Das,+91 90000 06937
W06938,Varun Mishra,+91 90000 06938
W06939,Nikhil Mehta,+91 90000 06939
W06940,Sanjay Menon,+91 90000 06940
W06941,Priya Sharma,+91 90000 06941
W06942,Ananya Verma,+91 90000 06942
W06943,Isha Chopra,+91 90000 06943
W06944,Kavya Kumar,+91 90000 06944
W06945,Neha Gupta,+91 90000 06945
W06946,Pooja Malhotra,+91 90000 06946
W06947,Sneha Patel,+91 90000 06947
W06948,Meera Singh,+91 90000 06948
W06949,Riya Shah,+91 90000 06949
W06950,Aditi Reddy,+91 90000 06950
W06951,Aarav Joshi,+91 90000 06951
W06952,Vihaan Bhat,+91 90000 06952
W06953,Aditya Iyer,+91 90000 06953
W06954,Arjun Rao,+91 90000 06954
W06955,Rohan Kapoor,+91 90000 06955
W06956,Rahul Nair,+91 90000 06956
W06957,Karan Das,+91 90000 06957
W06958,Vikram Mishra,+91 90000 06958
W06959,Siddharth Mehta,+91 90000 06959
W06960,Ravi Menon,+91 90000 06960
W06961,Aman Sharma,+91 90000 06961
W06962,Akash Verma,+91 90000 06962
W06963,Varun Chopra,+91 90000 06963
W06964,Nikhil Kumar,+91 90000 06964
W06965,Sanjay Gupta,+91 90000 06965
W06966,Priya Malhotra,+91 90000 06966
W06967,Ananya Patel,+91 90000 06967
W06968,Isha Singh,+91 90000 06968
W06969,Kavya Shah,+91 90000 06969
W06970,Neha Reddy,+91 90000 06970
W06971,Pooja Joshi,+91 90000 06971
W06972,Sneha Bhat,+91 90000 06972
W06973,Meera Iyer,+91 90000 06973
W06974,Riya Rao,+91 90000 06974
W06975,Aditi Kapoor,+91 90000 06975
W06976,Aarav Nair,+91 90000 06976
W06977,Vihaan Das,+91 90000 06977
W06978,Aditya Mishra,+91 90000 06978
W06979,Arjun Mehta,+91 90000 06979
W06980,Rohan Menon,+91 90000 06980
W06981,Rahul Sharma,+91 90000 06981
W06982,Karan Verma,+91 90000 06982
W06983,Vikram Chopra,+91 90000 06983
W06984,Siddharth Kumar,+91 90000 06984
W06985,Ravi Gupta,+91 90000 06985
W06986,Aman Malhotra,+91 90000 06986
W06987,Akash Patel,+91 90000 06987
W06988,Varun Singh,+91 90000 06988
W06989,Nikhil Shah,+91 90000 06989
W06990,Sanjay Reddy,+91 90000 06990
W06991,Priya Joshi,+91 90000 06991
W06992,Ananya Bhat,+91 90000 06992
W06993,Isha Iyer,+91 90000 06993
W06994,Kavya Rao,+91 90000 06994
W06995,Neha Kapoor,+91 90000 06995
W06996,Pooja Nair,+91 90000 06996
W06997,Sneha Das,+91 90000 06997
W06998,Meera Mishra,+91 90000 06998
W06999,Riya Mehta,+91 90000 06999
W07000,Aditi Menon,+91 90000 07000
W07001,Aarav Sharma,+91 90000 07001
W07002,Vihaan Verma,+91 90000 07002
W07003,Aditya Chopra,+91 90000 07003
W07004,Arjun Kumar,+91 90000 07004
W07005,Rohan Gupta,+91 90000 07005
W07006,Rahul Malhotra,+91 90000 07006
W07007,Karan Patel,+91 90000 07007
W07008,Vikram Singh,+91 90000 07008
W07009,Siddharth Shah,+91 90000 07009
W07010,Ravi Reddy,+91 90000 07010
W07011,Aman Joshi,+91 90000 07011
W07012,Akash Bhat,+91 90000 07012
W07013,Varun Iyer,+91 90000 07013
W07014,Nikhil Rao,+91 90000 07014
W07015,Sanjay Kapoor,+91 90000 07015
W07016,Priya Nair,+91 90000 07016
W07017,Ananya Das,+91 90000 07017
W07018,Isha Mishra,+91 90000 07018
W07019,Kavya Mehta,+91 90000 07019
W07020,Neha Menon,+91 90000 07020
W07021,Pooja Sharma,+91 90000 07021
W07022,Sneha Verma,+91 90000 07022
W07023,Meera Chopra,+91 90000 07023
W07024,Riya Kumar,+91 90000 07024
W07025,Aditi Gupta,+91 90000 07025
W07026,Aarav Malhotra,+91 90000 07026
W07027,Vihaan Patel,+91 90000 07027
W07028,Aditya Singh,+91 90000 07028
W07029,Arjun Shah,+91 90000 07029
W07030,Rohan Reddy,+91 90000 07030
W07031,Rahul Joshi,+91 90000 07031
W07032,Karan Bhat,+91 90000 07032
W07033,Vikram Iyer,+91 90000 07033
W07034,Siddharth Rao,+91 90000 07034
W07035,Ravi Kapoor,+91 90000 07035
W07036,Aman Nair,+91 90000 07036
W07037,Akash Das,+91 90000 07037
W07038,Varun Mishra,+91 90000 07038
W07039,Nikhil Mehta,+91 90000 07039
W07040,Sanjay Menon,+91 90000 07040
W07041,Priya Sharma,+91 90000 07041
W07042,Ananya Verma,+91 90000 07042
W07043,Isha Chopra,+91 90000 07043
W07044,Kavya Kumar,+91 90000 07044
W07045,Neha Gupta,+91 90000 07045
W07046,Pooja Malhotra,+91 90000 07046
W07047,Sneha Patel,+91 90000 07047
W07048,Meera Singh,+91 90000 07048
W07049,Riya Shah,+91 90000 07049
W07050,Aditi Reddy,+91 90000 07050
W07051,Aarav Joshi,+91 90000 07051
W07052,Vihaan Bhat,+91 90000 07052
W07053,Aditya Iyer,+91 90000 07053
W07054,Arjun Rao,+91 90000 07054
W07055,Rohan Kapoor,+91 90000 07055
W07056,Rahul Nair,+91 90000 07056
W07057,Karan Das,+91 90000 07057
W07058,Vikram Mishra,+91 90000 07058
W07059,Siddharth Mehta,+91 90000 07059
W07060,Ravi Menon,+91 90000 07060
W07061,Aman Sharma,+91 90000 07061
W07062,Akash Verma,+91 90000 07062
W07063,Varun Chopra,+91 90000 07063
W07064,Nikhil Kumar,+91 90000 07064
W07065,Sanjay Gupta,+91 90000 07065
W07066,Priya Malhotra,+91 90000 07066
W07067,Ananya Patel,+91 90000 07067
W07068,Isha Singh,+91 90000 07068
W07069,Kavya Shah,+91 90000 07069
W07070,Neha Reddy,+91 90000 07070
W07071,Pooja Joshi,+91 90000 07071
W07072,Sneha Bhat,+91 90000 07072
W07073,Meera Iyer,+91 90000 07073
W07074,Riya Rao,+91 90000 07074
W07075,Aditi Kapoor,+91 90000 07075
W07076,Aarav Nair,+91 90000 07076
W07077,Vihaan Das,+91 90000 07077
W07078,Aditya Mishra,+91 90000 07078
W07079,Arjun Mehta,+91 90000 07079
W07080,Rohan Menon,+91 90000 07080
W07081,Rahul Sharma,+91 90000 07081
W07082,Karan Verma,+91 90000 07082
W07083,Vikram Chopra,+91 90000 07083
W07084,Siddharth Kumar,+91 90000 07084
W07085,Ravi Gupta,+91 90000 07085
W07086,Aman Malhotra,+91 90000 07086
W07087,Akash Patel,+91 90000 07087
W07088,Varun Singh,+91 90000 07088
W07089,Nikhil Shah,+91 90000 07089
W07090,Sanjay Reddy,+91 90000 07090
W07091,Priya Joshi,+91 90000 07091
W07092,Ananya Bhat,+91 90000 07092
W07093,Isha Iyer,+91 90000 07093
W07094,Kavya Rao,+91 90000 07094
W07095,Neha Kapoor,+91 90000 07095
W07096,Pooja Nair,+91 90000 07096
W07097,Sneha Das,+91 90000 07097
W07098,Meera Mishra,+91 90000 07098
W07099,Riya Mehta,+91 90000 07099
W07100,Aditi Menon,+91 90000 07100
W07101,Aarav Sharma,+91 90000 07101
W07102,Vihaan Verma,+91 90000 07102
W07103,Aditya Chopra,+91 90000 07103
W07104,Arjun Kumar,+91 90000 07104
W07105,Rohan Gupta,+91 90000 07105
W07106,Rahul Malhotra,+91 90000 07106
W07107,Karan Patel,+91 90000 07107
W07108,Vikram Singh,+91 90000 07108
W07109,Siddharth Shah,+91 90000 07109
W07110,Ravi Reddy,+91 90000 07110
W07111,Aman Joshi,+91 90000 07111
W07112,Akash Bhat,+91 90000 07112
W07113,Varun Iyer,+91 90000 07113
W07114,Nikhil Rao,+91 90000 07114
W07115,Sanjay Kapoor,+91 90000 07115
W07116,Priya Nair,+91 90000 07116
W07117,Ananya Das,+91 90000 07117
W07118,Isha Mishra,+91 90000 07118
W07119,Kavya Mehta,+91 90000 07119
W07120,Neha Menon,+91 90000 07120
W07121,Pooja Sharma,+91 90000 07121
W07122,Sneha Verma,+91 90000 07122
W07123,Meera Chopra,+91 90000 07123
W07124,Riya Kumar,+91 90000 07124
W07125,Aditi Gupta,+91 90000 07125
W07126,Aarav Malhotra,+91 90000 07126
W07127,Vihaan Patel,+91 90000 07127
W07128,Aditya Singh,+91 90000 07128
W07129,Arjun Shah,+91 90000 07129
W07130,Rohan Reddy,+91 90000 07130
W07131,Rahul Joshi,+91 90000 07131
W07132,Karan Bhat,+91 90000 07132
W07133,Vikram Iyer,+91 90000 07133
W07134,Siddharth Rao,+91 90000 07134
W07135,Ravi Kapoor,+91 90000 07135
W07136,Aman Nair,+91 90000 07136
W07137,Akash Das,+91 90000 07137
W07138,Varun Mishra,+91 90000 07138
W07139,Nikhil Mehta,+91 90000 07139
W07140,Sanjay Menon,+91 90000 07140
W07141,Priya Sharma,+91 90000 07141
W07142,Ananya Verma,+91 90000 07142
W07143,Isha Chopra,+91 90000 07143
W07144,Kavya Kumar,+91 90000 07144
W07145,Neha Gupta,+91 90000 07145
W07146,Pooja Malhotra,+91 90000 07146
W07147,Sneha Patel,+91 90000 07147
W07148,Meera Singh,+91 90000 07148
W07149,Riya Shah,+91 90000 07149
W07150,Aditi Reddy,+91 90000 07150
W07151,Aarav Joshi,+91 90000 07151
W07152,Vihaan Bhat,+91 90000 07152
W07153,Aditya Iyer,+91 90000 07153
W07154,Arjun Rao,+91 90000 07154
W07155,Rohan Kapoor,+91 90000 07155
W07156,Rahul Nair,+91 90000 07156
W07157,Karan Das,+91 90000 07157
W07158,Vikram Mishra,+91 90000 07158
W07159,Siddharth Mehta,+91 90000 07159
W07160,Ravi Menon,+91 90000 07160
W07161,Aman Sharma,+91 90000 07161
W07162,Akash Verma,+91 90000 07162
W07163,Varun Chopra,+91 90000 07163
W07164,Nikhil Kumar,+91 90000 07164
W07165,Sanjay Gupta,+91 90000 07165
W07166,Priya Malhotra,+91 90000 07166
W07167,Ananya Patel,+91 90000 07167
W07168,Isha Singh,+91 90000 07168
W07169,Kavya Shah,+91 90000 07169
W07170,Neha Reddy,+91 90000 07170
W07171,Pooja Joshi,+91 90000 07171
W07172,Sneha Bhat,+91 90000 07172
W07173,Meera Iyer,+91 90000 07173
W07174,Riya Rao,+91 90000 07174
W07175,Aditi Kapoor,+91 90000 07175
W07176,Aarav Nair,+91 90000 07176
W07177,Vihaan Das,+91 90000 07177
W07178,Aditya Mishra,+91 90000 07178
W07179,Arjun Mehta,+91 90000 07179
W07180,Rohan Menon,+91 90000 07180
W07181,Rahul Sharma,+91 90000 07181
W07182,Karan Verma,+91 90000 07182
W07183,Vikram Chopra,+91 90000 07183
W07184,Siddharth Kumar,+91 90000 07184
W07185,Ravi Gupta,+91 90000 07185
W07186,Aman Malhotra,+91 90000 07186
W07187,Akash Patel,+91 90000 07187
W07188,Varun Singh,+91 90000 07188
W07189,Nikhil Shah,+91 90000 07189
W07190,Sanjay Reddy,+91 90000 07190
W07191,Priya Joshi,+91 90000 07191
W07192,Ananya Bhat,+91 90000 07192
W07193,Isha Iyer,+91 90000 07193
W07194,Kavya Rao,+91 90000 07194
W07195,Neha Kapoor,+91 90000 07195
W07196,Pooja Nair,+91 90000 07196
W07197,Sneha Das,+91 90000 07197
W07198,Meera Mishra,+91 90000 07198
W07199,Riya Mehta,+91 90000 07199
W07200,Aditi Menon,+91 90000 07200
W07201,Aarav Sharma,+91 90000 07201
W07202,Vihaan Verma,+91 90000 07202
W07203,Aditya Chopra,+91 90000 07203
W07204,Arjun Kumar,+91 90000 07204
W07205,Rohan Gupta,+91 90000 07205
W07206,Rahul Malhotra,+91 90000 07206
W07207,Karan Patel,+91 90000 07207
W07208,Vikram Singh,+91 90000 07208
W07209,Siddharth Shah,+91 90000 07209
W07210,Ravi Reddy,+91 90000 07210
W07211,Aman Joshi,+91 90000 07211
W07212,Akash Bhat,+91 90000 07212
W07213,Varun Iyer,+91 90000 07213
W07214,Nikhil Rao,+91 90000 07214
W07215,Sanjay Kapoor,+91 90000 07215
W07216,Priya Nair,+91 90000 07216
W07217,Ananya Das,+91 90000 07217
W07218,Isha Mishra,+91 90000 07218
W07219,Kavya Mehta,+91 90000 07219
W07220,Neha Menon,+91 90000 07220
W07221,Pooja Sharma,+91 90000 07221
W07222,Sneha Verma,+91 90000 07222
W07223,Meera Chopra,+91 90000 07223
W07224,Riya Kumar,+91 90000 07224
W07225,Aditi Gupta,+91 90000 07225
W07226,Aarav Malhotra,+91 90000 07226
W07227,Vihaan Patel,+91 90000 07227
W07228,Aditya Singh,+91 90000 07228
W07229,Arjun Shah,+91 90000 07229
W07230,Rohan Reddy,+91 90000 07230
W07231,Rahul Joshi,+91 90000 07231
W07232,Karan Bhat,+91 90000 07232
W07233,Vikram Iyer,+91 90000 07233
W07234,Siddharth Rao,+91 90000 07234
W07235,Ravi Kapoor,+91 90000 07235
W07236,Aman Nair,+91 90000 07236
W07237,Akash Das,+91 90000 07237
W07238,Varun Mishra,+91 90000 07238
W07239,Nikhil Mehta,+91 90000 07239
W07240,Sanjay Menon,+91 90000 07240
W07241,Priya Sharma,+91 90000 07241
W07242,Ananya Verma,+91 90000 07242
W07243,Isha Chopra,+91 90000 07243
W07244,Kavya Kumar,+91 90000 07244
W07245,Neha Gupta,+91 90000 07245
W07246,Pooja Malhotra,+91 90000 07246
W07247,Sneha Patel,+91 90000 07247
W07248,Meera Singh,+91 90000 07248
W07249,Riya Shah,+91 90000 07249
W07250,Aditi Reddy,+91 90000 07250
W07251,Aarav Joshi,+91 90000 07251
W07252,Vihaan Bhat,+91 90000 07252
W07253,Aditya Iyer,+91 90000 07253
W07254,Arjun Rao,+91 90000 07254
W07255,Rohan Kapoor,+91 90000 07255
W07256,Rahul Nair,+91 90000 07256
W07257,Karan Das,+91 90000 07257
W07258,Vikram Mishra,+91 90000 07258
W07259,Siddharth Mehta,+91 90000 07259
W07260,Ravi Menon,+91 90000 07260
W07261,Aman Sharma,+91 90000 07261
W07262,Akash Verma,+91 90000 07262
W07263,Varun Chopra,+91 90000 07263
W07264,Nikhil Kumar,+91 90000 07264
W07265,Sanjay Gupta,+91 90000 07265
W07266,Priya Malhotra,+91 90000 07266
W07267,Ananya Patel,+91 90000 07267
W07268,Isha Singh,+91 90000 07268
W07269,Kavya Shah,+91 90000 07269
W07270,Neha Reddy,+91 90000 07270
W07271,Pooja Joshi,+91 90000 07271
W07272,Sneha Bhat,+91 90000 07272
W07273,Meera Iyer,+91 90000 07273
W07274,Riya Rao,+91 90000 07274
W07275,Aditi Kapoor,+91 90000 07275
W07276,Aarav Nair,+91 90000 07276
W07277,Vihaan Das,+91 90000 07277
W07278,Aditya Mishra,+91 90000 07278
W07279,Arjun Mehta,+91 90000 07279
W07280,Rohan Menon,+91 90000 07280
W07281,Rahul Sharma,+91 90000 07281
W07282,Karan Verma,+91 90000 07282
W07283,Vikram Chopra,+91 90000 07283
W07284,Siddharth Kumar,+91 90000 07284
W07285,Ravi Gupta,+91 90000 07285
W07286,Aman Malhotra,+91 90000 07286
W07287,Akash Patel,+91 90000 07287
W07288,Varun Singh,+91 90000 07288
W07289,Nikhil Shah,+91 90000 07289
W07290,Sanjay Reddy,+91 90000 07290
W07291,Priya Joshi,+91 90000 07291
W07292,Ananya Bhat,+91 90000 07292
W07293,Isha Iyer,+91 90000 07293
W07294,Kavya Rao,+91 90000 07294
W07295,Neha Kapoor,+91 90000 07295
W07296,Pooja Nair,+91 90000 07296
W07297,Sneha Das,+91 90000 07297
W07298,Meera Mishra,+91 90000 07298
W07299,Riya Mehta,+91 90000 07299
W07300,Aditi Menon,+91 90000 07300
W07301,Aarav Sharma,+91 90000 07301
W07302,Vihaan Verma,+91 90000 07302
W07303,Aditya Chopra,+91 90000 07303
W07304,Arjun Kumar,+91 90000 07304
W07305,Rohan Gupta,+91 90000 07305
W07306,Rahul Malhotra,+91 90000 07306
W07307,Karan Patel,+91 90000 07307
W07308,Vikram Singh,+91 90000 07308
W07309,Siddharth Shah,+91 90000 07309
W07310,Ravi Reddy,+91 90000 07310
W07311,Aman Joshi,+91 90000 07311
W07312,Akash Bhat,+91 90000 07312
W07313,Varun Iyer,+91 90000 07313
W07314,Nikhil Rao,+91 90000 07314
W07315,Sanjay Kapoor,+91 90000 07315
W07316,Priya Nair,+91 90000 07316
W07317,Ananya Das,+91 90000 07317
W07318,Isha Mishra,+91 90000 07318
W07319,Kavya Mehta,+91 90000 07319
W07320,Neha Menon,+91 90000 07320
W07321,Pooja Sharma,+91 90000 07321
W07322,Sneha Verma,+91 90000 07322
W07323,Meera Chopra,+91 90000 07323
W07324,Riya Kumar,+91 90000 07324
W07325,Aditi Gupta,+91 90000 07325
W07326,Aarav Malhotra,+91 90000 07326
W07327,Vihaan Patel,+91 90000 07327
W07328,Aditya Singh,+91 90000 07328
W07329,Arjun Shah,+91 90000 07329
W07330,Rohan Reddy,+91 90000 07330
W07331,Rahul Joshi,+91 90000 07331
W07332,Karan Bhat,+91 90000 07332
W07333,Vikram Iyer,+91 90000 07333
W07334,Siddharth Rao,+91 90000 07334
W07335,Ravi Kapoor,+91 90000 07335
W07336,Aman Nair,+91 90000 07336
W07337,Akash Das,+91 90000 07337
W07338,Varun Mishra,+91 90000 07338
W07339,Nikhil Mehta,+91 90000 07339
W07340,Sanjay Menon,+91 90000 07340
W07341,Priya Sharma,+91 90000 07341
W07342,Ananya Verma,+91 90000 07342
W07343,Isha Chopra,+91 90000 07343
W07344,Kavya Kumar,+91 90000 07344
W07345,Neha Gupta,+91 90000 07345
W07346,Pooja Malhotra,+91 90000 07346
W07347,Sneha Patel,+91 90000 07347
W07348,Meera Singh,+91 90000 07348
W07349,Riya Shah,+91 90000 07349
W07350,Aditi Reddy,+91 90000 07350
W07351,Aarav Joshi,+91 90000 07351
W07352,Vihaan Bhat,+91 90000 07352
W07353,Aditya Iyer,+91 90000 07353
W07354,Arjun Rao,+91 90000 07354
W07355,Rohan Kapoor,+91 90000 07355
W07356,Rahul Nair,+91 90000 07356
W07357,Karan Das,+91 90000 07357
W07358,Vikram Mishra,+91 90000 07358
W07359,Siddharth Mehta,+91 90000 07359
W07360,Ravi Menon,+91 90000 07360
W07361,Aman Sharma,+91 90000 07361
W07362,Akash Verma,+91 90000 07362
W07363,Varun Chopra,+91 90000 07363
W07364,Nikhil Kumar,+91 90000 07364
W07365,Sanjay Gupta,+91 90000 07365
W07366,Priya Malhotra,+91 90000 07366
W07367,Ananya Patel,+91 90000 07367
W07368,Isha Singh,+91 90000 07368
W07369,Kavya Shah,+91 90000 07369
W07370,Neha Reddy,+91 90000 07370
W07371,Pooja Joshi,+91 90000 07371
W07372,Sneha Bhat,+91 90000 07372
W07373,Meera Iyer,+91 90000 07373
W07374,Riya Rao,+91 90000 07374
W07375,Aditi Kapoor,+91 90000 07375
W07376,Aarav Nair,+91 90000 07376
W07377,Vihaan Das,+91 90000 07377
W07378,Aditya Mishra,+91 90000 07378
W07379,Arjun Mehta,+91 90000 07379
W07380,Rohan Menon,+91 90000 07380
W07381,Rahul Sharma,+91 90000 07381
W07382,Karan Verma,+91 90000 07382
W07383,Vikram Chopra,+91 90000 07383
W07384,Siddharth Kumar,+91 90000 07384
W07385,Ravi Gupta,+91 90000 07385
W07386,Aman Malhotra,+91 90000 07386
W07387,Akash Patel,+91 90000 07387
W07388,Varun Singh,+91 90000 07388
W07389,Nikhil Shah,+91 90000 07389
W07390,Sanjay Reddy,+91 90000 07390
W07391,Priya Joshi,+91 90000 07391
W07392,Ananya Bhat,+91 90000 07392
W07393,Isha Iyer,+91 90000 07393
W07394,Kavya Rao,+91 90000 07394
W07395,Neha Kapoor,+91 90000 07395
W07396,Pooja Nair,+91 90000 07396
W07397,Sneha Das,+91 90000 07397
W07398,Meera Mishra,+91 90000 07398
W07399,Riya Mehta,+91 90000 07399
W07400,Aditi Menon,+91 90000 07400
W07401,Aarav Sharma,+91 90000 07401
W07402,Vihaan Verma,+91 90000 07402
W07403,Aditya Chopra,+91 90000 07403
W07404,Arjun Kumar,+91 90000 07404
W07405,Rohan Gupta,+91 90000 07405
W07406,Rahul Malhotra,+91 90000 07406
W07407,Karan Patel,+91 90000 07407
W07408,Vikram Singh,+91 90000 07408
W07409,Siddharth Shah,+91 90000 07409
W07410,Ravi Reddy,+91 90000 07410
W07411,Aman Joshi,+91 90000 07411
W07412,Akash Bhat,+91 90000 07412
W07413,Varun Iyer,+91 90000 07413
W07414,Nikhil Rao,+91 90000 07414
W07415,Sanjay Kapoor,+91 90000 07415
W07416,Priya Nair,+91 90000 07416
W07417,Ananya Das,+91 90000 07417
W07418,Isha Mishra,+91 90000 07418
W07419,Kavya Mehta,+91 90000 07419
W07420,Neha Menon,+91 90000 07420
W07421,Pooja Sharma,+91 90000 07421
W07422,Sneha Verma,+91 90000 07422
W07423,Meera Chopra,+91 90000 07423
W07424,Riya Kumar,+91 90000 07424
W07425,Aditi Gupta,+91 90000 07425
W07426,Aarav Malhotra,+91 90000 07426
W07427,Vihaan Patel,+91 90000 07427
W07428,Aditya Singh,+91 90000 07428
W07429,Arjun Shah,+91 90000 07429
W07430,Rohan Reddy,+91 90000 07430
W07431,Rahul Joshi,+91 90000 07431
W07432,Karan Bhat,+91 90000 07432
W07433,Vikram Iyer,+91 90000 07433
W07434,Siddharth Rao,+91 90000 07434
W07435,Ravi Kapoor,+91 90000 07435
W07436,Aman Nair,+91 90000 07436
W07437,Akash Das,+91 90000 07437
W07438,Varun Mishra,+91 90000 07438
W07439,Nikhil Mehta,+91 90000 07439
W07440,Sanjay Menon,+91 90000 07440
W07441,Priya Sharma,+91 90000 07441
W07442,Ananya Verma,+91 90000 07442
W07443,Isha Chopra,+91 90000 07443
W07444,Kavya Kumar,+91 90000 07444
W07445,Neha Gupta,+91 90000 07445
W07446,Pooja Malhotra,+91 90000 07446
W07447,Sneha Patel,+91 90000 07447
W07448,Meera Singh,+91 90000 07448
W07449,Riya Shah,+91 90000 07449
W07450,Aditi Reddy,+91 90000 07450
W07451,Aarav Joshi,+91 90000 07451
W07452,Vihaan Bhat,+91 90000 07452
W07453,Aditya Iyer,+91 90000 07453
W07454,Arjun Rao,+91 90000 07454
W07455,Rohan Kapoor,+91 90000 07455
W07456,Rahul Nair,+91 90000 07456
W07457,Karan Das,+91 90000 07457
W07458,Vikram Mishra,+91 90000 07458
W07459,Siddharth Mehta,+91 90000 07459
W07460,Ravi Menon,+91 90000 07460
W07461,Aman Sharma,+91 90000 07461
W07462,Akash Verma,+91 90000 07462
W07463,Varun Chopra,+91 90000 07463
W07464,Nikhil Kumar,+91 90000 07464
W07465,Sanjay Gupta,+91 90000 07465
W07466,Priya Malhotra,+91 90000 07466
W07467,Ananya Patel,+91 90000 07467
W07468,Isha Singh,+91 90000 07468
W07469,Kavya Shah,+91 90000 07469
W07470,Neha Reddy,+91 90000 07470
W07471,Pooja Joshi,+91 90000 07471
W07472,Sneha Bhat,+91 90000 07472
W07473,Meera Iyer,+91 90000 07473
W07474,Riya Rao,+91 90000 07474
W07475,Aditi Kapoor,+91 90000 07475
W07476,Aarav Nair,+91 90000 07476
W07477,Vihaan Das,+91 90000 07477
W07478,Aditya Mishra,+91 90000 07478
W07479,Arjun Mehta,+91 90000 07479
W07480,Rohan Menon,+91 90000 07480
W07481,Rahul Sharma,+91 90000 07481
W07482,Karan Verma,+91 90000 07482
W07483,Vikram Chopra,+91 90000 07483
W07484,Siddharth Kumar,+91 90000 07484
W07485,Ravi Gupta,+91 90000 07485
W07486,Aman Malhotra,+91 90000 07486
W07487,Akash Patel,+91 90000 07487
W07488,Varun Singh,+91 90000 07488
W07489,Nikhil Shah,+91 90000 07489
W07490,Sanjay Reddy,+91 90000 07490
W07491,Priya Joshi,+91 90000 07491
W07492,Ananya Bhat,+91 90000 07492
W07493,Isha Iyer,+91 90000 07493
W07494,Kavya Rao,+91 90000 07494
W07495,Neha Kapoor,+91 90000 07495
W07496,Pooja Nair,+91 90000 07496
W07497,Sneha Das,+91 90000 07497
W07498,Meera Mishra,+91 90000 07498
W07499,Riya Mehta,+91 90000 07499
W07500,Aditi Menon,+91 90000 07500
W07501,Aarav Sharma,+91 90000 07501
W07502,Vihaan Verma,+91 90000 07502
W07503,Aditya Chopra,+91 90000 07503
W07504,Arjun Kumar,+91 90000 07504
W07505,Rohan Gupta,+91 90000 07505
W07506,Rahul Malhotra,+91 90000 07506
W07507,Karan Patel,+91 90000 07507
W07508,Vikram Singh,+91 90000 07508
W07509,Siddharth Shah,+91 90000 07509
W07510,Ravi Reddy,+91 90000 07510
W07511,Aman Joshi,+91 90000 07511
W07512,Akash Bhat,+91 90000 07512
W07513,Varun Iyer,+91 90000 07513
W07514,Nikhil Rao,+91 90000 07514
W07515,Sanjay Kapoor,+91 90000 07515
W07516,Priya Nair,+91 90000 07516
W07517,Ananya Das,+91 90000 07517
W07518,Isha Mishra,+91 90000 07518
W07519,Kavya Mehta,+91 90000 07519
W07520,Neha Menon,+91 90000 07520
W07521,Pooja Sharma,+91 90000 07521
W07522,Sneha Verma,+91 90000 07522
W07523,Meera Chopra,+91 90000 07523
W07524,Riya Kumar,+91 90000 07524
W07525,Aditi Gupta,+91 90000 07525
W07526,Aarav Malhotra,+91 90000 07526
W07527,Vihaan Patel,+91 90000 07527
W07528,Aditya Singh,+91 90000 07528
W07529,Arjun Shah,+91 90000 07529
W07530,Rohan Reddy,+91 90000 07530
W07531,Rahul Joshi,+91 90000 07531
W07532,Karan Bhat,+91 90000 07532
W07533,Vikram Iyer,+91 90000 07533
W07534,Siddharth Rao,+91 90000 07534
W07535,Ravi Kapoor,+91 90000 07535
W07536,Aman Nair,+91 90000 07536
W07537,Akash Das,+91 90000 07537
W07538,Varun Mishra,+91 90000 07538
W07539,Nikhil Mehta,+91 90000 07539
W07540,Sanjay Menon,+91 90000 07540
W07541,Priya Sharma,+91 90000 07541
W07542,Ananya Verma,+91 90000 07542
W07543,Isha Chopra,+91 90000 07543
W07544,Kavya Kumar,+91 90000 07544
W07545,Neha Gupta,+91 90000 07545
W07546,Pooja Malhotra,+91 90000 07546
W07547,Sneha Patel,+91 90000 07547
W07548,Meera Singh,+91 90000 07548
W07549,Riya Shah,+91 90000 07549
W07550,Aditi Reddy,+91 90000 07550
W07551,Aarav Joshi,+91 90000 07551
W07552,Vihaan Bhat,+91 90000 07552
W07553,Aditya Iyer,+91 90000 07553
W07554,Arjun Rao,+91 90000 07554
W07555,Rohan Kapoor,+91 90000 07555
W07556,Rahul Nair,+91 90000 07556
W07557,Karan Das,+91 90000 07557
W07558,Vikram Mishra,+91 90000 07558
W07559,Siddharth Mehta,+91 90000 07559
W07560,Ravi Menon,+91 90000 07560
W07561,Aman Sharma,+91 90000 07561
W07562,Akash Verma,+91 90000 07562
W07563,Varun Chopra,+91 90000 07563
W07564,Nikhil Kumar,+91 90000 07564
W07565,Sanjay Gupta,+91 90000 07565
W07566,Priya Malhotra,+91 90000 07566
W07567,Ananya Patel,+91 90000 07567
W07568,Isha Singh,+91 90000 07568
W07569,Kavya Shah,+91 90000 07569
W07570,Neha Reddy,+91 90000 07570
W07571,Pooja Joshi,+91 90000 07571
W07572,Sneha Bhat,+91 90000 07572
W07573,Meera Iyer,+91 90000 07573
W07574,Riya Rao,+91 90000 07574
W07575,Aditi Kapoor,+91 90000 07575
W07576,Aarav Nair,+91 90000 07576
W07577,Vihaan Das,+91 90000 07577
W07578,Aditya Mishra,+91 90000 07578
W07579,Arjun Mehta,+91 90000 07579
W07580,Rohan Menon,+91 90000 07580
W07581,Rahul Sharma,+91 90000 07581
W07582,Karan Verma,+91 90000 07582
W07583,Vikram Chopra,+91 90000 07583
W07584,Siddharth Kumar,+91 90000 07584
W07585,Ravi Gupta,+91 90000 07585
W07586,Aman Malhotra,+91 90000 07586
W07587,Akash Patel,+91 90000 07587
W07588,Varun Singh,+91 90000 07588
W07589,Nikhil Shah,+91 90000 07589
W07590,Sanjay Reddy,+91 90000 07590
W07591,Priya Joshi,+91 90000 07591
W07592,Ananya Bhat,+91 90000 07592
W07593,Isha Iyer,+91 90000 07593
W07594,Kavya Rao,+91 90000 07594
W07595,Neha Kapoor,+91 90000 07595
W07596,Pooja Nair,+91 90000 07596
W07597,Sneha Das,+91 90000 07597
W07598,Meera Mishra,+91 90000 07598
W07599,Riya Mehta,+91 90000 07599
W07600,Aditi Menon,+91 90000 07600
W07601,Aarav Sharma,+91 90000 07601
W07602,Vihaan Verma,+91 90000 07602
W07603,Aditya Chopra,+91 90000 07603
W07604,Arjun Kumar,+91 90000 07604
W07605,Rohan Gupta,+91 90000 07605
W07606,Rahul Malhotra,+91 90000 07606
W07607,Karan Patel,+91 90000 07607
W07608,Vikram Singh,+91 90000 07608
W07609,Siddharth Shah,+91 90000 07609
W07610,Ravi Reddy,+91 90000 07610
W07611,Aman Joshi,+91 90000 07611
W07612,Akash Bhat,+91 90000 07612
W07613,Varun Iyer,+91 90000 07613
W07614,Nikhil Rao,+91 90000 07614
W07615,Sanjay Kapoor,+91 90000 07615
W07616,Priya Nair,+91 90000 07616
W07617,Ananya Das,+91 90000 07617
W07618,Isha Mishra,+91 90000 07618
W07619,Kavya Mehta,+91 90000 07619
W07620,Neha Menon,+91 90000 07620
W07621,Pooja Sharma,+91 90000 07621
W07622,Sneha Verma,+91 90000 07622
W07623,Meera Chopra,+91 90000 07623
W07624,Riya Kumar,+91 90000 07624
W07625,Aditi Gupta,+91 90000 07625
W07626,Aarav Malhotra,+91 90000 07626
W07627,Vihaan Patel,+91 90000 07627
W07628,Aditya Singh,+91 90000 07628
W07629,Arjun Shah,+91 90000 07629
W07630,Rohan Reddy,+91 90000 07630
W07631,Rahul Joshi,+91 90000 07631
W07632,Karan Bhat,+91 90000 07632
W07633,Vikram Iyer,+91 90000 07633
W07634,Siddharth Rao,+91 90000 07634
W07635,Ravi Kapoor,+91 90000 07635
W07636,Aman Nair,+91 90000 07636
W07637,Akash Das,+91 90000 07637
W07638,Varun Mishra,+91 90000 07638
W07639,Nikhil Mehta,+91 90000 07639
W07640,Sanjay Menon,+91 90000 07640
W07641,Priya Sharma,+91 90000 07641
W07642,Ananya Verma,+91 90000 07642
W07643,Isha Chopra,+91 90000 07643
W07644,Kavya Kumar,+91 90000 07644
W07645,Neha Gupta,+91 90000 07645
W07646,Pooja Malhotra,+91 90000 07646
W07647,Sneha Patel,+91 90000 07647
W07648,Meera Singh,+91 90000 07648
W07649,Riya Shah,+91 90000 07649
W07650,Aditi Reddy,+91 90000 07650
W07651,Aarav Joshi,+91 90000 07651
W07652,Vihaan Bhat,+91 90000 07652
W07653,Aditya Iyer,+91 90000 07653
W07654,Arjun Rao,+91 90000 07654
W07655,Rohan Kapoor,+91 90000 07655
W07656,Rahul Nair,+91 90000 07656
W07657,Karan Das,+91 90000 07657
W07658,Vikram Mishra,+91 90000 07658
W07659,Siddharth Mehta,+91 90000 07659
W07660,Ravi Menon,+91 90000 07660
W07661,Aman Sharma,+91 90000 07661
W07662,Akash Verma,+91 90000 07662
W07663,Varun Chopra,+91 90000 07663
W07664,Nikhil Kumar,+91 90000 07664
W07665,Sanjay Gupta,+91 90000 07665
W07666,Priya Malhotra,+91 90000 07666
W07667,Ananya Patel,+91 90000 07667
W07668,Isha Singh,+91 90000 07668
W07669,Kavya Shah,+91 90000 07669
W07670,Neha Reddy,+91 90000 07670
W07671,Pooja Joshi,+91 90000 07671
W07672,Sneha Bhat,+91 90000 07672
W07673,Meera Iyer,+91 90000 07673
W07674,Riya Rao,+91 90000 07674
W07675,Aditi Kapoor,+91 90000 07675
W07676,Aarav Nair,+91 90000 07676
W07677,Vihaan Das,+91 90000 07677
W07678,Aditya Mishra,+91 90000 07678
W07679,Arjun Mehta,+91 90000 07679
W07680,Rohan Menon,+91 90000 07680
W07681,Rahul Sharma,+91 90000 07681
W07682,Karan Verma,+91 90000 07682
W07683,Vikram Chopra,+91 90000 07683
W07684,Siddharth Kumar,+91 90000 07684
W07685,Ravi Gupta,+91 90000 07685
W07686,Aman Malhotra,+91 90000 07686
W07687,Akash Patel,+91 90000 07687
W07688,Varun Singh,+91 90000 07688
W07689,Nikhil Shah,+91 90000 07689
W07690,Sanjay Reddy,+91 90000 07690
W07691,Priya Joshi,+91 90000 07691
W07692,Ananya Bhat,+91 90000 07692
W07693,Isha Iyer,+91 90000 07693
W07694,Kavya Rao,+91 90000 07694
W07695,Neha Kapoor,+91 90000 07695
W07696,Pooja Nair,+91 90000 07696
W07697,Sneha Das,+91 90000 07697
W07698,Meera Mishra,+91 90000 07698
W07699,Riya Mehta,+91 90000 07699
W07700,Aditi Menon,+91 90000 07700
W07701,Aarav Sharma,+91 90000 07701
W07702,Vihaan Verma,+91 90000 07702
W07703,Aditya Chopra,+91 90000 07703
W07704,Arjun Kumar,+91 90000 07704
W07705,Rohan Gupta,+91 90000 07705
W07706,Rahul Malhotra,+91 90000 07706
W07707,Karan Patel,+91 90000 07707
W07708,Vikram Singh,+91 90000 07708
W07709,Siddharth Shah,+91 90000 07709
W07710,Ravi Reddy,+91 90000 07710
W07711,Aman Joshi,+91 90000 07711
W07712,Akash Bhat,+91 90000 07712
W07713,Varun Iyer,+91 90000 07713
W07714,Nikhil Rao,+91 90000 07714
W07715,Sanjay Kapoor,+91 90000 07715
W07716,Priya Nair,+91 90000 07716
W07717,Ananya Das,+91 90000 07717
W07718,Isha Mishra,+91 90000 07718
W07719,Kavya Mehta,+91 90000 07719
W07720,Neha Menon,+91 90000 07720
W07721,Pooja Sharma,+91 90000 07721
W07722,Sneha Verma,+91 90000 07722
W07723,Meera Chopra,+91 90000 07723
W07724,Riya Kumar,+91 90000 07724
W07725,Aditi Gupta,+91 90000 07725
W07726,Aarav Malhotra,+91 90000 07726
W07727,Vihaan Patel,+91 90000 07727
W07728,Aditya Singh,+91 90000 07728
W07729,Arjun Shah,+91 90000 07729
W07730,Rohan Reddy,+91 90000 07730
W07731,Rahul Joshi,+91 90000 07731
W07732,Karan Bhat,+91 90000 07732
W07733,Vikram Iyer,+91 90000 07733
W07734,Siddharth Rao,+91 90000 07734
W07735,Ravi Kapoor,+91 90000 07735
W07736,Aman Nair,+91 90000 07736
W07737,Akash Das,+91 90000 07737
W07738,Varun Mishra,+91 90000 07738
W07739,Nikhil Mehta,+91 90000 07739
W07740,Sanjay Menon,+91 90000 07740
W07741,Priya Sharma,+91 90000 07741
W07742,Ananya Verma,+91 90000 07742
W07743,Isha Chopra,+91 90000 07743
W07744,Kavya Kumar,+91 90000 07744
W07745,Neha Gupta,+91 90000 07745
W07746,Pooja Malhotra,+91 90000 07746
W07747,Sneha Patel,+91 90000 07747
W07748,Meera Singh,+91 90000 07748
W07749,Riya Shah,+91 90000 07749
W07750,Aditi Reddy,+91 90000 07750
W07751,Aarav Joshi,+91 90000 07751
W07752,Vihaan Bhat,+91 90000 07752
W07753,Aditya Iyer,+91 90000 07753
W07754,Arjun Rao,+91 90000 07754
W07755,Rohan Kapoor,+91 90000 07755
W07756,Rahul Nair,+91 90000 07756
W07757,Karan Das,+91 90000 07757
W07758,Vikram Mishra,+91 90000 07758
W07759,Siddharth Mehta,+91 90000 07759
W07760,Ravi Menon,+91 90000 07760
W07761,Aman Sharma,+91 90000 07761
W07762,Akash Verma,+91 90000 07762
W07763,Varun Chopra,+91 90000 07763
W07764,Nikhil Kumar,+91 90000 07764
W07765,Sanjay Gupta,+91 90000 07765
W07766,Priya Malhotra,+91 90000 07766
W07767,Ananya Patel,+91 90000 07767
W07768,Isha Singh,+91 90000 07768
W07769,Kavya Shah,+91 90000 07769
W07770,Neha Reddy,+91 90000 07770
W07771,Pooja Joshi,+91 90000 07771
W07772,Sneha Bhat,+91 90000 07772
W07773,Meera Iyer,+91 90000 07773
W07774,Riya Rao,+91 90000 07774
W07775,Aditi Kapoor,+91 90000 07775
W07776,Aarav Nair,+91 90000 07776
W07777,Vihaan Das,+91 90000 07777
W07778,Aditya Mishra,+91 90000 07778
W07779,Arjun Mehta,+91 90000 07779
W07780,Rohan Menon,+91 90000 07780
W07781,Rahul Sharma,+91 90000 07781
W07782,Karan Verma,+91 90000 07782
W07783,Vikram Chopra,+91 90000 07783
W07784,Siddharth Kumar,+91 90000 07784
W07785,Ravi Gupta,+91 90000 07785
W07786,Aman Malhotra,+91 90000 07786
W07787,Akash Patel,+91 90000 07787
W07788,Varun Singh,+91 90000 07788
W07789,Nikhil Shah,+91 90000 07789
W07790,Sanjay Reddy,+91 90000 07790
W07791,Priya Joshi,+91 90000 07791
W07792,Ananya Bhat,+91 90000 07792
W07793,Isha Iyer,+91 90000 07793
W07794,Kavya Rao,+91 90000 07794
W07795,Neha Kapoor,+91 90000 07795
W07796,Pooja Nair,+91 90000 07796
W07797,Sneha Das,+91 90000 07797
W07798,Meera Mishra,+91 90000 07798
W07799,Riya Mehta,+91 90000 07799
W07800,Aditi Menon,+91 90000 07800
W07801,Aarav Sharma,+91 90000 07801
W07802,Vihaan Verma,+91 90000 07802
W07803,Aditya Chopra,+91 90000 07803
W07804,Arjun Kumar,+91 90000 07804
W07805,Rohan Gupta,+91 90000 07805
W07806,Rahul Malhotra,+91 90000 07806
W07807,Karan Patel,+91 90000 07807
W07808,Vikram Singh,+91 90000 07808
W07809,Siddharth Shah,+91 90000 07809
W07810,Ravi Reddy,+91 90000 07810
W07811,Aman Joshi,+91 90000 07811
W07812,Akash Bhat,+91 90000 07812
W07813,Varun Iyer,+91 90000 07813
W07814,Nikhil Rao,+91 90000 07814
W07815,Sanjay Kapoor,+91 90000 07815
W07816,Priya Nair,+91 90000 07816
W07817,Ananya Das,+91 90000 07817
W07818,Isha Mishra,+91 90000 07818
W07819,Kavya Mehta,+91 90000 07819
W07820,Neha Menon,+91 90000 07820
W07821,Pooja Sharma,+91 90000 07821
W07822,Sneha Verma,+91 90000 07822
W07823,Meera Chopra,+91 90000 07823
W07824,Riya Kumar,+91 90000 07824
W07825,Aditi Gupta,+91 90000 07825
W07826,Aarav Malhotra,+91 90000 07826
W07827,Vihaan Patel,+91 90000 07827
W07828,Aditya Singh,+91 90000 07828
W07829,Arjun Shah,+91 90000 07829
W07830,Rohan Reddy,+91 90000 07830
W07831,Rahul Joshi,+91 90000 07831
W07832,Karan Bhat,+91 90000 07832
W07833,Vikram Iyer,+91 90000 07833
W07834,Siddharth Rao,+91 90000 07834
W07835,Ravi Kapoor,+91 90000 07835
W07836,Aman Nair,+91 90000 07836
W07837,Akash Das,+91 90000 07837
W07838,Varun Mishra,+91 90000 07838
W07839,Nikhil Mehta,+91 90000 07839
W07840,Sanjay Menon,+91 90000 07840
W07841,Priya Sharma,+91 90000 07841
W07842,Ananya Verma,+91 90000 07842
W07843,Isha Chopra,+91 90000 07843
W07844,Kavya Kumar,+91 90000 07844
W07845,Neha Gupta,+91 90000 07845
W07846,Pooja Malhotra,+91 90000 07846
W07847,Sneha Patel,+91 90000 07847
W07848,Meera Singh,+91 90000 07848
W07849,Riya Shah,+91 90000 07849
W07850,Aditi Reddy,+91 90000 07850
W07851,Aarav Joshi,+91 90000 07851
W07852,Vihaan Bhat,+91 90000 07852
W07853,Aditya Iyer,+91 90000 07853
W07854,Arjun Rao,+91 90000 07854
W07855,Rohan Kapoor,+91 90000 07855
W07856,Rahul Nair,+91 90000 07856
W07857,Karan Das,+91 90000 07857
W07858,Vikram Mishra,+91 90000 07858
W07859,Siddharth Mehta,+91 90000 07859
W07860,Ravi Menon,+91 90000 07860
W07861,Aman Sharma,+91 90000 07861
W07862,Akash Verma,+91 90000 07862
W07863,Varun Chopra,+91 90000 07863
W07864,Nikhil Kumar,+91 90000 07864
W07865,Sanjay Gupta,+91 90000 07865
W07866,Priya Malhotra,+91 90000 07866
W07867,Ananya Patel,+91 90000 07867
W07868,Isha Singh,+91 90000 07868
W07869,Kavya Shah,+91 90000 07869
W07870,Neha Reddy,+91 90000 07870
W07871,Pooja Joshi,+91 90000 07871
W07872,Sneha Bhat,+91 90000 07872
W07873,Meera Iyer,+91 90000 07873
W07874,Riya Rao,+91 90000 07874
W07875,Aditi Kapoor,+91 90000 07875
W07876,Aarav Nair,+91 90000 07876
W07877,Vihaan Das,+91 90000 07877
W07878,Aditya Mishra,+91 90000 07878
W07879,Arjun Mehta,+91 90000 07879
W07880,Rohan Menon,+91 90000 07880
W07881,Rahul Sharma,+91 90000 07881
W07882,Karan Verma,+91 90000 07882
W07883,Vikram Chopra,+91 90000 07883
W07884,Siddharth Kumar,+91 90000 07884
W07885,Ravi Gupta,+91 90000 07885
W07886,Aman Malhotra,+91 90000 07886
W07887,Akash Patel,+91 90000 07887
W07888,Varun Singh,+91 90000 07888
W07889,Nikhil Shah,+91 90000 07889
W07890,Sanjay Reddy,+91 90000 07890
W07891,Priya Joshi,+91 90000 07891
W07892,Ananya Bhat,+91 90000 07892
W07893,Isha Iyer,+91 90000 07893
W07894,Kavya Rao,+91 90000 07894
W07895,Neha Kapoor,+91 90000 07895
W07896,Pooja Nair,+91 90000 07896
W07897,Sneha Das,+91 90000 07897
W07898,Meera Mishra,+91 90000 07898
W07899,Riya Mehta,+91 90000 07899
W07900,Aditi Menon,+91 90000 07900
W07901,Aarav Sharma,+91 90000 07901
W07902,Vihaan Verma,+91 90000 07902
W07903,Aditya Chopra,+91 90000 07903
W07904,Arjun Kumar,+91 90000 07904
W07905,Rohan Gupta,+91 90000 07905
W07906,Rahul Malhotra,+91 90000 07906
W07907,Karan Patel,+91 90000 07907
W07908,Vikram Singh,+91 90000 07908
W07909,Siddharth Shah,+91 90000 07909
W07910,Ravi Reddy,+91 90000 07910
W07911,Aman Joshi,+91 90000 07911
W07912,Akash Bhat,+91 90000 07912
W07913,Varun Iyer,+91 90000 07913
W07914,Nikhil Rao,+91 90000 07914
W07915,Sanjay Kapoor,+91 90000 07915
W07916,Priya Nair,+91 90000 07916
W07917,Ananya Das,+91 90000 07917
W07918,Isha Mishra,+91 90000 07918
W07919,Kavya Mehta,+91 90000 07919
W07920,Neha Menon,+91 90000 07920
W07921,Pooja Sharma,+91 90000 07921
W07922,Sneha Verma,+91 90000 07922
W07923,Meera Chopra,+91 90000 07923
W07924,Riya Kumar,+91 90000 07924
W07925,Aditi Gupta,+91 90000 07925
W07926,Aarav Malhotra,+91 90000 07926
W07927,Vihaan Patel,+91 90000 07927
W07928,Aditya Singh,+91 90000 07928
W07929,Arjun Shah,+91 90000 07929
W07930,Rohan Reddy,+91 90000 07930
W07931,Rahul Joshi,+91 90000 07931
W07932,Karan Bhat,+91 90000 07932
W07933,Vikram Iyer,+91 90000 07933
W07934,Siddharth Rao,+91 90000 07934
W07935,Ravi Kapoor,+91 90000 07935
W07936,Aman Nair,+91 90000 07936
W07937,Akash Das,+91 90000 07937
W07938,Varun Mishra,+91 90000 07938
W07939,Nikhil Mehta,+91 90000 07939
W07940,Sanjay Menon,+91 90000 07940
W07941,Priya Sharma,+91 90000 07941
W07942,Ananya Verma,+91 90000 07942
W07943,Isha Chopra,+91 90000 07943
W07944,Kavya Kumar,+91 90000 07944
W07945,Neha Gupta,+91 90000 07945
W07946,Pooja Malhotra,+91 90000 07946
W07947,Sneha Patel,+91 90000 07947
W07948,Meera Singh,+91 90000 07948
W07949,Riya Shah,+91 90000 07949
W07950,Aditi Reddy,+91 90000 07950
W07951,Aarav Joshi,+91 90000 07951
W07952,Vihaan Bhat,+91 90000 07952
W07953,Aditya Iyer,+91 90000 07953
W07954,Arjun Rao,+91 90000 07954
W07955,Rohan Kapoor,+91 90000 07955
W07956,Rahul Nair,+91 90000 07956
W07957,Karan Das,+91 90000 07957
W07958,Vikram Mishra,+91 90000 07958
W07959,Siddharth Mehta,+91 90000 07959
W07960,Ravi Menon,+91 90000 07960
W07961,Aman Sharma,+91 90000 07961
W07962,Akash Verma,+91 90000 07962
W07963,Varun Chopra,+91 90000 07963
W07964,Nikhil Kumar,+91 90000 07964
W07965,Sanjay Gupta,+91 90000 07965
W07966,Priya Malhotra,+91 90000 07966
W07967,Ananya Patel,+91 90000 07967
W07968,Isha Singh,+91 90000 07968
W07969,Kavya Shah,+91 90000 07969
W07970,Neha Reddy,+91 90000 07970
W07971,Pooja Joshi,+91 90000 07971
W07972,Sneha Bhat,+91 90000 07972
W07973,Meera Iyer,+91 90000 07973
W07974,Riya Rao,+91 90000 07974
W07975,Aditi Kapoor,+91 90000 07975
W07976,Aarav Nair,+91 90000 07976
W07977,Vihaan Das,+91 90000 07977
W07978,Aditya Mishra,+91 90000 07978
W07979,Arjun Mehta,+91 90000 07979
W07980,Rohan Menon,+91 90000 07980
W07981,Rahul Sharma,+91 90000 07981
W07982,Karan Verma,+91 90000 07982
W07983,Vikram Chopra,+91 90000 07983
W07984,Siddharth Kumar,+91 90000 07984
W07985,Ravi Gupta,+91 90000 07985
W07986,Aman Malhotra,+91 90000 07986
W07987,Akash Patel,+91 90000 07987
W07988,Varun Singh,+91 90000 07988
W07989,Nikhil Shah,+91 90000 07989
W07990,Sanjay Reddy,+91 90000 07990
W07991,Priya Joshi,+91 90000 07991
W07992,Ananya Bhat,+91 90000 07992
W07993,Isha Iyer,+91 90000 07993
W07994,Kavya Rao,+91 90000 07994
W07995,Neha Kapoor,+91 90000 07995
W07996,Pooja Nair,+91 90000 07996
W07997,Sneha Das,+91 90000 07997
W07998,Meera Mishra,+91 90000 07998
W07999,Riya Mehta,+91 90000 07999
W08000,Aditi Menon,+91 90000 08000
W08001,Aarav Sharma,+91 90000 08001
W08002,Vihaan Verma,+91 90000 08002
W08003,Aditya Chopra,+91 90000 08003
W08004,Arjun Kumar,+91 90000 08004
W08005,Rohan Gupta,+91 90000 08005
W08006,Rahul Malhotra,+91 90000 08006
W08007,Karan Patel,+91 90000 08007
W08008,Vikram Singh,+91 90000 08008
W08009,Siddharth Shah,+91 90000 08009
W08010,Ravi Reddy,+91 90000 08010
W08011,Aman Joshi,+91 90000 08011
W08012,Akash Bhat,+91 90000 08012
W08013,Varun Iyer,+91 90000 08013
W08014,Nikhil Rao,+91 90000 08014
W08015,Sanjay Kapoor,+91 90000 08015
W08016,Priya Nair,+91 90000 08016
W08017,Ananya Das,+91 90000 08017
W08018,Isha Mishra,+91 90000 08018
W08019,Kavya Mehta,+91 90000 08019
W08020,Neha Menon,+91 90000 08020
W08021,Pooja Sharma,+91 90000 08021
W08022,Sneha Verma,+91 90000 08022
W08023,Meera Chopra,+91 90000 08023
W08024,Riya Kumar,+91 90000 08024
W08025,Aditi Gupta,+91 90000 08025
W08026,Aarav Malhotra,+91 90000 08026
W08027,Vihaan Patel,+91 90000 08027
W08028,Aditya Singh,+91 90000 08028
W08029,Arjun Shah,+91 90000 08029
W08030,Rohan Reddy,+91 90000 08030
W08031,Rahul Joshi,+91 90000 08031
W08032,Karan Bhat,+91 90000 08032
W08033,Vikram Iyer,+91 90000 08033
W08034,Siddharth Rao,+91 90000 08034
W08035,Ravi Kapoor,+91 90000 08035
W08036,Aman Nair,+91 90000 08036
W08037,Akash Das,+91 90000 08037
W08038,Varun Mishra,+91 90000 08038
W08039,Nikhil Mehta,+91 90000 08039
W08040,Sanjay Menon,+91 90000 08040
W08041,Priya Sharma,+91 90000 08041
W08042,Ananya Verma,+91 90000 08042
W08043,Isha Chopra,+91 90000 08043
W08044,Kavya Kumar,+91 90000 08044
W08045,Neha Gupta,+91 90000 08045
W08046,Pooja Malhotra,+91 90000 08046
W08047,Sneha Patel,+91 90000 08047
W08048,Meera Singh,+91 90000 08048
W08049,Riya Shah,+91 90000 08049
W08050,Aditi Reddy,+91 90000 08050
W08051,Aarav Joshi,+91 90000 08051
W08052,Vihaan Bhat,+91 90000 08052
W08053,Aditya Iyer,+91 90000 08053
W08054,Arjun Rao,+91 90000 08054
W08055,Rohan Kapoor,+91 90000 08055
W08056,Rahul Nair,+91 90000 08056
W08057,Karan Das,+91 90000 08057
W08058,Vikram Mishra,+91 90000 08058
W08059,Siddharth Mehta,+91 90000 08059
W08060,Ravi Menon,+91 90000 08060
W08061,Aman Sharma,+91 90000 08061
W08062,Akash Verma,+91 90000 08062
W08063,Varun Chopra,+91 90000 08063
W08064,Nikhil Kumar,+91 90000 08064
W08065,Sanjay Gupta,+91 90000 08065
W08066,Priya Malhotra,+91 90000 08066
W08067,Ananya Patel,+91 90000 08067
W08068,Isha Singh,+91 90000 08068
W08069,Kavya Shah,+91 90000 08069
W08070,Neha Reddy,+91 90000 08070
W08071,Pooja Joshi,+91 90000 08071
W08072,Sneha Bhat,+91 90000 08072
W08073,Meera Iyer,+91 90000 08073
W08074,Riya Rao,+91 90000 08074
W08075,Aditi Kapoor,+91 90000 08075
W08076,Aarav Nair,+91 90000 08076
W08077,Vihaan Das,+91 90000 08077
W08078,Aditya Mishra,+91 90000 08078
W08079,Arjun Mehta,+91 90000 08079
W08080,Rohan Menon,+91 90000 08080
W08081,Rahul Sharma,+91 90000 08081
W08082,Karan Verma,+91 90000 08082
W08083,Vikram Chopra,+91 90000 08083
W08084,Siddharth Kumar,+91 90000 08084
W08085,Ravi Gupta,+91 90000 08085
W08086,Aman Malhotra,+91 90000 08086
W08087,Akash Patel,+91 90000 08087
W08088,Varun Singh,+91 90000 08088
W08089,Nikhil Shah,+91 90000 08089
W08090,Sanjay Reddy,+91 90000 08090
W08091,Priya Joshi,+91 90000 08091
W08092,Ananya Bhat,+91 90000 08092
W08093,Isha Iyer,+91 90000 08093
W08094,Kavya Rao,+91 90000 08094
W08095,Neha Kapoor,+91 90000 08095
W08096,Pooja Nair,+91 90000 08096
W08097,Sneha Das,+91 90000 08097
W08098,Meera Mishra,+91 90000 08098
W08099,Riya Mehta,+91 90000 08099
W08100,Aditi Menon,+91 90000 08100
W08101,Aarav Sharma,+91 90000 08101
W08102,Vihaan Verma,+91 90000 08102
W08103,Aditya Chopra,+91 90000 08103
W08104,Arjun Kumar,+91 90000 08104
W08105,Rohan Gupta,+91 90000 08105
W08106,Rahul Malhotra,+91 90000 08106
W08107,Karan Patel,+91 90000 08107
W08108,Vikram Singh,+91 90000 08108
W08109,Siddharth Shah,+91 90000 08109
W08110,Ravi Reddy,+91 90000 08110
W08111,Aman Joshi,+91 90000 08111
W08112,Akash Bhat,+91 90000 08112
W08113,Varun Iyer,+91 90000 08113
W08114,Nikhil Rao,+91 90000 08114
W08115,Sanjay Kapoor,+91 90000 08115
W08116,Priya Nair,+91 90000 08116
W08117,Ananya Das,+91 90000 08117
W08118,Isha Mishra,+91 90000 08118
W08119,Kavya Mehta,+91 90000 08119
W08120,Neha Menon,+91 90000 08120
W08121,Pooja Sharma,+91 90000 08121
W08122,Sneha Verma,+91 90000 08122
W08123,Meera Chopra,+91 90000 08123
W08124,Riya Kumar,+91 90000 08124
W08125,Aditi Gupta,+91 90000 08125
W08126,Aarav Malhotra,+91 90000 08126
W08127,Vihaan Patel,+91 90000 08127
W08128,Aditya Singh,+91 90000 08128
W08129,Arjun Shah,+91 90000 08129
W08130,Rohan Reddy,+91 90000 08130
W08131,Rahul Joshi,+91 90000 08131
W08132,Karan Bhat,+91 90000 08132
W08133,Vikram Iyer,+91 90000 08133
W08134,Siddharth Rao,+91 90000 08134
W08135,Ravi Kapoor,+91 90000 08135
W08136,Aman Nair,+91 90000 08136
W08137,Akash Das,+91 90000 08137
W08138,Varun Mishra,+91 90000 08138
W08139,Nikhil Mehta,+91 90000 08139
W08140,Sanjay Menon,+91 90000 08140
W08141,Priya Sharma,+91 90000 08141
W08142,Ananya Verma,+91 90000 08142
W08143,Isha Chopra,+91 90000 08143
W08144,Kavya Kumar,+91 90000 08144
W08145,Neha Gupta,+91 90000 08145
W08146,Pooja Malhotra,+91 90000 08146
W08147,Sneha Patel,+91 90000 08147
W08148,Meera Singh,+91 90000 08148
W08149,Riya Shah,+91 90000 08149
W08150,Aditi Reddy,+91 90000 08150
W08151,Aarav Joshi,+91 90000 08151
W08152,Vihaan Bhat,+91 90000 08152
W08153,Aditya Iyer,+91 90000 08153
W08154,Arjun Rao,+91 90000 08154
W08155,Rohan Kapoor,+91 90000 08155
W08156,Rahul Nair,+91 90000 08156
W08157,Karan Das,+91 90000 08157
W08158,Vikram Mishra,+91 90000 08158
W08159,Siddharth Mehta,+91 90000 08159
W08160,Ravi Menon,+91 90000 08160
W08161,Aman Sharma,+91 90000 08161
W08162,Akash Verma,+91 90000 08162
W08163,Varun Chopra,+91 90000 08163
W08164,Nikhil Kumar,+91 90000 08164
W08165,Sanjay Gupta,+91 90000 08165
W08166,Priya Malhotra,+91 90000 08166
W08167,Ananya Patel,+91 90000 08167
W08168,Isha Singh,+91 90000 08168
W08169,Kavya Shah,+91 90000 08169
W08170,Neha Reddy,+91 90000 08170
W08171,Pooja Joshi,+91 90000 08171
W08172,Sneha Bhat,+91 90000 08172
W08173,Meera Iyer,+91 90000 08173
W08174,Riya Rao,+91 90000 08174
W08175,Aditi Kapoor,+91 90000 08175
W08176,Aarav Nair,+91 90000 08176
W08177,Vihaan Das,+91 90000 08177
W08178,Aditya Mishra,+91 90000 08178
W08179,Arjun Mehta,+91 90000 08179
W08180,Rohan Menon,+91 90000 08180
W08181,Rahul Sharma,+91 90000 08181
W08182,Karan Verma,+91 90000 08182
W08183,Vikram Chopra,+91 90000 08183
W08184,Siddharth Kumar,+91 90000 08184
W08185,Ravi Gupta,+91 90000 08185
W08186,Aman Malhotra,+91 90000 08186
W08187,Akash Patel,+91 90000 08187
W08188,Varun Singh,+91 90000 08188
W08189,Nikhil Shah,+91 90000 08189
W08190,Sanjay Reddy,+91 90000 08190
W08191,Priya Joshi,+91 90000 08191
W08192,Ananya Bhat,+91 90000 08192
W08193,Isha Iyer,+91 90000 08193
W08194,Kavya Rao,+91 90000 08194
W08195,Neha Kapoor,+91 90000 08195
W08196,Pooja Nair,+91 90000 08196
W08197,Sneha Das,+91 90000 08197
W08198,Meera Mishra,+91 90000 08198
W08199,Riya Mehta,+91 90000 08199
W08200,Aditi Menon,+91 90000 08200
W08201,Aarav Sharma,+91 90000 08201
W08202,Vihaan Verma,+91 90000 08202
W08203,Aditya Chopra,+91 90000 08203
W08204,Arjun Kumar,+91 90000 08204
W08205,Rohan Gupta,+91 90000 08205
W08206,Rahul Malhotra,+91 90000 08206
W08207,Karan Patel,+91 90000 08207
W08208,Vikram Singh,+91 90000 08208
W08209,Siddharth Shah,+91 90000 08209
W08210,Ravi Reddy,+91 90000 08210
W08211,Aman Joshi,+91 90000 08211
W08212,Akash Bhat,+91 90000 08212
W08213,Varun Iyer,+91 90000 08213
W08214,Nikhil Rao,+91 90000 08214
W08215,Sanjay Kapoor,+91 90000 08215
W08216,Priya Nair,+91 90000 08216
W08217,Ananya Das,+91 90000 08217
W08218,Isha Mishra,+91 90000 08218
W08219,Kavya Mehta,+91 90000 08219
W08220,Neha Menon,+91 90000 08220
W08221,Pooja Sharma,+91 90000 08221
W08222,Sneha Verma,+91 90000 08222
W08223,Meera Chopra,+91 90000 08223
W08224,Riya Kumar,+91 90000 08224
W08225,Aditi Gupta,+91 90000 08225
W08226,Aarav Malhotra,+91 90000 08226
W08227,Vihaan Patel,+91 90000 08227
W08228,Aditya Singh,+91 90000 08228
W08229,Arjun Shah,+91 90000 08229
W08230,Rohan Reddy,+91 90000 08230
W08231,Rahul Joshi,+91 90000 08231
W08232,Karan Bhat,+91 90000 08232
W08233,Vikram Iyer,+91 90000 08233
W08234,Siddharth Rao,+91 90000 08234
W08235,Ravi Kapoor,+91 90000 08235
W08236,Aman Nair,+91 90000 08236
W08237,Akash Das,+91 90000 08237
W08238,Varun Mishra,+91 90000 08238
W08239,Nikhil Mehta,+91 90000 08239
W08240,Sanjay Menon,+91 90000 08240
W08241,Priya Sharma,+91 90000 08241
W08242,Ananya Verma,+91 90000 08242
W08243,Isha Chopra,+91 90000 08243
W08244,Kavya Kumar,+91 90000 08244
W08245,Neha Gupta,+91 90000 08245
W08246,Pooja Malhotra,+91 90000 08246
W08247,Sneha Patel,+91 90000 08247
W08248,Meera Singh,+91 90000 08248
W08249,Riya Shah,+91 90000 08249
W08250,Aditi Reddy,+91 90000 08250
W08251,Aarav Joshi,+91 90000 08251
W08252,Vihaan Bhat,+91 90000 08252
W08253,Aditya Iyer,+91 90000 08253
W08254,Arjun Rao,+91 90000 08254
W08255,Rohan Kapoor,+91 90000 08255
W08256,Rahul Nair,+91 90000 08256
W08257,Karan Das,+91 90000 08257
W08258,Vikram Mishra,+91 90000 08258
W08259,Siddharth Mehta,+91 90000 08259
W08260,Ravi Menon,+91 90000 08260
W08261,Aman Sharma,+91 90000 08261
W08262,Akash Verma,+91 90000 08262
W08263,Varun Chopra,+91 90000 08263
W08264,Nikhil Kumar,+91 90000 08264
W08265,Sanjay Gupta,+91 90000 08265
W08266,Priya Malhotra,+91 90000 08266
W08267,Ananya Patel,+91 90000 08267
W08268,Isha Singh,+91 90000 08268
W08269,Kavya Shah,+91 90000 08269
W08270,Neha Reddy,+91 90000 08270
W08271,Pooja Joshi,+91 90000 08271
W08272,Sneha Bhat,+91 90000 08272
W08273,Meera Iyer,+91 90000 08273
W08274,Riya Rao,+91 90000 08274
W08275,Aditi Kapoor,+91 90000 08275
W08276,Aarav Nair,+91 90000 08276
W08277,Vihaan Das,+91 90000 08277
W08278,Aditya Mishra,+91 90000 08278
W08279,Arjun Mehta,+91 90000 08279
W08280,Rohan Menon,+91 90000 08280
W08281,Rahul Sharma,+91 90000 08281
W08282,Karan Verma,+91 90000 08282
W08283,Vikram Chopra,+91 90000 08283
W08284,Siddharth Kumar,+91 90000 08284
W08285,Ravi Gupta,+91 90000 08285
W08286,Aman Malhotra,+91 90000 08286
W08287,Akash Patel,+91 90000 08287
W08288,Varun Singh,+91 90000 08288
W08289,Nikhil Shah,+91 90000 08289
W08290,Sanjay Reddy,+91 90000 08290
W08291,Priya Joshi,+91 90000 08291
W08292,Ananya Bhat,+91 90000 08292
W08293,Isha Iyer,+91 90000 08293
W08294,Kavya Rao,+91 90000 08294
W08295,Neha Kapoor,+91 90000 08295
W08296,Pooja Nair,+91 90000 08296
W08297,Sneha Das,+91 90000 08297
W08298,Meera Mishra,+91 90000 08298
W08299,Riya Mehta,+91 90000 08299
W08300,Aditi Menon,+91 90000 08300
W08301,Aarav Sharma,+91 90000 08301
W08302,Vihaan Verma,+91 90000 08302
W08303,Aditya Chopra,+91 90000 08303
W08304,Arjun Kumar,+91 90000 08304
W08305,Rohan Gupta,+91 90000 08305
W08306,Rahul Malhotra,+91 90000 08306
W08307,Karan Patel,+91 90000 08307
W08308,Vikram Singh,+91 90000 08308
W08309,Siddharth Shah,+91 90000 08309
W08310,Ravi Reddy,+91 90000 08310
W08311,Aman Joshi,+91 90000 08311
W08312,Akash Bhat,+91 90000 08312
W08313,Varun Iyer,+91 90000 08313
W08314,Nikhil Rao,+91 90000 08314
W08315,Sanjay Kapoor,+91 90000 08315
W08316,Priya Nair,+91 90000 08316
W08317,Ananya Das,+91 90000 08317
W08318,Isha Mishra,+91 90000 08318
W08319,Kavya Mehta,+91 90000 08319
W08320,Neha Menon,+91 90000 08320
W08321,Pooja Sharma,+91 90000 08321
W08322,Sneha Verma,+91 90000 08322
W08323,Meera Chopra,+91 90000 08323
W08324,Riya Kumar,+91 90000 08324
W08325,Aditi Gupta,+91 90000 08325
W08326,Aarav Malhotra,+91 90000 08326
W08327,Vihaan Patel,+91 90000 08327
W08328,Aditya Singh,+91 90000 08328
W08329,Arjun Shah,+91 90000 08329
W08330,Rohan Reddy,+91 90000 08330
W08331,Rahul Joshi,+91 90000 08331
W08332,Karan Bhat,+91 90000 08332
W08333,Vikram Iyer,+91 90000 08333
W08334,Siddharth Rao,+91 90000 08334
W08335,Ravi Kapoor,+91 90000 08335
W08336,Aman Nair,+91 90000 08336
W08337,Akash Das,+91 90000 08337
W08338,Varun Mishra,+91 90000 08338
W08339,Nikhil Mehta,+91 90000 08339
W08340,Sanjay Menon,+91 90000 08340
W08341,Priya Sharma,+91 90000 08341
W08342,Ananya Verma,+91 90000 08342
W08343,Isha Chopra,+91 90000 08343
W08344,Kavya Kumar,+91 90000 08344
W08345,Neha Gupta,+91 90000 08345
W08346,Pooja Malhotra,+91 90000 08346
W08347,Sneha Patel,+91 90000 08347
W08348,Meera Singh,+91 90000 08348
W08349,Riya Shah,+91 90000 08349
W08350,Aditi Reddy,+91 90000 08350
W08351,Aarav Joshi,+91 90000 08351
W08352,Vihaan Bhat,+91 90000 08352
W08353,Aditya Iyer,+91 90000 08353
W08354,Arjun Rao,+91 90000 08354
W08355,Rohan Kapoor,+91 90000 08355
W08356,Rahul Nair,+91 90000 08356
W08357,Karan Das,+91 90000 08357
W08358,Vikram Mishra,+91 90000 08358
W08359,Siddharth Mehta,+91 90000 08359
W08360,Ravi Menon,+91 90000 08360
W08361,Aman Sharma,+91 90000 08361
W08362,Akash Verma,+91 90000 08362
W08363,Varun Chopra,+91 90000 08363
W08364,Nikhil Kumar,+91 90000 08364
W08365,Sanjay Gupta,+91 90000 08365
W08366,Priya Malhotra,+91 90000 08366
W08367,Ananya Patel,+91 90000 08367
W08368,Isha Singh,+91 90000 08368
W08369,Kavya Shah,+91 90000 08369
W08370,Neha Reddy,+91 90000 08370
W08371,Pooja Joshi,+91 90000 08371
W08372,Sneha Bhat,+91 90000 08372
W08373,Meera Iyer,+91 90000 08373
W08374,Riya Rao,+91 90000 08374
W08375,Aditi Kapoor,+91 90000 08375
W08376,Aarav Nair,+91 90000 08376
W08377,Vihaan Das,+91 90000 08377
W08378,Aditya Mishra,+91 90000 08378
W08379,Arjun Mehta,+91 90000 08379
W08380,Rohan Menon,+91 90000 08380
W08381,Rahul Sharma,+91 90000 08381
W08382,Karan Verma,+91 90000 08382
W08383,Vikram Chopra,+91 90000 08383
W08384,Siddharth Kumar,+91 90000 08384
W08385,Ravi Gupta,+91 90000 08385
W08386,Aman Malhotra,+91 90000 08386
W08387,Akash Patel,+91 90000 08387
W08388,Varun Singh,+91 90000 08388
W08389,Nikhil Shah,+91 90000 08389
W08390,Sanjay Reddy,+91 90000 08390
W08391,Priya Joshi,+91 90000 08391
W08392,Ananya Bhat,+91 90000 08392
W08393,Isha Iyer,+91 90000 08393
W08394,Kavya Rao,+91 90000 08394
W08395,Neha Kapoor,+91 90000 08395
W08396,Pooja Nair,+91 90000 08396
W08397,Sneha Das,+91 90000 08397
W08398,Meera Mishra,+91 90000 08398
W08399,Riya Mehta,+91 90000 08399
W08400,Aditi Menon,+91 90000 08400
W08401,Aarav Sharma,+91 90000 08401
W08402,Vihaan Verma,+91 90000 08402
W08403,Aditya Chopra,+91 90000 08403
W08404,Arjun Kumar,+91 90000 08404
W08405,Rohan Gupta,+91 90000 08405
W08406,Rahul Malhotra,+91 90000 08406
W08407,Karan Patel,+91 90000 08407
W08408,Vikram Singh,+91 90000 08408
W08409,Siddharth Shah,+91 90000 08409
W08410,Ravi Reddy,+91 90000 08410
W08411,Aman Joshi,+91 90000 08411
W08412,Akash Bhat,+91 90000 08412
W08413,Varun Iyer,+91 90000 08413
W08414,Nikhil Rao,+91 90000 08414
W08415,Sanjay Kapoor,+91 90000 08415
W08416,Priya Nair,+91 90000 08416
W08417,Ananya Das,+91 90000 08417
W08418,Isha Mishra,+91 90000 08418
W08419,Kavya Mehta,+91 90000 08419
W08420,Neha Menon,+91 90000 08420
W08421,Pooja Sharma,+91 90000 08421
W08422,Sneha Verma,+91 90000 08422
W08423,Meera Chopra,+91 90000 08423
W08424,Riya Kumar,+91 90000 08424
W08425,Aditi Gupta,+91 90000 08425
W08426,Aarav Malhotra,+91 90000 08426
W08427,Vihaan Patel,+91 90000 08427
W08428,Aditya Singh,+91 90000 08428
W08429,Arjun Shah,+91 90000 08429
W08430,Rohan Reddy,+91 90000 08430
W08431,Rahul Joshi,+91 90000 08431
W08432,Karan Bhat,+91 90000 08432
W08433,Vikram Iyer,+91 90000 08433
W08434,Siddharth Rao,+91 90000 08434
W08435,Ravi Kapoor,+91 90000 08435
W08436,Aman Nair,+91 90000 08436
W08437,Akash Das,+91 90000 08437
W08438,Varun Mishra,+91 90000 08438
W08439,Nikhil Mehta,+91 90000 08439
W08440,Sanjay Menon,+91 90000 08440
W08441,Priya Sharma,+91 90000 08441
W08442,Ananya Verma,+91 90000 08442
W08443,Isha Chopra,+91 90000 08443
W08444,Kavya Kumar,+91 90000 08444
W08445,Neha Gupta,+91 90000 08445
W08446,Pooja Malhotra,+91 90000 08446
W08447,Sneha Patel,+91 90000 08447
W08448,Meera Singh,+91 90000 08448
W08449,Riya Shah,+91 90000 08449
W08450,Aditi Reddy,+91 90000 08450
W08451,Aarav Joshi,+91 90000 08451
W08452,Vihaan Bhat,+91 90000 08452
W08453,Aditya Iyer,+91 90000 08453
W08454,Arjun Rao,+91 90000 08454
W08455,Rohan Kapoor,+91 90000 08455
W08456,Rahul Nair,+91 90000 08456
W08457,Karan Das,+91 90000 08457
W08458,Vikram Mishra,+91 90000 08458
W08459,Siddharth Mehta,+91 90000 08459
W08460,Ravi Menon,+91 90000 08460
W08461,Aman Sharma,+91 90000 08461
W08462,Akash Verma,+91 90000 08462
W08463,Varun Chopra,+91 90000 08463
W08464,Nikhil Kumar,+91 90000 08464
W08465,Sanjay Gupta,+91 90000 08465
W08466,Priya Malhotra,+91 90000 08466
W08467,Ananya Patel,+91 90000 08467
W08468,Isha Singh,+91 90000 08468
W08469,Kavya Shah,+91 90000 08469
W08470,Neha Reddy,+91 90000 08470
W08471,Pooja Joshi,+91 90000 08471
W08472,Sneha Bhat,+91 90000 08472
W08473,Meera Iyer,+91 90000 08473
W08474,Riya Rao,+91 90000 08474
W08475,Aditi Kapoor,+91 90000 08475
W08476,Aarav Nair,+91 90000 08476
W08477,Vihaan Das,+91 90000 08477
W08478,Aditya Mishra,+91 90000 08478
W08479,Arjun Mehta,+91 90000 08479
W08480,Rohan Menon,+91 90000 08480
W08481,Rahul Sharma,+91 90000 08481
W08482,Karan Verma,+91 90000 08482
W08483,Vikram Chopra,+91 90000 08483
W08484,Siddharth Kumar,+91 90000 08484
W08485,Ravi Gupta,+91 90000 08485
W08486,Aman Malhotra,+91 90000 08486
W08487,Akash Patel,+91 90000 08487
W08488,Varun Singh,+91 90000 08488
W08489,Nikhil Shah,+91 90000 08489
W08490,Sanjay Reddy,+91 90000 08490
W08491,Priya Joshi,+91 90000 08491
W08492,Ananya Bhat,+91 90000 08492
W08493,Isha Iyer,+91 90000 08493
W08494,Kavya Rao,+91 90000 08494
W08495,Neha Kapoor,+91 90000 08495
W08496,Pooja Nair,+91 90000 08496
W08497,Sneha Das,+91 90000 08497
W08498,Meera Mishra,+91 90000 08498
W08499,Riya Mehta,+91 90000 08499
W08500,Aditi Menon,+91 90000 08500
W08501,Aarav Sharma,+91 90000 08501
W08502,Vihaan Verma,+91 90000 08502
W08503,Aditya Chopra,+91 90000 08503
W08504,Arjun Kumar,+91 90000 08504
W08505,Rohan Gupta,+91 90000 08505
W08506,Rahul Malhotra,+91 90000 08506
W08507,Karan Patel,+91 90000 08507
W08508,Vikram Singh,+91 90000 08508
W08509,Siddharth Shah,+91 90000 08509
W08510,Ravi Reddy,+91 90000 08510
W08511,Aman Joshi,+91 90000 08511
W08512,Akash Bhat,+91 90000 08512
W08513,Varun Iyer,+91 90000 08513
W08514,Nikhil Rao,+91 90000 08514
W08515,Sanjay Kapoor,+91 90000 08515
W08516,Priya Nair,+91 90000 08516
W08517,Ananya Das,+91 90000 08517
W08518,Isha Mishra,+91 90000 08518
W08519,Kavya Mehta,+91 90000 08519
W08520,Neha Menon,+91 90000 08520
W08521,Pooja Sharma,+91 90000 08521
W08522,Sneha Verma,+91 90000 08522
W08523,Meera Chopra,+91 90000 08523
W08524,Riya Kumar,+91 90000 08524
W08525,Aditi Gupta,+91 90000 08525
W08526,Aarav Malhotra,+91 90000 08526
W08527,Vihaan Patel,+91 90000 08527
W08528,Aditya Singh,+91 90000 08528
W08529,Arjun Shah,+91 90000 08529
W08530,Rohan Reddy,+91 90000 08530
W08531,Rahul Joshi,+91 90000 08531
W08532,Karan Bhat,+91 90000 08532
W08533,Vikram Iyer,+91 90000 08533
W08534,Siddharth Rao,+91 90000 08534
W08535,Ravi Kapoor,+91 90000 08535
W08536,Aman Nair,+91 90000 08536
W08537,Akash Das,+91 90000 08537
W08538,Varun Mishra,+91 90000 08538
W08539,Nikhil Mehta,+91 90000 08539
W08540,Sanjay Menon,+91 90000 08540
W08541,Priya Sharma,+91 90000 08541
W08542,Ananya Verma,+91 90000 08542
W08543,Isha Chopra,+91 90000 08543
W08544,Kavya Kumar,+91 90000 08544
W08545,Neha Gupta,+91 90000 08545
W08546,Pooja Malhotra,+91 90000 08546
W08547,Sneha Patel,+91 90000 08547
W08548,Meera Singh,+91 90000 08548
W08549,Riya Shah,+91 90000 08549
W08550,Aditi Reddy,+91 90000 08550
W08551,Aarav Joshi,+91 90000 08551
W08552,Vihaan Bhat,+91 90000 08552
W08553,Aditya Iyer,+91 90000 08553
W08554,Arjun Rao,+91 90000 08554
W08555,Rohan Kapoor,+91 90000 08555
W08556,Rahul Nair,+91 90000 08556
W08557,Karan Das,+91 90000 08557
W08558,Vikram Mishra,+91 90000 08558
W08559,Siddharth Mehta,+91 90000 08559
W08560,Ravi Menon,+91 90000 08560
W08561,Aman Sharma,+91 90000 08561
W08562,Akash Verma,+91 90000 08562
W08563,Varun Chopra,+91 90000 08563
W08564,Nikhil Kumar,+91 90000 08564
W08565,Sanjay Gupta,+91 90000 08565
W08566,Priya Malhotra,+91 90000 08566
W08567,Ananya Patel,+91 90000 08567
W08568,Isha Singh,+91 90000 08568
W08569,Kavya Shah,+91 90000 08569
W08570,Neha Reddy,+91 90000 08570
W08571,Pooja Joshi,+91 90000 08571
W08572,Sneha Bhat,+91 90000 08572
W08573,Meera Iyer,+91 90000 08573
W08574,Riya Rao,+91 90000 08574
W08575,Aditi Kapoor,+91 90000 08575
W08576,Aarav Nair,+91 90000 08576
W08577,Vihaan Das,+91 90000 08577
W08578,Aditya Mishra,+91 90000 08578
W08579,Arjun Mehta,+91 90000 08579
W08580,Rohan Menon,+91 90000 08580
W08581,Rahul Sharma,+91 90000 08581
W08582,Karan Verma,+91 90000 08582
W08583,Vikram Chopra,+91 90000 08583
W08584,Siddharth Kumar,+91 90000 08584
W08585,Ravi Gupta,+91 90000 08585
W08586,Aman Malhotra,+91 90000 08586
W08587,Akash Patel,+91 90000 08587
W08588,Varun Singh,+91 90000 08588
W08589,Nikhil Shah,+91 90000 08589
W08590,Sanjay Reddy,+91 90000 08590
W08591,Priya Joshi,+91 90000 08591
W08592,Ananya Bhat,+91 90000 08592
W08593,Isha Iyer,+91 90000 08593
W08594,Kavya Rao,+91 90000 08594
W08595,Neha Kapoor,+91 90000 08595
W08596,Pooja Nair,+91 90000 08596
W08597,Sneha Das,+91 90000 08597
W08598,Meera Mishra,+91 90000 08598
W08599,Riya Mehta,+91 90000 08599
W08600,Aditi Menon,+91 90000 08600
W08601,Aarav Sharma,+91 90000 08601
W08602,Vihaan Verma,+91 90000 08602
W08603,Aditya Chopra,+91 90000 08603
W08604,Arjun Kumar,+91 90000 08604
W08605,Rohan Gupta,+91 90000 08605
W08606,Rahul Malhotra,+91 90000 08606
W08607,Karan Patel,+91 90000 08607
W08608,Vikram Singh,+91 90000 08608
W08609,Siddharth Shah,+91 90000 08609
W08610,Ravi Reddy,+91 90000 08610
W08611,Aman Joshi,+91 90000 08611
W08612,Akash Bhat,+91 90000 08612
W08613,Varun Iyer,+91 90000 08613
W08614,Nikhil Rao,+91 90000 08614
W08615,Sanjay Kapoor,+91 90000 08615
W08616,Priya Nair,+91 90000 08616
W08617,Ananya Das,+91 90000 08617
W08618,Isha Mishra,+91 90000 08618
W08619,Kavya Mehta,+91 90000 08619
W08620,Neha Menon,+91 90000 08620
W08621,Pooja Sharma,+91 90000 08621
W08622,Sneha Verma,+91 90000 08622
W08623,Meera Chopra,+91 90000 08623
W08624,Riya Kumar,+91 90000 08624
W08625,Aditi Gupta,+91 90000 08625
W08626,Aarav Malhotra,+91 90000 08626
W08627,Vihaan Patel,+91 90000 08627
W08628,Aditya Singh,+91 90000 08628
W08629,Arjun Shah,+91 90000 08629
W08630,Rohan Reddy,+91 90000 08630
W08631,Rahul Joshi,+91 90000 08631
W08632,Karan Bhat,+91 90000 08632
W08633,Vikram Iyer,+91 90000 08633
W08634,Siddharth Rao,+91 90000 08634
W08635,Ravi Kapoor,+91 90000 08635
W08636,Aman Nair,+91 90000 08636
W08637,Akash Das,+91 90000 08637
W08638,Varun Mishra,+91 90000 08638
W08639,Nikhil Mehta,+91 90000 08639
W08640,Sanjay Menon,+91 90000 08640
W08641,Priya Sharma,+91 90000 08641
W08642,Ananya Verma,+91 90000 08642
W08643,Isha Chopra,+91 90000 08643
W08644,Kavya Kumar,+91 90000 08644
W08645,Neha Gupta,+91 90000 08645
W08646,Pooja Malhotra,+91 90000 08646
W08647,Sneha Patel,+91 90000 08647
W08648,Meera Singh,+91 90000 08648
W08649,Riya Shah,+91 90000 08649
W08650,Aditi Reddy,+91 90000 08650
W08651,Aarav Joshi,+91 90000 08651
W08652,Vihaan Bhat,+91 90000 08652
W08653,Aditya Iyer,+91 90000 08653
W08654,Arjun Rao,+91 90000 08654
W08655,Rohan Kapoor,+91 90000 08655
W08656,Rahul Nair,+91 90000 08656
W08657,Karan Das,+91 90000 08657
W08658,Vikram Mishra,+91 90000 08658
W08659,Siddharth Mehta,+91 90000 08659
W08660,Ravi Menon,+91 90000 08660
W08661,Aman Sharma,+91 90000 08661
W08662,Akash Verma,+91 90000 08662
W08663,Varun Chopra,+91 90000 08663
W08664,Nikhil Kumar,+91 90000 08664
W08665,Sanjay Gupta,+91 90000 08665
W08666,Priya Malhotra,+91 90000 08666
W08667,Ananya Patel,+91 90000 08667
W08668,Isha Singh,+91 90000 08668
W08669,Kavya Shah,+91 90000 08669
W08670,Neha Reddy,+91 90000 08670
W08671,Pooja Joshi,+91 90000 08671
W08672,Sneha Bhat,+91 90000 08672
W08673,Meera Iyer,+91 90000 08673
W08674,Riya Rao,+91 90000 08674
W08675,Aditi Kapoor,+91 90000 08675
W08676,Aarav Nair,+91 90000 08676
W08677,Vihaan Das,+91 90000 08677
W08678,Aditya Mishra,+91 90000 08678
W08679,Arjun Mehta,+91 90000 08679
W08680,Rohan Menon,+91 90000 08680
W08681,Rahul Sharma,+91 90000 08681
W08682,Karan Verma,+91 90000 08682
W08683,Vikram Chopra,+91 90000 08683
W08684,Siddharth Kumar,+91 90000 08684
W08685,Ravi Gupta,+91 90000 08685
W08686,Aman Malhotra,+91 90000 08686
W08687,Akash Patel,+91 90000 08687
W08688,Varun Singh,+91 90000 08688
W08689,Nikhil Shah,+91 90000 08689
W08690,Sanjay Reddy,+91 90000 08690
W08691,Priya Joshi,+91 90000 08691
W08692,Ananya Bhat,+91 90000 08692
W08693,Isha Iyer,+91 90000 08693
W08694,Kavya Rao,+91 90000 08694
W08695,Neha Kapoor,+91 90000 08695
W08696,Pooja Nair,+91 90000 08696
W08697,Sneha Das,+91 90000 08697
W08698,Meera Mishra,+91 90000 08698
W08699,Riya Mehta,+91 90000 08699
W08700,Aditi Menon,+91 90000 08700
W08701,Aarav Sharma,+91 90000 08701
W08702,Vihaan Verma,+91 90000 08702
W08703,Aditya Chopra,+91 90000 08703
W08704,Arjun Kumar,+91 90000 08704
W08705,Rohan Gupta,+91 90000 08705
W08706,Rahul Malhotra,+91 90000 08706
W08707,Karan Patel,+91 90000 08707
W08708,Vikram Singh,+91 90000 08708
W08709,Siddharth Shah,+91 90000 08709
W08710,Ravi Reddy,+91 90000 08710
W08711,Aman Joshi,+91 90000 08711
W08712,Akash Bhat,+91 90000 08712
W08713,Varun Iyer,+91 90000 08713
W08714,Nikhil Rao,+91 90000 08714
W08715,Sanjay Kapoor,+91 90000 08715
W08716,Priya Nair,+91 90000 08716
W08717,Ananya Das,+91 90000 08717
W08718,Isha Mishra,+91 90000 08718
W08719,Kavya Mehta,+91 90000 08719
W08720,Neha Menon,+91 90000 08720
W08721,Pooja Sharma,+91 90000 08721
W08722,Sneha Verma,+91 90000 08722
W08723,Meera Chopra,+91 90000 08723
W08724,Riya Kumar,+91 90000 08724
W08725,Aditi Gupta,+91 90000 08725
W08726,Aarav Malhotra,+91 90000 08726
W08727,Vihaan Patel,+91 90000 08727
W08728,Aditya Singh,+91 90000 08728
W08729,Arjun Shah,+91 90000 08729
W08730,Rohan Reddy,+91 90000 08730
W08731,Rahul Joshi,+91 90000 08731
W08732,Karan Bhat,+91 90000 08732
W08733,Vikram Iyer,+91 90000 08733
W08734,Siddharth Rao,+91 90000 08734
W08735,Ravi Kapoor,+91 90000 08735
W08736,Aman Nair,+91 90000 08736
W08737,Akash Das,+91 90000 08737
W08738,Varun Mishra,+91 90000 08738
W08739,Nikhil Mehta,+91 90000 08739
W08740,Sanjay Menon,+91 90000 08740
W08741,Priya Sharma,+91 90000 08741
W08742,Ananya Verma,+91 90000 08742
W08743,Isha Chopra,+91 90000 08743
W08744,Kavya Kumar,+91 90000 08744
W08745,Neha Gupta,+91 90000 08745
W08746,Pooja Malhotra,+91 90000 08746
W08747,Sneha Patel,+91 90000 08747
W08748,Meera Singh,+91 90000 08748
W08749,Riya Shah,+91 90000 08749
W08750,Aditi Reddy,+91 90000 08750
W08751,Aarav Joshi,+91 90000 08751
W08752,Vihaan Bhat,+91 90000 08752
W08753,Aditya Iyer,+91 90000 08753
W08754,Arjun Rao,+91 90000 08754
W08755,Rohan Kapoor,+91 90000 08755
W08756,Rahul Nair,+91 90000 08756
W08757,Karan Das,+91 90000 08757
W08758,Vikram Mishra,+91 90000 08758
W08759,Siddharth Mehta,+91 90000 08759
W08760,Ravi Menon,+91 90000 08760
W08761,Aman Sharma,+91 90000 08761
W08762,Akash Verma,+91 90000 08762
W08763,Varun Chopra,+91 90000 08763
W08764,Nikhil Kumar,+91 90000 08764
W08765,Sanjay Gupta,+91 90000 08765
W08766,Priya Malhotra,+91 90000 08766
W08767,Ananya Patel,+91 90000 08767
W08768,Isha Singh,+91 90000 08768
W08769,Kavya Shah,+91 90000 08769
W08770,Neha Reddy,+91 90000 08770
W08771,Pooja Joshi,+91 90000 08771
W08772,Sneha Bhat,+91 90000 08772
W08773,Meera Iyer,+91 90000 08773
W08774,Riya Rao,+91 90000 08774
W08775,Aditi Kapoor,+91 90000 08775
W08776,Aarav Nair,+91 90000 08776
W08777,Vihaan Das,+91 90000 08777
W08778,Aditya Mishra,+91 90000 08778
W08779,Arjun Mehta,+91 90000 08779
W08780,Rohan Menon,+91 90000 08780
W08781,Rahul Sharma,+91 90000 08781
W08782,Karan Verma,+91 90000 08782
W08783,Vikram Chopra,+91 90000 08783
W08784,Siddharth Kumar,+91 90000 08784
W08785,Ravi Gupta,+91 90000 08785
W08786,Aman Malhotra,+91 90000 08786
W08787,Akash Patel,+91 90000 08787
W08788,Varun Singh,+91 90000 08788
W08789,Nikhil Shah,+91 90000 08789
W08790,Sanjay Reddy,+91 90000 08790
W08791,Priya Joshi,+91 90000 08791
W08792,Ananya Bhat,+91 90000 08792
W08793,Isha Iyer,+91 90000 08793
W08794,Kavya Rao,+91 90000 08794
W08795,Neha Kapoor,+91 90000 08795
W08796,Pooja Nair,+91 90000 08796
W08797,Sneha Das,+91 90000 08797
W08798,Meera Mishra,+91 90000 08798
W08799,Riya Mehta,+91 90000 08799
W08800,Aditi Menon,+91 90000 08800
W08801,Aarav Sharma,+91 90000 08801
W08802,Vihaan Verma,+91 90000 08802
W08803,Aditya Chopra,+91 90000 08803
W08804,Arjun Kumar,+91 90000 08804
W08805,Rohan Gupta,+91 90000 08805
W08806,Rahul Malhotra,+91 90000 08806
W08807,Karan Patel,+91 90000 08807
W08808,Vikram Singh,+91 90000 08808
W08809,Siddharth Shah,+91 90000 08809
W08810,Ravi Reddy,+91 90000 08810
W08811,Aman Joshi,+91 90000 08811
W08812,Akash Bhat,+91 90000 08812
W08813,Varun Iyer,+91 90000 08813
W08814,Nikhil Rao,+91 90000 08814
W08815,Sanjay Kapoor,+91 90000 08815
W08816,Priya Nair,+91 90000 08816
W08817,Ananya Das,+91 90000 08817
W08818,Isha Mishra,+91 90000 08818
W08819,Kavya Mehta,+91 90000 08819
W08820,Neha Menon,+91 90000 08820
W08821,Pooja Sharma,+91 90000 08821
W08822,Sneha Verma,+91 90000 08822
W08823,Meera Chopra,+91 90000 08823
W08824,Riya Kumar,+91 90000 08824
W08825,Aditi Gupta,+91 90000 08825
W08826,Aarav Malhotra,+91 90000 08826
W08827,Vihaan Patel,+91 90000 08827
W08828,Aditya Singh,+91 90000 08828
W08829,Arjun Shah,+91 90000 08829
W08830,Rohan Reddy,+91 90000 08830
W08831,Rahul Joshi,+91 90000 08831
W08832,Karan Bhat,+91 90000 08832
W08833,Vikram Iyer,+91 90000 08833
W08834,Siddharth Rao,+91 90000 08834
W08835,Ravi Kapoor,+91 90000 08835
W08836,Aman Nair,+91 90000 08836
W08837,Akash Das,+91 90000 08837
W08838,Varun Mishra,+91 90000 08838
W08839,Nikhil Mehta,+91 90000 08839
W08840,Sanjay Menon,+91 90000 08840
W08841,Priya Sharma,+91 90000 08841
W08842,Ananya Verma,+91 90000 08842
W08843,Isha Chopra,+91 90000 08843
W08844,Kavya Kumar,+91 90000 08844
W08845,Neha Gupta,+91 90000 08845
W08846,Pooja Malhotra,+91 90000 08846
W08847,Sneha Patel,+91 90000 08847
W08848,Meera Singh,+91 90000 08848
W08849,Riya Shah,+91 90000 08849
W08850,Aditi Reddy,+91 90000 08850
W08851,Aarav Joshi,+91 90000 08851
W08852,Vihaan Bhat,+91 90000 08852
W08853,Aditya Iyer,+91 90000 08853
W08854,Arjun Rao,+91 90000 08854
W08855,Rohan Kapoor,+91 90000 08855
W08856,Rahul Nair,+91 90000 08856
W08857,Karan Das,+91 90000 08857
W08858,Vikram Mishra,+91 90000 08858
W08859,Siddharth Mehta,+91 90000 08859
W08860,Ravi Menon,+91 90000 08860
W08861,Aman Sharma,+91 90000 08861
W08862,Akash Verma,+91 90000 08862
W08863,Varun Chopra,+91 90000 08863
W08864,Nikhil Kumar,+91 90000 08864
W08865,Sanjay Gupta,+91 90000 08865
W08866,Priya Malhotra,+91 90000 08866
W08867,Ananya Patel,+91 90000 08867
W08868,Isha Singh,+91 90000 08868
W08869,Kavya Shah,+91 90000 08869
W08870,Neha Reddy,+91 90000 08870
W08871,Pooja Joshi,+91 90000 08871
W08872,Sneha Bhat,+91 90000 08872
W08873,Meera Iyer,+91 90000 08873
W08874,Riya Rao,+91 90000 08874
W08875,Aditi Kapoor,+91 90000 08875
W08876,Aarav Nair,+91 90000 08876
W08877,Vihaan Das,+91 90000 08877
W08878,Aditya Mishra,+91 90000 08878
W08879,Arjun Mehta,+91 90000 08879
W08880,Rohan Menon,+91 90000 08880
W08881,Rahul Sharma,+91 90000 08881
W08882,Karan Verma,+91 90000 08882
W08883,Vikram Chopra,+91 90000 08883
W08884,Siddharth Kumar,+91 90000 08884
W08885,Ravi Gupta,+91 90000 08885
W08886,Aman Malhotra,+91 90000 08886
W08887,Akash Patel,+91 90000 08887
W08888,Varun Singh,+91 90000 08888
W08889,Nikhil Shah,+91 90000 08889
W08890,Sanjay Reddy,+91 90000 08890
W08891,Priya Joshi,+91 90000 08891
W08892,Ananya Bhat,+91 90000 08892
W08893,Isha Iyer,+91 90000 08893
W08894,Kavya Rao,+91 90000 08894
W08895,Neha Kapoor,+91 90000 08895
W08896,Pooja Nair,+91 90000 08896
W08897,Sneha Das,+91 90000 08897
W08898,Meera Mishra,+91 90000 08898
W08899,Riya Mehta,+91 90000 08899
W08900,Aditi Menon,+91 90000 08900
W08901,Aarav Sharma,+91 90000 08901
W08902,Vihaan Verma,+91 90000 08902
W08903,Aditya Chopra,+91 90000 08903
W08904,Arjun Kumar,+91 90000 08904
W08905,Rohan Gupta,+91 90000 08905
W08906,Rahul Malhotra,+91 90000 08906
W08907,Karan Patel,+91 90000 08907
W08908,Vikram Singh,+91 90000 08908
W08909,Siddharth Shah,+91 90000 08909
W08910,Ravi Reddy,+91 90000 08910
W08911,Aman Joshi,+91 90000 08911
W08912,Akash Bhat,+91 90000 08912
W08913,Varun Iyer,+91 90000 08913
W08914,Nikhil Rao,+91 90000 08914
W08915,Sanjay Kapoor,+91 90000 08915
W08916,Priya Nair,+91 90000 08916
W08917,Ananya Das,+91 90000 08917
W08918,Isha Mishra,+91 90000 08918
W08919,Kavya Mehta,+91 90000 08919
W08920,Neha Menon,+91 90000 08920
W08921,Pooja Sharma,+91 90000 08921
W08922,Sneha Verma,+91 90000 08922
W08923,Meera Chopra,+91 90000 08923
W08924,Riya Kumar,+91 90000 08924
W08925,Aditi Gupta,+91 90000 08925
W08926,Aarav Malhotra,+91 90000 08926
W08927,Vihaan Patel,+91 90000 08927
W08928,Aditya Singh,+91 90000 08928
W08929,Arjun Shah,+91 90000 08929
W08930,Rohan Reddy,+91 90000 08930
W08931,Rahul Joshi,+91 90000 08931
W08932,Karan Bhat,+91 90000 08932
W08933,Vikram Iyer,+91 90000 08933
W08934,Siddharth Rao,+91 90000 08934
W08935,Ravi Kapoor,+91 90000 08935
W08936,Aman Nair,+91 90000 08936
W08937,Akash Das,+91 90000 08937
W08938,Varun Mishra,+91 90000 08938
W08939,Nikhil Mehta,+91 90000 08939
W08940,Sanjay Menon,+91 90000 08940
W08941,Priya Sharma,+91 90000 08941
W08942,Ananya Verma,+91 90000 08942
W08943,Isha Chopra,+91 90000 08943
W08944,Kavya Kumar,+91 90000 08944
W08945,Neha Gupta,+91 90000 08945
W08946,Pooja Malhotra,+91 90000 08946
W08947,Sneha Patel,+91 90000 08947
W08948,Meera Singh,+91 90000 08948
W08949,Riya Shah,+91 90000 08949
W08950,Aditi Reddy,+91 90000 08950
W08951,Aarav Joshi,+91 90000 08951
W08952,Vihaan Bhat,+91 90000 08952
W08953,Aditya Iyer,+91 90000 08953
W08954,Arjun Rao,+91 90000 08954
W08955,Rohan Kapoor,+91 90000 08955
W08956,Rahul Nair,+91 90000 08956
W08957,Karan Das,+91 90000 08957
W08958,Vikram Mishra,+91 90000 08958
W08959,Siddharth Mehta,+91 90000 08959
W08960,Ravi Menon,+91 90000 08960
W08961,Aman Sharma,+91 90000 08961
W08962,Akash Verma,+91 90000 08962
W08963,Varun Chopra,+91 90000 08963
W08964,Nikhil Kumar,+91 90000 08964
W08965,Sanjay Gupta,+91 90000 08965
W08966,Priya Malhotra,+91 90000 08966
W08967,Ananya Patel,+91 90000 08967
W08968,Isha Singh,+91 90000 08968
W08969,Kavya Shah,+91 90000 08969
W08970,Neha Reddy,+91 90000 08970
W08971,Pooja Joshi,+91 90000 08971
W08972,Sneha Bhat,+91 90000 08972
W08973,Meera Iyer,+91 90000 08973
W08974,Riya Rao,+91 90000 08974
W08975,Aditi Kapoor,+91 90000 08975
W08976,Aarav Nair,+91 90000 08976
W08977,Vihaan Das,+91 90000 08977
W08978,Aditya Mishra,+91 90000 08978
W08979,Arjun Mehta,+91 90000 08979
W08980,Rohan Menon,+91 90000 08980
W08981,Rahul Sharma,+91 90000 08981
W08982,Karan Verma,+91 90000 08982
W08983,Vikram Chopra,+91 90000 08983
W08984,Siddharth Kumar,+91 90000 08984
W08985,Ravi Gupta,+91 90000 08985
W08986,Aman Malhotra,+91 90000 08986
W08987,Akash Patel,+91 90000 08987
W08988,Varun Singh,+91 90000 08988
W08989,Nikhil Shah,+91 90000 08989
W08990,Sanjay Reddy,+91 90000 08990
W08991,Priya Joshi,+91 90000 08991
W08992,Ananya Bhat,+91 90000 08992
W08993,Isha Iyer,+91 90000 08993
W08994,Kavya Rao,+91 90000 08994
W08995,Neha Kapoor,+91 90000 08995
W08996,Pooja Nair,+91 90000 08996
W08997,Sneha Das,+91 90000 08997
W08998,Meera Mishra,+91 90000 08998
W08999,Riya Mehta,+91 90000 08999
W09000,Aditi Menon,+91 90000 09000
W09001,Aarav Sharma,+91 90000 09001
W09002,Vihaan Verma,+91 90000 09002
W09003,Aditya Chopra,+91 90000 09003
W09004,Arjun Kumar,+91 90000 09004
W09005,Rohan Gupta,+91 90000 09005
W09006,Rahul Malhotra,+91 90000 09006
W09007,Karan Patel,+91 90000 09007
W09008,Vikram Singh,+91 90000 09008
W09009,Siddharth Shah,+91 90000 09009
W09010,Ravi Reddy,+91 90000 09010
W09011,Aman Joshi,+91 90000 09011
W09012,Akash Bhat,+91 90000 09012
W09013,Varun Iyer,+91 90000 09013
W09014,Nikhil Rao,+91 90000 09014
W09015,Sanjay Kapoor,+91 90000 09015
W09016,Priya Nair,+91 90000 09016
W09017,Ananya Das,+91 90000 09017
W09018,Isha Mishra,+91 90000 09018
W09019,Kavya Mehta,+91 90000 09019
W09020,Neha Menon,+91 90000 09020
W09021,Pooja Sharma,+91 90000 09021
W09022,Sneha Verma,+91 90000 09022
W09023,Meera Chopra,+91 90000 09023
W09024,Riya Kumar,+91 90000 09024
W09025,Aditi Gupta,+91 90000 09025
W09026,Aarav Malhotra,+91 90000 09026
W09027,Vihaan Patel,+91 90000 09027
W09028,Aditya Singh,+91 90000 09028
W09029,Arjun Shah,+91 90000 09029
W09030,Rohan Reddy,+91 90000 09030
W09031,Rahul Joshi,+91 90000 09031
W09032,Karan Bhat,+91 90000 09032
W09033,Vikram Iyer,+91 90000 09033
W09034,Siddharth Rao,+91 90000 09034
W09035,Ravi Kapoor,+91 90000 09035
W09036,Aman Nair,+91 90000 09036
W09037,Akash Das,+91 90000 09037
W09038,Varun Mishra,+91 90000 09038
W09039,Nikhil Mehta,+91 90000 09039
W09040,Sanjay Menon,+91 90000 09040
W09041,Priya Sharma,+91 90000 09041
W09042,Ananya Verma,+91 90000 09042
W09043,Isha Chopra,+91 90000 09043
W09044,Kavya Kumar,+91 90000 09044
W09045,Neha Gupta,+91 90000 09045
W09046,Pooja Malhotra,+91 90000 09046
W09047,Sneha Patel,+91 90000 09047
W09048,Meera Singh,+91 90000 09048
W09049,Riya Shah,+91 90000 09049
W09050,Aditi Reddy,+91 90000 09050
W09051,Aarav Joshi,+91 90000 09051
W09052,Vihaan Bhat,+91 90000 09052
W09053,Aditya Iyer,+91 90000 09053
W09054,Arjun Rao,+91 90000 09054
W09055,Rohan Kapoor,+91 90000 09055
W09056,Rahul Nair,+91 90000 09056
W09057,Karan Das,+91 90000 09057
W09058,Vikram Mishra,+91 90000 09058
W09059,Siddharth Mehta,+91 90000 09059
W09060,Ravi Menon,+91 90000 09060
W09061,Aman Sharma,+91 90000 09061
W09062,Akash Verma,+91 90000 09062
W09063,Varun Chopra,+91 90000 09063
W09064,Nikhil Kumar,+91 90000 09064
W09065,Sanjay Gupta,+91 90000 09065
W09066,Priya Malhotra,+91 90000 09066
W09067,Ananya Patel,+91 90000 09067
W09068,Isha Singh,+91 90000 09068
W09069,Kavya Shah,+91 90000 09069
W09070,Neha Reddy,+91 90000 09070
W09071,Pooja Joshi,+91 90000 09071
W09072,Sneha Bhat,+91 90000 09072
W09073,Meera Iyer,+91 90000 09073
W09074,Riya Rao,+91 90000 09074
W09075,Aditi Kapoor,+91 90000 09075
W09076,Aarav Nair,+91 90000 09076
W09077,Vihaan Das,+91 90000 09077
W09078,Aditya Mishra,+91 90000 09078
W09079,Arjun Mehta,+91 90000 09079
W09080,Rohan Menon,+91 90000 09080
W09081,Rahul Sharma,+91 90000 09081
W09082,Karan Verma,+91 90000 09082
W09083,Vikram Chopra,+91 90000 09083
W09084,Siddharth Kumar,+91 90000 09084
W09085,Ravi Gupta,+91 90000 09085
W09086,Aman Malhotra,+91 90000 09086
W09087,Akash Patel,+91 90000 09087
W09088,Varun Singh,+91 90000 09088
W09089,Nikhil Shah,+91 90000 09089
W09090,Sanjay Reddy,+91 90000 09090
W09091,Priya Joshi,+91 90000 09091
W09092,Ananya Bhat,+91 90000 09092
W09093,Isha Iyer,+91 90000 09093
W09094,Kavya Rao,+91 90000 09094
W09095,Neha Kapoor,+91 90000 09095
W09096,Pooja Nair,+91 90000 09096
W09097,Sneha Das,+91 90000 09097
W09098,Meera Mishra,+91 90000 09098
W09099,Riya Mehta,+91 90000 09099
W09100,Aditi Menon,+91 90000 09100
W09101,Aarav Sharma,+91 90000 09101
W09102,Vihaan Verma,+91 90000 09102
W09103,Aditya Chopra,+91 90000 09103
W09104,Arjun Kumar,+91 90000 09104
W09105,Rohan Gupta,+91 90000 09105
W09106,Rahul Malhotra,+91 90000 09106
W09107,Karan Patel,+91 90000 09107
W09108,Vikram Singh,+91 90000 09108
W09109,Siddharth Shah,+91 90000 09109
W09110,Ravi Reddy,+91 90000 09110
W09111,Aman Joshi,+91 90000 09111
W09112,Akash Bhat,+91 90000 09112
W09113,Varun Iyer,+91 90000 09113
W09114,Nikhil Rao,+91 90000 09114
W09115,Sanjay Kapoor,+91 90000 09115
W09116,Priya Nair,+91 90000 09116
W09117,Ananya Das,+91 90000 09117
W09118,Isha Mishra,+91 90000 09118
W09119,Kavya Mehta,+91 90000 09119
W09120,Neha Menon,+91 90000 09120
W09121,Pooja Sharma,+91 90000 09121
W09122,Sneha Verma,+91 90000 09122
W09123,Meera Chopra,+91 90000 09123
W09124,Riya Kumar,+91 90000 09124
W09125,Aditi Gupta,+91 90000 09125
W09126,Aarav Malhotra,+91 90000 09126
W09127,Vihaan Patel,+91 90000 09127
W09128,Aditya Singh,+91 90000 09128
W09129,Arjun Shah,+91 90000 09129
W09130,Rohan Reddy,+91 90000 09130
W09131,Rahul Joshi,+91 90000 09131
W09132,Karan Bhat,+91 90000 09132
W09133,Vikram Iyer,+91 90000 09133
W09134,Siddharth Rao,+91 90000 09134
W09135,Ravi Kapoor,+91 90000 09135
W09136,Aman Nair,+91 90000 09136
W09137,Akash Das,+91 90000 09137
W09138,Varun Mishra,+91 90000 09138
W09139,Nikhil Mehta,+91 90000 09139
W09140,Sanjay Menon,+91 90000 09140
W09141,Priya Sharma,+91 90000 09141
W09142,Ananya Verma,+91 90000 09142
W09143,Isha Chopra,+91 90000 09143
W09144,Kavya Kumar,+91 90000 09144
W09145,Neha Gupta,+91 90000 09145
W09146,Pooja Malhotra,+91 90000 09146
W09147,Sneha Patel,+91 90000 09147
W09148,Meera Singh,+91 90000 09148
W09149,Riya Shah,+91 90000 09149
W09150,Aditi Reddy,+91 90000 09150
W09151,Aarav Joshi,+91 90000 09151
W09152,Vihaan Bhat,+91 90000 09152
W09153,Aditya Iyer,+91 90000 09153
W09154,Arjun Rao,+91 90000 09154
W09155,Rohan Kapoor,+91 90000 09155
W09156,Rahul Nair,+91 90000 09156
W09157,Karan Das,+91 90000 09157
W09158,Vikram Mishra,+91 90000 09158
W09159,Siddharth Mehta,+91 90000 09159
W09160,Ravi Menon,+91 90000 09160
W09161,Aman Sharma,+91 90000 09161
W09162,Akash Verma,+91 90000 09162
W09163,Varun Chopra,+91 90000 09163
W09164,Nikhil Kumar,+91 90000 09164
W09165,Sanjay Gupta,+91 90000 09165
W09166,Priya Malhotra,+91 90000 09166
W09167,Ananya Patel,+91 90000 09167
W09168,Isha Singh,+91 90000 09168
W09169,Kavya Shah,+91 90000 09169
W09170,Neha Reddy,+91 90000 09170
W09171,Pooja Joshi,+91 90000 09171
W09172,Sneha Bhat,+91 90000 09172
W09173,Meera Iyer,+91 90000 09173
W09174,Riya Rao,+91 90000 09174
W09175,Aditi Kapoor,+91 90000 09175
W09176,Aarav Nair,+91 90000 09176
W09177,Vihaan Das,+91 90000 09177
W09178,Aditya Mishra,+91 90000 09178
W09179,Arjun Mehta,+91 90000 09179
W09180,Rohan Menon,+91 90000 09180
W09181,Rahul Sharma,+91 90000 09181
W09182,Karan Verma,+91 90000 09182
W09183,Vikram Chopra,+91 90000 09183
W09184,Siddharth Kumar,+91 90000 09184
W09185,Ravi Gupta,+91 90000 09185
W09186,Aman Malhotra,+91 90000 09186
W09187,Akash Patel,+91 90000 09187
W09188,Varun Singh,+91 90000 09188
W09189,Nikhil Shah,+91 90000 09189
W09190,Sanjay Reddy,+91 90000 09190
W09191,Priya Joshi,+91 90000 09191
W09192,Ananya Bhat,+91 90000 09192
W09193,Isha Iyer,+91 90000 09193
W09194,Kavya Rao,+91 90000 09194
W09195,Neha Kapoor,+91 90000 09195
W09196,Pooja Nair,+91 90000 09196
W09197,Sneha Das,+91 90000 09197
W09198,Meera Mishra,+91 90000 09198
W09199,Riya Mehta,+91 90000 09199
W09200,Aditi Menon,+91 90000 09200
W09201,Aarav Sharma,+91 90000 09201
W09202,Vihaan Verma,+91 90000 09202
W09203,Aditya Chopra,+91 90000 09203
W09204,Arjun Kumar,+91 90000 09204
W09205,Rohan Gupta,+91 90000 09205
W09206,Rahul Malhotra,+91 90000 09206
W09207,Karan Patel,+91 90000 09207
W09208,Vikram Singh,+91 90000 09208
W09209,Siddharth Shah,+91 90000 09209
W09210,Ravi Reddy,+91 90000 09210
W09211,Aman Joshi,+91 90000 09211
W09212,Akash Bhat,+91 90000 09212
W09213,Varun Iyer,+91 90000 09213
W09214,Nikhil Rao,+91 90000 09214
W09215,Sanjay Kapoor,+91 90000 09215
W09216,Priya Nair,+91 90000 09216
W09217,Ananya Das,+91 90000 09217
W09218,Isha Mishra,+91 90000 09218
W09219,Kavya Mehta,+91 90000 09219
W09220,Neha Menon,+91 90000 09220
W09221,Pooja Sharma,+91 90000 09221
W09222,Sneha Verma,+91 90000 09222
W09223,Meera Chopra,+91 90000 09223
W09224,Riya Kumar,+91 90000 09224
W09225,Aditi Gupta,+91 90000 09225
W09226,Aarav Malhotra,+91 90000 09226
W09227,Vihaan Patel,+91 90000 09227
W09228,Aditya Singh,+91 90000 09228
W09229,Arjun Shah,+91 90000 09229
W09230,Rohan Reddy,+91 90000 09230
W09231,Rahul Joshi,+91 90000 09231
W09232,Karan Bhat,+91 90000 09232
W09233,Vikram Iyer,+91 90000 09233
W09234,Siddharth Rao,+91 90000 09234
W09235,Ravi Kapoor,+91 90000 09235
W09236,Aman Nair,+91 90000 09236
W09237,Akash Das,+91 90000 09237
W09238,Varun Mishra,+91 90000 09238
W09239,Nikhil Mehta,+91 90000 09239
W09240,Sanjay Menon,+91 90000 09240
W09241,Priya Sharma,+91 90000 09241
W09242,Ananya Verma,+91 90000 09242
W09243,Isha Chopra,+91 90000 09243
W09244,Kavya Kumar,+91 90000 09244
W09245,Neha Gupta,+91 90000 09245
W09246,Pooja Malhotra,+91 90000 09246
W09247,Sneha Patel,+91 90000 09247
W09248,Meera Singh,+91 90000 09248
W09249,Riya Shah,+91 90000 09249
W09250,Aditi Reddy,+91 90000 09250
W09251,Aarav Joshi,+91 90000 09251
W09252,Vihaan Bhat,+91 90000 09252
W09253,Aditya Iyer,+91 90000 09253
W09254,Arjun Rao,+91 90000 09254
W09255,Rohan Kapoor,+91 90000 09255
W09256,Rahul Nair,+91 90000 09256
W09257,Karan Das,+91 90000 09257
W09258,Vikram Mishra,+91 90000 09258
W09259,Siddharth Mehta,+91 90000 09259
W09260,Ravi Menon,+91 90000 09260
W09261,Aman Sharma,+91 90000 09261
W09262,Akash Verma,+91 90000 09262
W09263,Varun Chopra,+91 90000 09263
W09264,Nikhil Kumar,+91 90000 09264
W09265,Sanjay Gupta,+91 90000 09265
W09266,Priya Malhotra,+91 90000 09266
W09267,Ananya Patel,+91 90000 09267
W09268,Isha Singh,+91 90000 09268
W09269,Kavya Shah,+91 90000 09269
W09270,Neha Reddy,+91 90000 09270
W09271,Pooja Joshi,+91 90000 09271
W09272,Sneha Bhat,+91 90000 09272
W09273,Meera Iyer,+91 90000 09273
W09274,Riya Rao,+91 90000 09274
W09275,Aditi Kapoor,+91 90000 09275
W09276,Aarav Nair,+91 90000 09276
W09277,Vihaan Das,+91 90000 09277
W09278,Aditya Mishra,+91 90000 09278
W09279,Arjun Mehta,+91 90000 09279
W09280,Rohan Menon,+91 90000 09280
W09281,Rahul Sharma,+91 90000 09281
W09282,Karan Verma,+91 90000 09282
W09283,Vikram Chopra,+91 90000 09283
W09284,Siddharth Kumar,+91 90000 09284
W09285,Ravi Gupta,+91 90000 09285
W09286,Aman Malhotra,+91 90000 09286
W09287,Akash Patel,+91 90000 09287
W09288,Varun Singh,+91 90000 09288
W09289,Nikhil Shah,+91 90000 09289
W09290,Sanjay Reddy,+91 90000 09290
W09291,Priya Joshi,+91 90000 09291
W09292,Ananya Bhat,+91 90000 09292
W09293,Isha Iyer,+91 90000 09293
W09294,Kavya Rao,+91 90000 09294
W09295,Neha Kapoor,+91 90000 09295
W09296,Pooja Nair,+91 90000 09296
W09297,Sneha Das,+91 90000 09297
W09298,Meera Mishra,+91 90000 09298
W09299,Riya Mehta,+91 90000 09299
W09300,Aditi Menon,+91 90000 09300
W09301,Aarav Sharma,+91 90000 09301
W09302,Vihaan Verma,+91 90000 09302
W09303,Aditya Chopra,+91 90000 09303
W09304,Arjun Kumar,+91 90000 09304
W09305,Rohan Gupta,+91 90000 09305
W09306,Rahul Malhotra,+91 90000 09306
W09307,Karan Patel,+91 90000 09307
W09308,Vikram Singh,+91 90000 09308
W09309,Siddharth Shah,+91 90000 09309
W09310,Ravi Reddy,+91 90000 09310
W09311,Aman Joshi,+91 90000 09311
W09312,Akash Bhat,+91 90000 09312
W09313,Varun Iyer,+91 90000 09313
W09314,Nikhil Rao,+91 90000 09314
W09315,Sanjay Kapoor,+91 90000 09315
W09316,Priya Nair,+91 90000 09316
W09317,Ananya Das,+91 90000 09317
W09318,Isha Mishra,+91 90000 09318
W09319,Kavya Mehta,+91 90000 09319
W09320,Neha Menon,+91 90000 09320
W09321,Pooja Sharma,+91 90000 09321
W09322,Sneha Verma,+91 90000 09322
W09323,Meera Chopra,+91 90000 09323
W09324,Riya Kumar,+91 90000 09324
W09325,Aditi Gupta,+91 90000 09325
W09326,Aarav Malhotra,+91 90000 09326
W09327,Vihaan Patel,+91 90000 09327
W09328,Aditya Singh,+91 90000 09328
W09329,Arjun Shah,+91 90000 09329
W09330,Rohan Reddy,+91 90000 09330
W09331,Rahul Joshi,+91 90000 09331
W09332,Karan Bhat,+91 90000 09332
W09333,Vikram Iyer,+91 90000 09333
W09334,Siddharth Rao,+91 90000 09334
W09335,Ravi Kapoor,+91 90000 09335
W09336,Aman Nair,+91 90000 09336
W09337,Akash Das,+91 90000 09337
W09338,Varun Mishra,+91 90000 09338
W09339,Nikhil Mehta,+91 90000 09339
W09340,Sanjay Menon,+91 90000 09340
W09341,Priya Sharma,+91 90000 09341
W09342,Ananya Verma,+91 90000 09342
W09343,Isha Chopra,+91 90000 09343
W09344,Kavya Kumar,+91 90000 09344
W09345,Neha Gupta,+91 90000 09345
W09346,Pooja Malhotra,+91 90000 09346
W09347,Sneha Patel,+91 90000 09347
W09348,Meera Singh,+91 90000 09348
W09349,Riya Shah,+91 90000 09349
W09350,Aditi Reddy,+91 90000 09350
W09351,Aarav Joshi,+91 90000 09351
W09352,Vihaan Bhat,+91 90000 09352
W09353,Aditya Iyer,+91 90000 09353
W09354,Arjun Rao,+91 90000 09354
W09355,Rohan Kapoor,+91 90000 09355
W09356,Rahul Nair,+91 90000 09356
W09357,Karan Das,+91 90000 09357
W09358,Vikram Mishra,+91 90000 09358
W09359,Siddharth Mehta,+91 90000 09359
W09360,Ravi Menon,+91 90000 09360
W09361,Aman Sharma,+91 90000 09361
W09362,Akash Verma,+91 90000 09362
W09363,Varun Chopra,+91 90000 09363
W09364,Nikhil Kumar,+91 90000 09364
W09365,Sanjay Gupta,+91 90000 09365
W09366,Priya Malhotra,+91 90000 09366
W09367,Ananya Patel,+91 90000 09367
W09368,Isha Singh,+91 90000 09368
W09369,Kavya Shah,+91 90000 09369
W09370,Neha Reddy,+91 90000 09370
W09371,Pooja Joshi,+91 90000 09371
W09372,Sneha Bhat,+91 90000 09372
W09373,Meera Iyer,+91 90000 09373
W09374,Riya Rao,+91 90000 09374
W09375,Aditi Kapoor,+91 90000 09375
W09376,Aarav Nair,+91 90000 09376
W09377,Vihaan Das,+91 90000 09377
W09378,Aditya Mishra,+91 90000 09378
W09379,Arjun Mehta,+91 90000 09379
W09380,Rohan Menon,+91 90000 09380
W09381,Rahul Sharma,+91 90000 09381
W09382,Karan Verma,+91 90000 09382
W09383,Vikram Chopra,+91 90000 09383
W09384,Siddharth Kumar,+91 90000 09384
W09385,Ravi Gupta,+91 90000 09385
W09386,Aman Malhotra,+91 90000 09386
W09387,Akash Patel,+91 90000 09387
W09388,Varun Singh,+91 90000 09388
W09389,Nikhil Shah,+91 90000 09389
W09390,Sanjay Reddy,+91 90000 09390
W09391,Priya Joshi,+91 90000 09391
W09392,Ananya Bhat,+91 90000 09392
W09393,Isha Iyer,+91 90000 09393
W09394,Kavya Rao,+91 90000 09394
W09395,Neha Kapoor,+91 90000 09395
W09396,Pooja Nair,+91 90000 09396
W09397,Sneha Das,+91 90000 09397
W09398,Meera Mishra,+91 90000 09398
W09399,Riya Mehta,+91 90000 09399
W09400,Aditi Menon,+91 90000 09400
W09401,Aarav Sharma,+91 90000 09401
W09402,Vihaan Verma,+91 90000 09402
W09403,Aditya Chopra,+91 90000 09403
W09404,Arjun Kumar,+91 90000 09404
W09405,Rohan Gupta,+91 90000 09405
W09406,Rahul Malhotra,+91 90000 09406
W09407,Karan Patel,+91 90000 09407
W09408,Vikram Singh,+91 90000 09408
W09409,Siddharth Shah,+91 90000 09409
W09410,Ravi Reddy,+91 90000 09410
W09411,Aman Joshi,+91 90000 09411
W09412,Akash Bhat,+91 90000 09412
W09413,Varun Iyer,+91 90000 09413
W09414,Nikhil Rao,+91 90000 09414
W09415,Sanjay Kapoor,+91 90000 09415
W09416,Priya Nair,+91 90000 09416
W09417,Ananya Das,+91 90000 09417
W09418,Isha Mishra,+91 90000 09418
W09419,Kavya Mehta,+91 90000 09419
W09420,Neha Menon,+91 90000 09420
W09421,Pooja Sharma,+91 90000 09421
W09422,Sneha Verma,+91 90000 09422
W09423,Meera Chopra,+91 90000 09423
W09424,Riya Kumar,+91 90000 09424
W09425,Aditi Gupta,+91 90000 09425
W09426,Aarav Malhotra,+91 90000 09426
W09427,Vihaan Patel,+91 90000 09427
W09428,Aditya Singh,+91 90000 09428
W09429,Arjun Shah,+91 90000 09429
W09430,Rohan Reddy,+91 90000 09430
W09431,Rahul Joshi,+91 90000 09431
W09432,Karan Bhat,+91 90000 09432
W09433,Vikram Iyer,+91 90000 09433
W09434,Siddharth Rao,+91 90000 09434
W09435,Ravi Kapoor,+91 90000 09435
W09436,Aman Nair,+91 90000 09436
W09437,Akash Das,+91 90000 09437
W09438,Varun Mishra,+91 90000 09438
W09439,Nikhil Mehta,+91 90000 09439
W09440,Sanjay Menon,+91 90000 09440
W09441,Priya Sharma,+91 90000 09441
W09442,Ananya Verma,+91 90000 09442
W09443,Isha Chopra,+91 90000 09443
W09444,Kavya Kumar,+91 90000 09444
W09445,Neha Gupta,+91 90000 09445
W09446,Pooja Malhotra,+91 90000 09446
W09447,Sneha Patel,+91 90000 09447
W09448,Meera Singh,+91 90000 09448
W09449,Riya Shah,+91 90000 09449
W09450,Aditi Reddy,+91 90000 09450
W09451,Aarav Joshi,+91 90000 09451
W09452,Vihaan Bhat,+91 90000 09452
W09453,Aditya Iyer,+91 90000 09453
W09454,Arjun Rao,+91 90000 09454
W09455,Rohan Kapoor,+91 90000 09455
W09456,Rahul Nair,+91 90000 09456
W09457,Karan Das,+91 90000 09457
W09458,Vikram Mishra,+91 90000 09458
W09459,Siddharth Mehta,+91 90000 09459
W09460,Ravi Menon,+91 90000 09460
W09461,Aman Sharma,+91 90000 09461
W09462,Akash Verma,+91 90000 09462
W09463,Varun Chopra,+91 90000 09463
W09464,Nikhil Kumar,+91 90000 09464
W09465,Sanjay Gupta,+91 90000 09465
W09466,Priya Malhotra,+91 90000 09466
W09467,Ananya Patel,+91 90000 09467
W09468,Isha Singh,+91 90000 09468
W09469,Kavya Shah,+91 90000 09469
W09470,Neha Reddy,+91 90000 09470
W09471,Pooja Joshi,+91 90000 09471
W09472,Sneha Bhat,+91 90000 09472
W09473,Meera Iyer,+91 90000 09473
W09474,Riya Rao,+91 90000 09474
W09475,Aditi Kapoor,+91 90000 09475
W09476,Aarav Nair,+91 90000 09476
W09477,Vihaan Das,+91 90000 09477
W09478,Aditya Mishra,+91 90000 09478
W09479,Arjun Mehta,+91 90000 09479
W09480,Rohan Menon,+91 90000 09480
W09481,Rahul Sharma,+91 90000 09481
W09482,Karan Verma,+91 90000 09482
W09483,Vikram Chopra,+91 90000 09483
W09484,Siddharth Kumar,+91 90000 09484
W09485,Ravi Gupta,+91 90000 09485
W09486,Aman Malhotra,+91 90000 09486
W09487,Akash Patel,+91 90000 09487
W09488,Varun Singh,+91 90000 09488
W09489,Nikhil Shah,+91 90000 09489
W09490,Sanjay Reddy,+91 90000 09490
W09491,Priya Joshi,+91 90000 09491
W09492,Ananya Bhat,+91 90000 09492
W09493,Isha Iyer,+91 90000 09493
W09494,Kavya Rao,+91 90000 09494
W09495,Neha Kapoor,+91 90000 09495
W09496,Pooja Nair,+91 90000 09496
W09497,Sneha Das,+91 90000 09497
W09498,Meera Mishra,+91 90000 09498
W09499,Riya Mehta,+91 90000 09499
W09500,Aditi Menon,+91 90000 09500
W09501,Aarav Sharma,+91 90000 09501
W09502,Vihaan Verma,+91 90000 09502
W09503,Aditya Chopra,+91 90000 09503
W09504,Arjun Kumar,+91 90000 09504
W09505,Rohan Gupta,+91 90000 09505
W09506,Rahul Malhotra,+91 90000 09506
W09507,Karan Patel,+91 90000 09507
W09508,Vikram Singh,+91 90000 09508
W09509,Siddharth Shah,+91 90000 09509
W09510,Ravi Reddy,+91 90000 09510
W09511,Aman Joshi,+91 90000 09511
W09512,Akash Bhat,+91 90000 09512
W09513,Varun Iyer,+91 90000 09513
W09514,Nikhil Rao,+91 90000 09514
W09515,Sanjay Kapoor,+91 90000 09515
W09516,Priya Nair,+91 90000 09516
W09517,Ananya Das,+91 90000 09517
W09518,Isha Mishra,+91 90000 09518
W09519,Kavya Mehta,+91 90000 09519
W09520,Neha Menon,+91 90000 09520
W09521,Pooja Sharma,+91 90000 09521
W09522,Sneha Verma,+91 90000 09522
W09523,Meera Chopra,+91 90000 09523
W09524,Riya Kumar,+91 90000 09524
W09525,Aditi Gupta,+91 90000 09525
W09526,Aarav Malhotra,+91 90000 09526
W09527,Vihaan Patel,+91 90000 09527
W09528,Aditya Singh,+91 90000 09528
W09529,Arjun Shah,+91 90000 09529
W09530,Rohan Reddy,+91 90000 09530
W09531,Rahul Joshi,+91 90000 09531
W09532,Karan Bhat,+91 90000 09532
W09533,Vikram Iyer,+91 90000 09533
W09534,Siddharth Rao,+91 90000 09534
W09535,Ravi Kapoor,+91 90000 09535
W09536,Aman Nair,+91 90000 09536
W09537,Akash Das,+91 90000 09537
W09538,Varun Mishra,+91 90000 09538
W09539,Nikhil Mehta,+91 90000 09539
W09540,Sanjay Menon,+91 90000 09540
W09541,Priya Sharma,+91 90000 09541
W09542,Ananya Verma,+91 90000 09542
W09543,Isha Chopra,+91 90000 09543
W09544,Kavya Kumar,+91 90000 09544
W09545,Neha Gupta,+91 90000 09545
W09546,Pooja Malhotra,+91 90000 09546
W09547,Sneha Patel,+91 90000 09547
W09548,Meera Singh,+91 90000 09548
W09549,Riya Shah,+91 90000 09549
W09550,Aditi Reddy,+91 90000 09550
W09551,Aarav Joshi,+91 90000 09551
W09552,Vihaan Bhat,+91 90000 09552
W09553,Aditya Iyer,+91 90000 09553
W09554,Arjun Rao,+91 90000 09554
W09555,Rohan Kapoor,+91 90000 09555
W09556,Rahul Nair,+91 90000 09556
W09557,Karan Das,+91 90000 09557
W09558,Vikram Mishra,+91 90000 09558
W09559,Siddharth Mehta,+91 90000 09559
W09560,Ravi Menon,+91 90000 09560
W09561,Aman Sharma,+91 90000 09561
W09562,Akash Verma,+91 90000 09562
W09563,Varun Chopra,+91 90000 09563
W09564,Nikhil Kumar,+91 90000 09564
W09565,Sanjay Gupta,+91 90000 09565
W09566,Priya Malhotra,+91 90000 09566
W09567,Ananya Patel,+91 90000 09567
W09568,Isha Singh,+91 90000 09568
W09569,Kavya Shah,+91 90000 09569
W09570,Neha Reddy,+91 90000 09570
W09571,Pooja Joshi,+91 90000 09571
W09572,Sneha Bhat,+91 90000 09572
W09573,Meera Iyer,+91 90000 09573
W09574,Riya Rao,+91 90000 09574
W09575,Aditi Kapoor,+91 90000 09575
W09576,Aarav Nair,+91 90000 09576
W09577,Vihaan Das,+91 90000 09577
W09578,Aditya Mishra,+91 90000 09578
W09579,Arjun Mehta,+91 90000 09579
W09580,Rohan Menon,+91 90000 09580
W09581,Rahul Sharma,+91 90000 09581
W09582,Karan Verma,+91 90000 09582
W09583,Vikram Chopra,+91 90000 09583
W09584,Siddharth Kumar,+91 90000 09584
W09585,Ravi Gupta,+91 90000 09585
W09586,Aman Malhotra,+91 90000 09586
W09587,Akash Patel,+91 90000 09587
W09588,Varun Singh,+91 90000 09588
W09589,Nikhil Shah,+91 90000 09589
W09590,Sanjay Reddy,+91 90000 09590
W09591,Priya Joshi,+91 90000 09591
W09592,Ananya Bhat,+91 90000 09592
W09593,Isha Iyer,+91 90000 09593
W09594,Kavya Rao,+91 90000 09594
W09595,Neha Kapoor,+91 90000 09595
W09596,Pooja Nair,+91 90000 09596
W09597,Sneha Das,+91 90000 09597
W09598,Meera Mishra,+91 90000 09598
W09599,Riya Mehta,+91 90000 09599
W09600,Aditi Menon,+91 90000 09600
W09601,Aarav Sharma,+91 90000 09601
W09602,Vihaan Verma,+91 90000 09602
W09603,Aditya Chopra,+91 90000 09603
W09604,Arjun Kumar,+91 90000 09604
W09605,Rohan Gupta,+91 90000 09605
W09606,Rahul Malhotra,+91 90000 09606
W09607,Karan Patel,+91 90000 09607
W09608,Vikram Singh,+91 90000 09608
W09609,Siddharth Shah,+91 90000 09609
W09610,Ravi Reddy,+91 90000 09610
W09611,Aman Joshi,+91 90000 09611
W09612,Akash Bhat,+91 90000 09612
W09613,Varun Iyer,+91 90000 09613
W09614,Nikhil Rao,+91 90000 09614
W09615,Sanjay Kapoor,+91 90000 09615
W09616,Priya Nair,+91 90000 09616
W09617,Ananya Das,+91 90000 09617
W09618,Isha Mishra,+91 90000 09618
W09619,Kavya Mehta,+91 90000 09619
W09620,Neha Menon,+91 90000 09620
W09621,Pooja Sharma,+91 90000 09621
W09622,Sneha Verma,+91 90000 09622
W09623,Meera Chopra,+91 90000 09623
W09624,Riya Kumar,+91 90000 09624
W09625,Aditi Gupta,+91 90000 09625
W09626,Aarav Malhotra,+91 90000 09626
W09627,Vihaan Patel,+91 90000 09627
W09628,Aditya Singh,+91 90000 09628
W09629,Arjun Shah,+91 90000 09629
W09630,Rohan Reddy,+91 90000 09630
W09631,Rahul Joshi,+91 90000 09631
W09632,Karan Bhat,+91 90000 09632
W09633,Vikram Iyer,+91 90000 09633
W09634,Siddharth Rao,+91 90000 09634
W09635,Ravi Kapoor,+91 90000 09635
W09636,Aman Nair,+91 90000 09636
W09637,Akash Das,+91 90000 09637
W09638,Varun Mishra,+91 90000 09638
W09639,Nikhil Mehta,+91 90000 09639
W09640,Sanjay Menon,+91 90000 09640
W09641,Priya Sharma,+91 90000 09641
W09642,Ananya Verma,+91 90000 09642
W09643,Isha Chopra,+91 90000 09643
W09644,Kavya Kumar,+91 90000 09644
W09645,Neha Gupta,+91 90000 09645
W09646,Pooja Malhotra,+91 90000 09646
W09647,Sneha Patel,+91 90000 09647
W09648,Meera Singh,+91 90000 09648
W09649,Riya Shah,+91 90000 09649
W09650,Aditi Reddy,+91 90000 09650
W09651,Aarav Joshi,+91 90000 09651
W09652,Vihaan Bhat,+91 90000 09652
W09653,Aditya Iyer,+91 90000 09653
W09654,Arjun Rao,+91 90000 09654
W09655,Rohan Kapoor,+91 90000 09655
W09656,Rahul Nair,+91 90000 09656
W09657,Karan Das,+91 90000 09657
W09658,Vikram Mishra,+91 90000 09658
W09659,Siddharth Mehta,+91 90000 09659
W09660,Ravi Menon,+91 90000 09660
W09661,Aman Sharma,+91 90000 09661
W09662,Akash Verma,+91 90000 09662
W09663,Varun Chopra,+91 90000 09663
W09664,Nikhil Kumar,+91 90000 09664
W09665,Sanjay Gupta,+91 90000 09665
W09666,Priya Malhotra,+91 90000 09666
W09667,Ananya Patel,+91 90000 09667
W09668,Isha Singh,+91 90000 09668
W09669,Kavya Shah,+91 90000 09669
W09670,Neha Reddy,+91 90000 09670
W09671,Pooja Joshi,+91 90000 09671
W09672,Sneha Bhat,+91 90000 09672
W09673,Meera Iyer,+91 90000 09673
W09674,Riya Rao,+91 90000 09674
W09675,Aditi Kapoor,+91 90000 09675
W09676,Aarav Nair,+91 90000 09676
W09677,Vihaan Das,+91 90000 09677
W09678,Aditya Mishra,+91 90000 09678
W09679,Arjun Mehta,+91 90000 09679
W09680,Rohan Menon,+91 90000 09680
W09681,Rahul Sharma,+91 90000 09681
W09682,Karan Verma,+91 90000 09682
W09683,Vikram Chopra,+91 90000 09683
W09684,Siddharth Kumar,+91 90000 09684
W09685,Ravi Gupta,+91 90000 09685
W09686,Aman Malhotra,+91 90000 09686
W09687,Akash Patel,+91 90000 09687
W09688,Varun Singh,+91 90000 09688
W09689,Nikhil Shah,+91 90000 09689
W09690,Sanjay Reddy,+91 90000 09690
W09691,Priya Joshi,+91 90000 09691
W09692,Ananya Bhat,+91 90000 09692
W09693,Isha Iyer,+91 90000 09693
W09694,Kavya Rao,+91 90000 09694
W09695,Neha Kapoor,+91 90000 09695
W09696,Pooja Nair,+91 90000 09696
W09697,Sneha Das,+91 90000 09697
W09698,Meera Mishra,+91 90000 09698
W09699,Riya Mehta,+91 90000 09699
W09700,Aditi Menon,+91 90000 09700
W09701,Aarav Sharma,+91 90000 09701
W09702,Vihaan Verma,+91 90000 09702
W09703,Aditya Chopra,+91 90000 09703
W09704,Arjun Kumar,+91 90000 09704
W09705,Rohan Gupta,+91 90000 09705
W09706,Rahul Malhotra,+91 90000 09706
W09707,Karan Patel,+91 90000 09707
W09708,Vikram Singh,+91 90000 09708
W09709,Siddharth Shah,+91 90000 09709
W09710,Ravi Reddy,+91 90000 09710
W09711,Aman Joshi,+91 90000 09711
W09712,Akash Bhat,+91 90000 09712
W09713,Varun Iyer,+91 90000 09713
W09714,Nikhil Rao,+91 90000 09714
W09715,Sanjay Kapoor,+91 90000 09715
W09716,Priya Nair,+91 90000 09716
W09717,Ananya Das,+91 90000 09717
W09718,Isha Mishra,+91 90000 09718
W09719,Kavya Mehta,+91 90000 09719
W09720,Neha Menon,+91 90000 09720
W09721,Pooja Sharma,+91 90000 09721
W09722,Sneha Verma,+91 90000 09722
W09723,Meera Chopra,+91 90000 09723
W09724,Riya Kumar,+91 90000 09724
W09725,Aditi Gupta,+91 90000 09725
W09726,Aarav Malhotra,+91 90000 09726
W09727,Vihaan Patel,+91 90000 09727
W09728,Aditya Singh,+91 90000 09728
W09729,Arjun Shah,+91 90000 09729
W09730,Rohan Reddy,+91 90000 09730
W09731,Rahul Joshi,+91 90000 09731
W09732,Karan Bhat,+91 90000 09732
W09733,Vikram Iyer,+91 90000 09733
W09734,Siddharth Rao,+91 90000 09734
W09735,Ravi Kapoor,+91 90000 09735
W09736,Aman Nair,+91 90000 09736
W09737,Akash Das,+91 90000 09737
W09738,Varun Mishra,+91 90000 09738
W09739,Nikhil Mehta,+91 90000 09739
W09740,Sanjay Menon,+91 90000 09740
W09741,Priya Sharma,+91 90000 09741
W09742,Ananya Verma,+91 90000 09742
W09743,Isha Chopra,+91 90000 09743
W09744,Kavya Kumar,+91 90000 09744
W09745,Neha Gupta,+91 90000 09745
W09746,Pooja Malhotra,+91 90000 09746
W09747,Sneha Patel,+91 90000 09747
W09748,Meera Singh,+91 90000 09748
W09749,Riya Shah,+91 90000 09749
W09750,Aditi Reddy,+91 90000 09750
W09751,Aarav Joshi,+91 90000 09751
W09752,Vihaan Bhat,+91 90000 09752
W09753,Aditya Iyer,+91 90000 09753
W09754,Arjun Rao,+91 90000 09754
W09755,Rohan Kapoor,+91 90000 09755
W09756,Rahul Nair,+91 90000 09756
W09757,Karan Das,+91 90000 09757
W09758,Vikram Mishra,+91 90000 09758
W09759,Siddharth Mehta,+91 90000 09759
W09760,Ravi Menon,+91 90000 09760
W09761,Aman Sharma,+91 90000 09761
W09762,Akash Verma,+91 90000 09762
W09763,Varun Chopra,+91 90000 09763
W09764,Nikhil Kumar,+91 90000 09764
W09765,Sanjay Gupta,+91 90000 09765
W09766,Priya Malhotra,+91 90000 09766
W09767,Ananya Patel,+91 90000 09767
W09768,Isha Singh,+91 90000 09768
W09769,Kavya Shah,+91 90000 09769
W09770,Neha Reddy,+91 90000 09770
W09771,Pooja Joshi,+91 90000 09771
W09772,Sneha Bhat,+91 90000 09772
W09773,Meera Iyer,+91 90000 09773
W09774,Riya Rao,+91 90000 09774
W09775,Aditi Kapoor,+91 90000 09775
W09776,Aarav Nair,+91 90000 09776
W09777,Vihaan Das,+91 90000 09777
W09778,Aditya Mishra,+91 90000 09778
W09779,Arjun Mehta,+91 90000 09779
W09780,Rohan Menon,+91 90000 09780
W09781,Rahul Sharma,+91 90000 09781
W09782,Karan Verma,+91 90000 09782
W09783,Vikram Chopra,+91 90000 09783
W09784,Siddharth Kumar,+91 90000 09784
W09785,Ravi Gupta,+91 90000 09785
W09786,Aman Malhotra,+91 90000 09786
W09787,Akash Patel,+91 90000 09787
W09788,Varun Singh,+91 90000 09788
W09789,Nikhil Shah,+91 90000 09789
W09790,Sanjay Reddy,+91 90000 09790
W09791,Priya Joshi,+91 90000 09791
W09792,Ananya Bhat,+91 90000 09792
W09793,Isha Iyer,+91 90000 09793
W09794,Kavya Rao,+91 90000 09794
W09795,Neha Kapoor,+91 90000 09795
W09796,Pooja Nair,+91 90000 09796
W09797,Sneha Das,+91 90000 09797
W09798,Meera Mishra,+91 90000 09798
W09799,Riya Mehta,+91 90000 09799
W09800,Aditi Menon,+91 90000 09800
W09801,Aarav Sharma,+91 90000 09801
W09802,Vihaan Verma,+91 90000 09802
W09803,Aditya Chopra,+91 90000 09803
W09804,Arjun Kumar,+91 90000 09804
W09805,Rohan Gupta,+91 90000 09805
W09806,Rahul Malhotra,+91 90000 09806
W09807,Karan Patel,+91 90000 09807
W09808,Vikram Singh,+91 90000 09808
W09809,Siddharth Shah,+91 90000 09809
W09810,Ravi Reddy,+91 90000 09810
W09811,Aman Joshi,+91 90000 09811
W09812,Akash Bhat,+91 90000 09812
W09813,Varun Iyer,+91 90000 09813
W09814,Nikhil Rao,+91 90000 09814
W09815,Sanjay Kapoor,+91 90000 09815
W09816,Priya Nair,+91 90000 09816
W09817,Ananya Das,+91 90000 09817
W09818,Isha Mishra,+91 90000 09818
W09819,Kavya Mehta,+91 90000 09819
W09820,Neha Menon,+91 90000 09820
W09821,Pooja Sharma,+91 90000 09821
W09822,Sneha Verma,+91 90000 09822
W09823,Meera Chopra,+91 90000 09823
W09824,Riya Kumar,+91 90000 09824
W09825,Aditi Gupta,+91 90000 09825
W09826,Aarav Malhotra,+91 90000 09826
W09827,Vihaan Patel,+91 90000 09827
W09828,Aditya Singh,+91 90000 09828
W09829,Arjun Shah,+91 90000 09829
W09830,Rohan Reddy,+91 90000 09830
W09831,Rahul Joshi,+91 90000 09831
W09832,Karan Bhat,+91 90000 09832
W09833,Vikram Iyer,+91 90000 09833
W09834,Siddharth Rao,+91 90000 09834
W09835,Ravi Kapoor,+91 90000 09835
W09836,Aman Nair,+91 90000 09836
W09837,Akash Das,+91 90000 09837
W09838,Varun Mishra,+91 90000 09838
W09839,Nikhil Mehta,+91 90000 09839
W09840,Sanjay Menon,+91 90000 09840
W09841,Priya Sharma,+91 90000 09841
W09842,Ananya Verma,+91 90000 09842
W09843,Isha Chopra,+91 90000 09843
W09844,Kavya Kumar,+91 90000 09844
W09845,Neha Gupta,+91 90000 09845
W09846,Pooja Malhotra,+91 90000 09846
W09847,Sneha Patel,+91 90000 09847
W09848,Meera Singh,+91 90000 09848
W09849,Riya Shah,+91 90000 09849
W09850,Aditi Reddy,+91 90000 09850
W09851,Aarav Joshi,+91 90000 09851
W09852,Vihaan Bhat,+91 90000 09852
W09853,Aditya Iyer,+91 90000 09853
W09854,Arjun Rao,+91 90000 09854
W09855,Rohan Kapoor,+91 90000 09855
W09856,Rahul Nair,+91 90000 09856
W09857,Karan Das,+91 90000 09857
W09858,Vikram Mishra,+91 90000 09858
W09859,Siddharth Mehta,+91 90000 09859
W09860,Ravi Menon,+91 90000 09860
W09861,Aman Sharma,+91 90000 09861
W09862,Akash Verma,+91 90000 09862
W09863,Varun Chopra,+91 90000 09863
W09864,Nikhil Kumar,+91 90000 09864
W09865,Sanjay Gupta,+91 90000 09865
W09866,Priya Malhotra,+91 90000 09866
W09867,Ananya Patel,+91 90000 09867
W09868,Isha Singh,+91 90000 09868
W09869,Kavya Shah,+91 90000 09869
W09870,Neha Reddy,+91 90000 09870
W09871,Pooja Joshi,+91 90000 09871
W09872,Sneha Bhat,+91 90000 09872
W09873,Meera Iyer,+91 90000 09873
W09874,Riya Rao,+91 90000 09874
W09875,Aditi Kapoor,+91 90000 09875
W09876,Aarav Nair,+91 90000 09876
W09877,Vihaan Das,+91 90000 09877
W09878,Aditya Mishra,+91 90000 09878
W09879,Arjun Mehta,+91 90000 09879
W09880,Rohan Menon,+91 90000 09880
W09881,Rahul Sharma,+91 90000 09881
W09882,Karan Verma,+91 90000 09882
W09883,Vikram Chopra,+91 90000 09883
W09884,Siddharth Kumar,+91 90000 09884
W09885,Ravi Gupta,+91 90000 09885
W09886,Aman Malhotra,+91 90000 09886
W09887,Akash Patel,+91 90000 09887
W09888,Varun Singh,+91 90000 09888
W09889,Nikhil Shah,+91 90000 09889
W09890,Sanjay Reddy,+91 90000 09890
W09891,Priya Joshi,+91 90000 09891
W09892,Ananya Bhat,+91 90000 09892
W09893,Isha Iyer,+91 90000 09893
W09894,Kavya Rao,+91 90000 09894
W09895,Neha Kapoor,+91 90000 09895
W09896,Pooja Nair,+91 90000 09896
W09897,Sneha Das,+91 90000 09897
W09898,Meera Mishra,+91 90000 09898
W09899,Riya Mehta,+91 90000 09899
W09900,Aditi Menon,+91 90000 09900
W09901,Aarav Sharma,+91 90000 09901
W09902,Vihaan Verma,+91 90000 09902
W09903,Aditya Chopra,+91 90000 09903
W09904,Arjun Kumar,+91 90000 09904
W09905,Rohan Gupta,+91 90000 09905
W09906,Rahul Malhotra,+91 90000 09906
W09907,Karan Patel,+91 90000 09907
W09908,Vikram Singh,+91 90000 09908
W09909,Siddharth Shah,+91 90000 09909
W09910,Ravi Reddy,+91 90000 09910
W09911,Aman Joshi,+91 90000 09911
W09912,Akash Bhat,+91 90000 09912
W09913,Varun Iyer,+91 90000 09913
W09914,Nikhil Rao,+91 90000 09914
W09915,Sanjay Kapoor,+91 90000 09915
W09916,Priya Nair,+91 90000 09916
W09917,Ananya Das,+91 90000 09917
W09918,Isha Mishra,+91 90000 09918
W09919,Kavya Mehta,+91 90000 09919
W09920,Neha Menon,+91 90000 09920
W09921,Pooja Sharma,+91 90000 09921
W09922,Sneha Verma,+91 90000 09922
W09923,Meera Chopra,+91 90000 09923
W09924,Riya Kumar,+91 90000 09924
W09925,Aditi Gupta,+91 90000 09925
W09926,Aarav Malhotra,+91 90000 09926
W09927,Vihaan Patel,+91 90000 09927
W09928,Aditya Singh,+91 90000 09928
W09929,Arjun Shah,+91 90000 09929
W09930,Rohan Reddy,+91 90000 09930
W09931,Rahul Joshi,+91 90000 09931
W09932,Karan Bhat,+91 90000 09932
W09933,Vikram Iyer,+91 90000 09933
W09934,Siddharth Rao,+91 90000 09934
W09935,Ravi Kapoor,+91 90000 09935
W09936,Aman Nair,+91 90000 09936
W09937,Akash Das,+91 90000 09937
W09938,Varun Mishra,+91 90000 09938
W09939,Nikhil Mehta,+91 90000 09939
W09940,Sanjay Menon,+91 90000 09940
W09941,Priya Sharma,+91 90000 09941
W09942,Ananya Verma,+91 90000 09942
W09943,Isha Chopra,+91 90000 09943
W09944,Kavya Kumar,+91 90000 09944
W09945,Neha Gupta,+91 90000 09945
W09946,Pooja Malhotra,+91 90000 09946
W09947,Sneha Patel,+91 90000 09947
W09948,Meera Singh,+91 90000 09948
W09949,Riya Shah,+91 90000 09949
W09950,Aditi Reddy,+91 90000 09950
W09951,Aarav Joshi,+91 90000 09951
W09952,Vihaan Bhat,+91 90000 09952
W09953,Aditya Iyer,+91 90000 09953
W09954,Arjun Rao,+91 90000 09954
W09955,Rohan Kapoor,+91 90000 09955
W09956,Rahul Nair,+91 90000 09956
W09957,Karan Das,+91 90000 09957
W09958,Vikram Mishra,+91 90000 09958
W09959,Siddharth Mehta,+91 90000 09959
W09960,Ravi Menon,+91 90000 09960
W09961,Aman Sharma,+91 90000 09961
W09962,Akash Verma,+91 90000 09962
W09963,Varun Chopra,+91 90000 09963
W09964,Nikhil Kumar,+91 90000 09964
W09965,Sanjay Gupta,+91 90000 09965
W09966,Priya Malhotra,+91 90000 09966
W09967,Ananya Patel,+91 90000 09967
W09968,Isha Singh,+91 90000 09968
W09969,Kavya Shah,+91 90000 09969
W09970,Neha Reddy,+91 90000 09970
W09971,Pooja Joshi,+91 90000 09971
W09972,Sneha Bhat,+91 90000 09972
W09973,Meera Iyer,+91 90000 09973
W09974,Riya Rao,+91 90000 09974
W09975,Aditi Kapoor,+91 90000 09975
W09976,Aarav Nair,+91 90000 09976
W09977,Vihaan Das,+91 90000 09977
W09978,Aditya Mishra,+91 90000 09978
W09979,Arjun Mehta,+91 90000 09979
W09980,Rohan Menon,+91 90000 09980
W09981,Rahul Sharma,+91 90000 09981
W09982,Karan Verma,+91 90000 09982
W09983,Vikram Chopra,+91 90000 09983
W09984,Siddharth Kumar,+91 90000 09984
W09985,Ravi Gupta,+91 90000 09985
W09986,Aman Malhotra,+91 90000 09986
W09987,Akash Patel,+91 90000 09987
W09988,Varun Singh,+91 90000 09988
W09989,Nikhil Shah,+91 90000 09989
W09990,Sanjay Reddy,+91 90000 09990
W09991,Priya Joshi,+91 90000 09991
W09992,Ananya Bhat,+91 90000 09992
W09993,Isha Iyer,+91 90000 09993
W09994,Kavya Rao,+91 90000 09994
W09995,Neha Kapoor,+91 90000 09995
W09996,Pooja Nair,+91 90000 09996
W09997,Sneha Das,+91 90000 09997
W09998,Meera Mishra,+91 90000 09998
W09999,Riya Mehta,+91 90000 09999
W10000,Aditi Menon,+91 90000 10000
